competition_id;competition_name;country;season;season_label;fixture_id;date;round;team_id;team_name;home_away;opponent_id;opponent_name;opponent_logo;goals_for;goals_against;score;result;recency_order
61;Ligue 1;France;2022;2022-2023;871844;2023-06-03T19:00:00+00:00;Regular Season - 38;77;Angers;away;83;Nantes;https://media.api-sports.io/football/teams/83.png;0;1;0-1;D;1
61;Ligue 1;France;2022;2022-2023;871830;2023-05-27T19:00:00+00:00;Regular Season - 37;77;Angers;home;110;Estac Troyes;https://media.api-sports.io/football/teams/110.png;2;1;2-1;V;2
61;Ligue 1;France;2022;2022-2023;871828;2023-05-21T13:00:00+00:00;Regular Season - 36;77;Angers;away;93;Reims;https://media.api-sports.io/football/teams/93.png;2;2;2-2;N;3
61;Ligue 1;France;2022;2022-2023;871813;2023-05-14T18:45:00+00:00;Regular Season - 35;77;Angers;away;81;Marseille;https://media.api-sports.io/football/teams/81.png;1;3;1-3;D;4
61;Ligue 1;France;2022;2022-2023;871802;2023-05-07T11:00:00+00:00;Regular Season - 34;77;Angers;home;91;Monaco;https://media.api-sports.io/football/teams/91.png;1;2;1-2;D;5
61;Ligue 1;France;2022;2022-2023;871849;2023-06-03T19:00:00+00:00;Regular Season - 38;79;Lille;away;110;Estac Troyes;https://media.api-sports.io/football/teams/110.png;1;1;1-1;N;1
61;Ligue 1;France;2022;2022-2023;871832;2023-05-27T19:00:00+00:00;Regular Season - 37;79;Lille;home;83;Nantes;https://media.api-sports.io/football/teams/83.png;2;1;2-1;V;2
61;Ligue 1;France;2022;2022-2023;871824;2023-05-20T19:00:00+00:00;Regular Season - 36;79;Lille;home;81;Marseille;https://media.api-sports.io/football/teams/81.png;2;1;2-1;V;3
61;Ligue 1;France;2022;2022-2023;871810;2023-05-14T15:05:00+00:00;Regular Season - 35;79;Lille;away;91;Monaco;https://media.api-sports.io/football/teams/91.png;0;0;0-0;N;4
61;Ligue 1;France;2022;2022-2023;871808;2023-05-06T17:00:00+00:00;Regular Season - 34;79;Lille;away;93;Reims;https://media.api-sports.io/football/teams/93.png;0;1;0-1;D;5
61;Ligue 1;France;2022;2022-2023;871845;2023-06-03T19:00:00+00:00;Regular Season - 38;80;Lyon;away;84;Nice;https://media.api-sports.io/football/teams/84.png;1;3;1-3;D;1
61;Ligue 1;France;2022;2022-2023;871834;2023-05-27T19:00:00+00:00;Regular Season - 37;80;Lyon;home;93;Reims;https://media.api-sports.io/football/teams/93.png;3;0;3-0;V;2
61;Ligue 1;France;2022;2022-2023;871826;2023-05-19T19:00:00+00:00;Regular Season - 36;80;Lyon;home;91;Monaco;https://media.api-sports.io/football/teams/91.png;3;1;3-1;V;3
61;Ligue 1;France;2022;2022-2023;871811;2023-05-14T11:00:00+00:00;Regular Season - 35;80;Lyon;away;99;Clermont Foot;https://media.api-sports.io/football/teams/99.png;1;2;1-2;D;4
61;Ligue 1;France;2022;2022-2023;871806;2023-05-07T15:05:00+00:00;Regular Season - 34;80;Lyon;home;82;Montpellier;https://media.api-sports.io/football/teams/82.png;5;4;5-4;V;5
61;Ligue 1;France;2022;2022-2023;871840;2023-06-03T19:00:00+00:00;Regular Season - 38;81;Marseille;away;98;Ajaccio;https://media.api-sports.io/football/teams/98.png;0;1;0-1;D;1
61;Ligue 1;France;2022;2022-2023;871835;2023-05-27T19:00:00+00:00;Regular Season - 37;81;Marseille;home;106;Stade Brestois 29;https://media.api-sports.io/football/teams/106.png;1;2;1-2;D;2
61;Ligue 1;France;2022;2022-2023;871824;2023-05-20T19:00:00+00:00;Regular Season - 36;81;Marseille;away;79;Lille;https://media.api-sports.io/football/teams/79.png;1;2;1-2;D;3
61;Ligue 1;France;2022;2022-2023;871813;2023-05-14T18:45:00+00:00;Regular Season - 35;81;Marseille;home;77;Angers;https://media.api-sports.io/football/teams/77.png;3;1;3-1;V;4
61;Ligue 1;France;2022;2022-2023;871807;2023-05-06T19:00:00+00:00;Regular Season - 34;81;Marseille;away;116;Lens;https://media.api-sports.io/football/teams/116.png;1;2;1-2;D;5
61;Ligue 1;France;2022;2022-2023;871848;2023-06-03T19:00:00+00:00;Regular Season - 38;82;Montpellier;away;93;Reims;https://media.api-sports.io/football/teams/93.png;3;1;3-1;V;1
61;Ligue 1;France;2022;2022-2023;871833;2023-05-27T19:00:00+00:00;Regular Season - 37;82;Montpellier;home;84;Nice;https://media.api-sports.io/football/teams/84.png;2;3;2-3;D;2
61;Ligue 1;France;2022;2022-2023;871823;2023-05-20T15:00:00+00:00;Regular Season - 36;82;Montpellier;away;83;Nantes;https://media.api-sports.io/football/teams/83.png;3;0;3-0;V;3
61;Ligue 1;France;2022;2022-2023;871812;2023-05-14T13:00:00+00:00;Regular Season - 35;82;Montpellier;home;97;Lorient;https://media.api-sports.io/football/teams/97.png;1;1;1-1;N;4
61;Ligue 1;France;2022;2022-2023;871806;2023-05-07T15:05:00+00:00;Regular Season - 34;82;Montpellier;away;80;Lyon;https://media.api-sports.io/football/teams/80.png;4;5;4-5;D;5
61;Ligue 1;France;2022;2022-2023;871844;2023-06-03T19:00:00+00:00;Regular Season - 38;83;Nantes;home;77;Angers;https://media.api-sports.io/football/teams/77.png;1;0;1-0;V;1
61;Ligue 1;France;2022;2022-2023;871832;2023-05-27T19:00:00+00:00;Regular Season - 37;83;Nantes;away;79;Lille;https://media.api-sports.io/football/teams/79.png;1;2;1-2;D;2
61;Ligue 1;France;2022;2022-2023;871823;2023-05-20T15:00:00+00:00;Regular Season - 36;83;Nantes;home;82;Montpellier;https://media.api-sports.io/football/teams/82.png;0;3;0-3;D;3
61;Ligue 1;France;2022;2022-2023;871819;2023-05-14T14:30:00+00:00;Regular Season - 35;83;Nantes;away;96;Toulouse;https://media.api-sports.io/football/teams/96.png;0;0;0-0;N;4
61;Ligue 1;France;2022;2022-2023;871804;2023-05-07T13:00:00+00:00;Regular Season - 34;83;Nantes;home;95;Strasbourg;https://media.api-sports.io/football/teams/95.png;0;2;0-2;D;5
61;Ligue 1;France;2022;2022-2023;871845;2023-06-03T19:00:00+00:00;Regular Season - 38;84;Nice;home;80;Lyon;https://media.api-sports.io/football/teams/80.png;3;1;3-1;V;1
61;Ligue 1;France;2022;2022-2023;871833;2023-05-27T19:00:00+00:00;Regular Season - 37;84;Nice;away;82;Montpellier;https://media.api-sports.io/football/teams/82.png;3;2;3-2;V;2
61;Ligue 1;France;2022;2022-2023;871825;2023-05-21T13:00:00+00:00;Regular Season - 36;84;Nice;home;96;Toulouse;https://media.api-sports.io/football/teams/96.png;0;0;0-0;N;3
61;Ligue 1;France;2022;2022-2023;871816;2023-05-13T15:00:00+00:00;Regular Season - 35;84;Nice;away;95;Strasbourg;https://media.api-sports.io/football/teams/95.png;0;2;0-2;D;4
61;Ligue 1;France;2022;2022-2023;871805;2023-05-06T15:00:00+00:00;Regular Season - 34;84;Nice;home;94;Rennes;https://media.api-sports.io/football/teams/94.png;2;1;2-1;V;5
61;Ligue 1;France;2022;2022-2023;871846;2023-06-03T19:00:00+00:00;Regular Season - 38;85;Paris Saint Germain;home;99;Clermont Foot;https://media.api-sports.io/football/teams/99.png;2;3;2-3;D;1
61;Ligue 1;France;2022;2022-2023;871837;2023-05-27T19:00:00+00:00;Regular Season - 37;85;Paris Saint Germain;away;95;Strasbourg;https://media.api-sports.io/football/teams/95.png;1;1;1-1;N;2
61;Ligue 1;France;2022;2022-2023;871821;2023-05-21T18:45:00+00:00;Regular Season - 36;85;Paris Saint Germain;away;108;Auxerre;https://media.api-sports.io/football/teams/108.png;2;1;2-1;V;3
61;Ligue 1;France;2022;2022-2023;871814;2023-05-13T19:00:00+00:00;Regular Season - 35;85;Paris Saint Germain;home;98;Ajaccio;https://media.api-sports.io/football/teams/98.png;5;0;5-0;V;4
61;Ligue 1;France;2022;2022-2023;871809;2023-05-07T18:45:00+00:00;Regular Season - 34;85;Paris Saint Germain;away;110;Estac Troyes;https://media.api-sports.io/football/teams/110.png;3;1;3-1;V;5
61;Ligue 1;France;2022;2022-2023;871842;2023-06-03T19:00:00+00:00;Regular Season - 38;91;Monaco;home;96;Toulouse;https://media.api-sports.io/football/teams/96.png;1;2;1-2;D;1
61;Ligue 1;France;2022;2022-2023;871838;2023-05-27T19:00:00+00:00;Regular Season - 37;91;Monaco;away;94;Rennes;https://media.api-sports.io/football/teams/94.png;0;2;0-2;D;2
61;Ligue 1;France;2022;2022-2023;871826;2023-05-19T19:00:00+00:00;Regular Season - 36;91;Monaco;away;80;Lyon;https://media.api-sports.io/football/teams/80.png;1;3;1-3;D;3
61;Ligue 1;France;2022;2022-2023;871810;2023-05-14T15:05:00+00:00;Regular Season - 35;91;Monaco;home;79;Lille;https://media.api-sports.io/football/teams/79.png;0;0;0-0;N;4
61;Ligue 1;France;2022;2022-2023;871802;2023-05-07T11:00:00+00:00;Regular Season - 34;91;Monaco;away;77;Angers;https://media.api-sports.io/football/teams/77.png;2;1;2-1;V;5
61;Ligue 1;France;2022;2022-2023;871848;2023-06-03T19:00:00+00:00;Regular Season - 38;93;Reims;home;82;Montpellier;https://media.api-sports.io/football/teams/82.png;1;3;1-3;D;1
61;Ligue 1;France;2022;2022-2023;871834;2023-05-27T19:00:00+00:00;Regular Season - 37;93;Reims;away;80;Lyon;https://media.api-sports.io/football/teams/80.png;0;3;0-3;D;2
61;Ligue 1;France;2022;2022-2023;871828;2023-05-21T13:00:00+00:00;Regular Season - 36;93;Reims;home;77;Angers;https://media.api-sports.io/football/teams/77.png;2;2;2-2;N;3
61;Ligue 1;France;2022;2022-2023;871815;2023-05-12T19:00:00+00:00;Regular Season - 35;93;Reims;away;116;Lens;https://media.api-sports.io/football/teams/116.png;1;2;1-2;D;4
61;Ligue 1;France;2022;2022-2023;871808;2023-05-06T17:00:00+00:00;Regular Season - 34;93;Reims;home;79;Lille;https://media.api-sports.io/football/teams/79.png;1;0;1-0;V;5
61;Ligue 1;France;2022;2022-2023;871847;2023-06-03T19:00:00+00:00;Regular Season - 38;94;Rennes;away;106;Stade Brestois 29;https://media.api-sports.io/football/teams/106.png;2;1;2-1;V;1
61;Ligue 1;France;2022;2022-2023;871838;2023-05-27T19:00:00+00:00;Regular Season - 37;94;Rennes;home;91;Monaco;https://media.api-sports.io/football/teams/91.png;2;0;2-0;V;2
61;Ligue 1;France;2022;2022-2023;871820;2023-05-21T11:00:00+00:00;Regular Season - 36;94;Rennes;away;98;Ajaccio;https://media.api-sports.io/football/teams/98.png;5;0;5-0;V;3
61;Ligue 1;France;2022;2022-2023;871818;2023-05-14T13:00:00+00:00;Regular Season - 35;94;Rennes;home;110;Estac Troyes;https://media.api-sports.io/football/teams/110.png;4;0;4-0;V;4
61;Ligue 1;France;2022;2022-2023;871805;2023-05-06T15:00:00+00:00;Regular Season - 34;94;Rennes;away;84;Nice;https://media.api-sports.io/football/teams/84.png;1;2;1-2;D;5
61;Ligue 1;France;2022;2022-2023;871843;2023-06-03T19:00:00+00:00;Regular Season - 38;95;Strasbourg;away;97;Lorient;https://media.api-sports.io/football/teams/97.png;1;2;1-2;D;1
61;Ligue 1;France;2022;2022-2023;871837;2023-05-27T19:00:00+00:00;Regular Season - 37;95;Strasbourg;home;85;Paris Saint Germain;https://media.api-sports.io/football/teams/85.png;1;1;1-1;N;2
61;Ligue 1;France;2022;2022-2023;871829;2023-05-21T13:00:00+00:00;Regular Season - 36;95;Strasbourg;away;110;Estac Troyes;https://media.api-sports.io/football/teams/110.png;1;1;1-1;N;3
61;Ligue 1;France;2022;2022-2023;871816;2023-05-13T15:00:00+00:00;Regular Season - 35;95;Strasbourg;home;84;Nice;https://media.api-sports.io/football/teams/84.png;2;0;2-0;V;4
61;Ligue 1;France;2022;2022-2023;871804;2023-05-07T13:00:00+00:00;Regular Season - 34;95;Strasbourg;away;83;Nantes;https://media.api-sports.io/football/teams/83.png;2;0;2-0;V;5
61;Ligue 1;France;2022;2022-2023;871842;2023-06-03T19:00:00+00:00;Regular Season - 38;96;Toulouse;away;91;Monaco;https://media.api-sports.io/football/teams/91.png;2;1;2-1;V;1
61;Ligue 1;France;2022;2022-2023;871839;2023-05-27T19:00:00+00:00;Regular Season - 37;96;Toulouse;home;108;Auxerre;https://media.api-sports.io/football/teams/108.png;1;1;1-1;N;2
61;Ligue 1;France;2022;2022-2023;871825;2023-05-21T13:00:00+00:00;Regular Season - 36;96;Toulouse;away;84;Nice;https://media.api-sports.io/football/teams/84.png;0;0;0-0;N;3
61;Ligue 1;France;2022;2022-2023;871819;2023-05-14T14:30:00+00:00;Regular Season - 35;96;Toulouse;home;83;Nantes;https://media.api-sports.io/football/teams/83.png;0;0;0-0;N;4
61;Ligue 1;France;2022;2022-2023;871800;2023-05-07T13:00:00+00:00;Regular Season - 34;96;Toulouse;away;98;Ajaccio;https://media.api-sports.io/football/teams/98.png;0;0;0-0;N;5
61;Ligue 1;France;2022;2022-2023;871843;2023-06-03T19:00:00+00:00;Regular Season - 38;97;Lorient;home;95;Strasbourg;https://media.api-sports.io/football/teams/95.png;2;1;2-1;V;1
61;Ligue 1;France;2022;2022-2023;871831;2023-05-27T19:00:00+00:00;Regular Season - 37;97;Lorient;away;99;Clermont Foot;https://media.api-sports.io/football/teams/99.png;0;2;0-2;D;2
61;Ligue 1;France;2022;2022-2023;871822;2023-05-21T15:05:00+00:00;Regular Season - 36;97;Lorient;home;116;Lens;https://media.api-sports.io/football/teams/116.png;1;3;1-3;D;3
61;Ligue 1;France;2022;2022-2023;871812;2023-05-14T13:00:00+00:00;Regular Season - 35;97;Lorient;away;82;Montpellier;https://media.api-sports.io/football/teams/82.png;1;1;1-1;N;4
61;Ligue 1;France;2022;2022-2023;871803;2023-05-07T13:00:00+00:00;Regular Season - 34;97;Lorient;home;106;Stade Brestois 29;https://media.api-sports.io/football/teams/106.png;2;1;2-1;V;5
61;Ligue 1;France;2022;2022-2023;871840;2023-06-03T19:00:00+00:00;Regular Season - 38;98;Ajaccio;home;81;Marseille;https://media.api-sports.io/football/teams/81.png;1;0;1-0;V;1
61;Ligue 1;France;2022;2022-2023;871836;2023-05-27T19:00:00+00:00;Regular Season - 37;98;Ajaccio;away;116;Lens;https://media.api-sports.io/football/teams/116.png;0;3;0-3;D;2
61;Ligue 1;France;2022;2022-2023;871820;2023-05-21T11:00:00+00:00;Regular Season - 36;98;Ajaccio;home;94;Rennes;https://media.api-sports.io/football/teams/94.png;0;5;0-5;D;3
61;Ligue 1;France;2022;2022-2023;871814;2023-05-13T19:00:00+00:00;Regular Season - 35;98;Ajaccio;away;85;Paris Saint Germain;https://media.api-sports.io/football/teams/85.png;0;5;0-5;D;4
61;Ligue 1;France;2022;2022-2023;871800;2023-05-07T13:00:00+00:00;Regular Season - 34;98;Ajaccio;home;96;Toulouse;https://media.api-sports.io/football/teams/96.png;0;0;0-0;N;5
61;Ligue 1;France;2022;2022-2023;871846;2023-06-03T19:00:00+00:00;Regular Season - 38;99;Clermont Foot;away;85;Paris Saint Germain;https://media.api-sports.io/football/teams/85.png;3;2;3-2;V;1
61;Ligue 1;France;2022;2022-2023;871831;2023-05-27T19:00:00+00:00;Regular Season - 37;99;Clermont Foot;home;97;Lorient;https://media.api-sports.io/football/teams/97.png;2;0;2-0;V;2
61;Ligue 1;France;2022;2022-2023;871827;2023-05-21T13:00:00+00:00;Regular Season - 36;99;Clermont Foot;away;106;Stade Brestois 29;https://media.api-sports.io/football/teams/106.png;1;2;1-2;D;3
61;Ligue 1;France;2022;2022-2023;871811;2023-05-14T11:00:00+00:00;Regular Season - 35;99;Clermont Foot;home;80;Lyon;https://media.api-sports.io/football/teams/80.png;2;1;2-1;V;4
61;Ligue 1;France;2022;2022-2023;871801;2023-05-07T13:00:00+00:00;Regular Season - 34;99;Clermont Foot;away;108;Auxerre;https://media.api-sports.io/football/teams/108.png;1;1;1-1;N;5
61;Ligue 1;France;2022;2022-2023;871847;2023-06-03T19:00:00+00:00;Regular Season - 38;106;Stade Brestois 29;home;94;Rennes;https://media.api-sports.io/football/teams/94.png;1;2;1-2;D;1
61;Ligue 1;France;2022;2022-2023;871835;2023-05-27T19:00:00+00:00;Regular Season - 37;106;Stade Brestois 29;away;81;Marseille;https://media.api-sports.io/football/teams/81.png;2;1;2-1;V;2
61;Ligue 1;France;2022;2022-2023;871827;2023-05-21T13:00:00+00:00;Regular Season - 36;106;Stade Brestois 29;home;99;Clermont Foot;https://media.api-sports.io/football/teams/99.png;2;1;2-1;V;3
61;Ligue 1;France;2022;2022-2023;871817;2023-05-14T13:00:00+00:00;Regular Season - 35;106;Stade Brestois 29;home;108;Auxerre;https://media.api-sports.io/football/teams/108.png;1;0;1-0;V;4
61;Ligue 1;France;2022;2022-2023;871803;2023-05-07T13:00:00+00:00;Regular Season - 34;106;Stade Brestois 29;away;97;Lorient;https://media.api-sports.io/football/teams/97.png;1;2;1-2;D;5
61;Ligue 1;France;2022;2022-2023;871841;2023-06-03T19:00:00+00:00;Regular Season - 38;108;Auxerre;home;116;Lens;https://media.api-sports.io/football/teams/116.png;1;3;1-3;D;1
61;Ligue 1;France;2022;2022-2023;871839;2023-05-27T19:00:00+00:00;Regular Season - 37;108;Auxerre;away;96;Toulouse;https://media.api-sports.io/football/teams/96.png;1;1;1-1;N;2
61;Ligue 1;France;2022;2022-2023;871821;2023-05-21T18:45:00+00:00;Regular Season - 36;108;Auxerre;home;85;Paris Saint Germain;https://media.api-sports.io/football/teams/85.png;1;2;1-2;D;3
61;Ligue 1;France;2022;2022-2023;871817;2023-05-14T13:00:00+00:00;Regular Season - 35;108;Auxerre;away;106;Stade Brestois 29;https://media.api-sports.io/football/teams/106.png;0;1;0-1;D;4
61;Ligue 1;France;2022;2022-2023;871801;2023-05-07T13:00:00+00:00;Regular Season - 34;108;Auxerre;home;99;Clermont Foot;https://media.api-sports.io/football/teams/99.png;1;1;1-1;N;5
61;Ligue 1;France;2022;2022-2023;871849;2023-06-03T19:00:00+00:00;Regular Season - 38;110;Estac Troyes;home;79;Lille;https://media.api-sports.io/football/teams/79.png;1;1;1-1;N;1
61;Ligue 1;France;2022;2022-2023;871830;2023-05-27T19:00:00+00:00;Regular Season - 37;110;Estac Troyes;away;77;Angers;https://media.api-sports.io/football/teams/77.png;1;2;1-2;D;2
61;Ligue 1;France;2022;2022-2023;871829;2023-05-21T13:00:00+00:00;Regular Season - 36;110;Estac Troyes;home;95;Strasbourg;https://media.api-sports.io/football/teams/95.png;1;1;1-1;N;3
61;Ligue 1;France;2022;2022-2023;871818;2023-05-14T13:00:00+00:00;Regular Season - 35;110;Estac Troyes;away;94;Rennes;https://media.api-sports.io/football/teams/94.png;0;4;0-4;D;4
61;Ligue 1;France;2022;2022-2023;871809;2023-05-07T18:45:00+00:00;Regular Season - 34;110;Estac Troyes;home;85;Paris Saint Germain;https://media.api-sports.io/football/teams/85.png;1;3;1-3;D;5
61;Ligue 1;France;2022;2022-2023;871841;2023-06-03T19:00:00+00:00;Regular Season - 38;116;Lens;away;108;Auxerre;https://media.api-sports.io/football/teams/108.png;3;1;3-1;V;1
61;Ligue 1;France;2022;2022-2023;871836;2023-05-27T19:00:00+00:00;Regular Season - 37;116;Lens;home;98;Ajaccio;https://media.api-sports.io/football/teams/98.png;3;0;3-0;V;2
61;Ligue 1;France;2022;2022-2023;871822;2023-05-21T15:05:00+00:00;Regular Season - 36;116;Lens;away;97;Lorient;https://media.api-sports.io/football/teams/97.png;3;1;3-1;V;3
61;Ligue 1;France;2022;2022-2023;871815;2023-05-12T19:00:00+00:00;Regular Season - 35;116;Lens;home;93;Reims;https://media.api-sports.io/football/teams/93.png;2;1;2-1;V;4
61;Ligue 1;France;2022;2022-2023;871807;2023-05-06T19:00:00+00:00;Regular Season - 34;116;Lens;home;81;Marseille;https://media.api-sports.io/football/teams/81.png;2;1;2-1;V;5
61;Ligue 1;France;2023;2023-2024;1045181;2024-05-19T19:00:00+00:00;Regular Season - 34;79;Lille;home;84;Nice;https://media.api-sports.io/football/teams/84.png;2;2;2-2;N;1
61;Ligue 1;France;2023;2023-2024;1045175;2024-05-12T19:00:00+00:00;Regular Season - 33;79;Lille;away;83;Nantes;https://media.api-sports.io/football/teams/83.png;2;1;2-1;V;2
61;Ligue 1;France;2023;2023-2024;1045162;2024-05-06T19:00:00+00:00;Regular Season - 32;79;Lille;home;80;Lyon;https://media.api-sports.io/football/teams/80.png;3;4;3-4;D;3
61;Ligue 1;France;2023;2023-2024;1045158;2024-04-28T11:00:00+00:00;Regular Season - 31;79;Lille;away;112;Metz;https://media.api-sports.io/football/teams/112.png;2;1;2-1;V;4
61;Ligue 1;France;2023;2023-2024;1045137;2024-04-24T19:00:00+00:00;Regular Season - 29;79;Lille;away;91;Monaco;https://media.api-sports.io/football/teams/91.png;0;1;0-1;D;5
61;Ligue 1;France;2023;2023-2024;1045182;2024-05-19T19:00:00+00:00;Regular Season - 34;80;Lyon;home;95;Strasbourg;https://media.api-sports.io/football/teams/95.png;2;1;2-1;V;1
61;Ligue 1;France;2023;2023-2024;1045174;2024-05-12T19:00:00+00:00;Regular Season - 33;80;Lyon;away;99;Clermont Foot;https://media.api-sports.io/football/teams/99.png;1;0;1-0;V;2
61;Ligue 1;France;2023;2023-2024;1045162;2024-05-06T19:00:00+00:00;Regular Season - 32;80;Lyon;away;79;Lille;https://media.api-sports.io/football/teams/79.png;4;3;4-3;V;3
61;Ligue 1;France;2023;2023-2024;1045156;2024-04-28T17:00:00+00:00;Regular Season - 31;80;Lyon;home;91;Monaco;https://media.api-sports.io/football/teams/91.png;3;2;3-2;V;4
61;Ligue 1;France;2023;2023-2024;1045142;2024-04-21T19:00:00+00:00;Regular Season - 30;80;Lyon;away;85;Paris Saint Germain;https://media.api-sports.io/football/teams/85.png;1;4;1-4;D;5
61;Ligue 1;France;2023;2023-2024;1045185;2024-05-19T19:00:00+00:00;Regular Season - 34;81;Marseille;away;111;Le Havre;https://media.api-sports.io/football/teams/111.png;2;1;2-1;V;1
61;Ligue 1;France;2023;2023-2024;1045164;2024-05-15T19:00:00+00:00;Regular Season - 32;81;Marseille;away;93;Reims;https://media.api-sports.io/football/teams/93.png;0;1;0-1;D;2
61;Ligue 1;France;2023;2023-2024;1045172;2024-05-12T19:00:00+00:00;Regular Season - 33;81;Marseille;home;97;Lorient;https://media.api-sports.io/football/teams/97.png;3;1;3-1;V;3
61;Ligue 1;France;2023;2023-2024;1045154;2024-04-28T19:00:00+00:00;Regular Season - 31;81;Marseille;home;116;Lens;https://media.api-sports.io/football/teams/116.png;2;1;2-1;V;4
61;Ligue 1;France;2023;2023-2024;1045135;2024-04-24T19:00:00+00:00;Regular Season - 29;81;Marseille;home;84;Nice;https://media.api-sports.io/football/teams/84.png;2;2;2-2;N;5
61;Ligue 1;France;2023;2023-2024;1045184;2024-05-19T19:00:00+00:00;Regular Season - 34;82;Montpellier;away;116;Lens;https://media.api-sports.io/football/teams/116.png;2;2;2-2;N;1
61;Ligue 1;France;2023;2023-2024;1045176;2024-05-12T19:00:00+00:00;Regular Season - 33;82;Montpellier;home;91;Monaco;https://media.api-sports.io/football/teams/91.png;0;2;0-2;D;2
61;Ligue 1;France;2023;2023-2024;1045160;2024-05-03T17:00:00+00:00;Regular Season - 32;82;Montpellier;away;96;Toulouse;https://media.api-sports.io/football/teams/96.png;2;1;2-1;V;3
61;Ligue 1;France;2023;2023-2024;1045159;2024-04-26T19:00:00+00:00;Regular Season - 31;82;Montpellier;home;83;Nantes;https://media.api-sports.io/football/teams/83.png;1;1;1-1;N;4
61;Ligue 1;France;2023;2023-2024;1045146;2024-04-21T13:00:00+00:00;Regular Season - 30;82;Montpellier;away;93;Reims;https://media.api-sports.io/football/teams/93.png;2;1;2-1;V;5
61;Ligue 1;France;2023;2023-2024;1045180;2024-05-19T19:00:00+00:00;Regular Season - 34;83;Nantes;away;91;Monaco;https://media.api-sports.io/football/teams/91.png;0;4;0-4;D;1
61;Ligue 1;France;2023;2023-2024;1045175;2024-05-12T19:00:00+00:00;Regular Season - 33;83;Nantes;home;79;Lille;https://media.api-sports.io/football/teams/79.png;1;2;1-2;D;2
61;Ligue 1;France;2023;2023-2024;1045168;2024-05-04T19:00:00+00:00;Regular Season - 32;83;Nantes;away;106;Stade Brestois 29;https://media.api-sports.io/football/teams/106.png;0;0;0-0;N;3
61;Ligue 1;France;2023;2023-2024;1045159;2024-04-26T19:00:00+00:00;Regular Season - 31;83;Nantes;away;82;Montpellier;https://media.api-sports.io/football/teams/82.png;1;1;1-1;N;4
61;Ligue 1;France;2023;2023-2024;1045148;2024-04-20T15:00:00+00:00;Regular Season - 30;83;Nantes;home;94;Rennes;https://media.api-sports.io/football/teams/94.png;0;3;0-3;D;5
61;Ligue 1;France;2023;2023-2024;1045181;2024-05-19T19:00:00+00:00;Regular Season - 34;84;Nice;away;79;Lille;https://media.api-sports.io/football/teams/79.png;2;2;2-2;N;1
61;Ligue 1;France;2023;2023-2024;1045163;2024-05-15T19:00:00+00:00;Regular Season - 32;84;Nice;home;85;Paris Saint Germain;https://media.api-sports.io/football/teams/85.png;1;2;1-2;D;2
61;Ligue 1;France;2023;2023-2024;1045173;2024-05-10T19:00:00+00:00;Regular Season - 33;84;Nice;home;111;Le Havre;https://media.api-sports.io/football/teams/111.png;1;0;1-0;V;3
61;Ligue 1;France;2023;2023-2024;1045152;2024-04-28T13:00:00+00:00;Regular Season - 31;84;Nice;away;95;Strasbourg;https://media.api-sports.io/football/teams/95.png;3;1;3-1;V;4
61;Ligue 1;France;2023;2023-2024;1045135;2024-04-24T19:00:00+00:00;Regular Season - 29;84;Nice;away;81;Marseille;https://media.api-sports.io/football/teams/81.png;2;2;2-2;N;5
61;Ligue 1;France;2023;2023-2024;1045186;2024-05-19T19:00:00+00:00;Regular Season - 34;85;Paris Saint Germain;away;112;Metz;https://media.api-sports.io/football/teams/112.png;2;0;2-0;V;1
61;Ligue 1;France;2023;2023-2024;1045163;2024-05-15T19:00:00+00:00;Regular Season - 32;85;Paris Saint Germain;away;84;Nice;https://media.api-sports.io/football/teams/84.png;2;1;2-1;V;2
61;Ligue 1;France;2023;2023-2024;1045169;2024-05-12T19:00:00+00:00;Regular Season - 33;85;Paris Saint Germain;home;96;Toulouse;https://media.api-sports.io/football/teams/96.png;1;3;1-3;D;3
61;Ligue 1;France;2023;2023-2024;1045151;2024-04-27T19:00:00+00:00;Regular Season - 31;85;Paris Saint Germain;home;111;Le Havre;https://media.api-sports.io/football/teams/111.png;3;3;3-3;N;4
61;Ligue 1;France;2023;2023-2024;1045136;2024-04-24T17:00:00+00:00;Regular Season - 29;85;Paris Saint Germain;away;97;Lorient;https://media.api-sports.io/football/teams/97.png;4;1;4-1;V;5
61;Ligue 1;France;2023;2023-2024;1045180;2024-05-19T19:00:00+00:00;Regular Season - 34;91;Monaco;home;83;Nantes;https://media.api-sports.io/football/teams/83.png;4;0;4-0;V;1
61;Ligue 1;France;2023;2023-2024;1045176;2024-05-12T19:00:00+00:00;Regular Season - 33;91;Monaco;away;82;Montpellier;https://media.api-sports.io/football/teams/82.png;2;0;2-0;V;2
61;Ligue 1;France;2023;2023-2024;1045161;2024-05-04T15:00:00+00:00;Regular Season - 32;91;Monaco;home;99;Clermont Foot;https://media.api-sports.io/football/teams/99.png;4;1;4-1;V;3
61;Ligue 1;France;2023;2023-2024;1045156;2024-04-28T17:00:00+00:00;Regular Season - 31;91;Monaco;away;80;Lyon;https://media.api-sports.io/football/teams/80.png;2;3;2-3;D;4
61;Ligue 1;France;2023;2023-2024;1045137;2024-04-24T19:00:00+00:00;Regular Season - 29;91;Monaco;home;79;Lille;https://media.api-sports.io/football/teams/79.png;1;0;1-0;V;5
61;Ligue 1;France;2023;2023-2024;1045183;2024-05-19T19:00:00+00:00;Regular Season - 34;93;Reims;home;94;Rennes;https://media.api-sports.io/football/teams/94.png;2;1;2-1;V;1
61;Ligue 1;France;2023;2023-2024;1045164;2024-05-15T19:00:00+00:00;Regular Season - 32;93;Reims;home;81;Marseille;https://media.api-sports.io/football/teams/81.png;1;0;1-0;V;2
61;Ligue 1;France;2023;2023-2024;1045177;2024-05-10T19:00:00+00:00;Regular Season - 33;93;Reims;away;106;Stade Brestois 29;https://media.api-sports.io/football/teams/106.png;1;1;1-1;N;3
61;Ligue 1;France;2023;2023-2024;1045157;2024-04-28T13:00:00+00:00;Regular Season - 31;93;Reims;away;99;Clermont Foot;https://media.api-sports.io/football/teams/99.png;1;4;1-4;D;4
61;Ligue 1;France;2023;2023-2024;1045146;2024-04-21T13:00:00+00:00;Regular Season - 30;93;Reims;home;82;Montpellier;https://media.api-sports.io/football/teams/82.png;1;2;1-2;D;5
61;Ligue 1;France;2023;2023-2024;1045183;2024-05-19T19:00:00+00:00;Regular Season - 34;94;Rennes;away;93;Reims;https://media.api-sports.io/football/teams/93.png;1;2;1-2;D;1
61;Ligue 1;France;2023;2023-2024;1045171;2024-05-12T19:00:00+00:00;Regular Season - 33;94;Rennes;home;116;Lens;https://media.api-sports.io/football/teams/116.png;1;1;1-1;N;2
61;Ligue 1;France;2023;2023-2024;1045167;2024-05-04T17:00:00+00:00;Regular Season - 32;94;Rennes;away;112;Metz;https://media.api-sports.io/football/teams/112.png;3;2;3-2;V;3
61;Ligue 1;France;2023;2023-2024;1045153;2024-04-28T15:05:00+00:00;Regular Season - 31;94;Rennes;home;106;Stade Brestois 29;https://media.api-sports.io/football/teams/106.png;4;5;4-5;D;4
61;Ligue 1;France;2023;2023-2024;1045148;2024-04-20T15:00:00+00:00;Regular Season - 30;94;Rennes;away;83;Nantes;https://media.api-sports.io/football/teams/83.png;3;0;3-0;V;5
61;Ligue 1;France;2023;2023-2024;1045182;2024-05-19T19:00:00+00:00;Regular Season - 34;95;Strasbourg;away;80;Lyon;https://media.api-sports.io/football/teams/80.png;1;2;1-2;D;1
61;Ligue 1;France;2023;2023-2024;1045170;2024-05-12T19:00:00+00:00;Regular Season - 33;95;Strasbourg;home;112;Metz;https://media.api-sports.io/football/teams/112.png;2;1;2-1;V;2
61;Ligue 1;France;2023;2023-2024;1045166;2024-05-04T13:00:00+00:00;Regular Season - 32;95;Strasbourg;away;111;Le Havre;https://media.api-sports.io/football/teams/111.png;1;3;1-3;D;3
61;Ligue 1;France;2023;2023-2024;1045152;2024-04-28T13:00:00+00:00;Regular Season - 31;95;Strasbourg;home;84;Nice;https://media.api-sports.io/football/teams/84.png;1;3;1-3;D;4
61;Ligue 1;France;2023;2023-2024;1045144;2024-04-21T13:00:00+00:00;Regular Season - 30;95;Strasbourg;away;79;Lille;https://media.api-sports.io/football/teams/79.png;0;1;0-1;D;5
61;Ligue 1;France;2023;2023-2024;1045178;2024-05-19T19:00:00+00:00;Regular Season - 34;96;Toulouse;home;106;Stade Brestois 29;https://media.api-sports.io/football/teams/106.png;0;3;0-3;D;1
61;Ligue 1;France;2023;2023-2024;1045169;2024-05-12T19:00:00+00:00;Regular Season - 33;96;Toulouse;away;85;Paris Saint Germain;https://media.api-sports.io/football/teams/85.png;3;1;3-1;V;2
61;Ligue 1;France;2023;2023-2024;1045160;2024-05-03T17:00:00+00:00;Regular Season - 32;96;Toulouse;home;82;Montpellier;https://media.api-sports.io/football/teams/82.png;1;2;1-2;D;3
61;Ligue 1;France;2023;2023-2024;1045155;2024-04-28T13:00:00+00:00;Regular Season - 31;96;Toulouse;away;97;Lorient;https://media.api-sports.io/football/teams/97.png;2;1;2-1;V;4
61;Ligue 1;France;2023;2023-2024;1045143;2024-04-21T17:00:00+00:00;Regular Season - 30;96;Toulouse;home;81;Marseille;https://media.api-sports.io/football/teams/81.png;2;2;2-2;N;5
61;Ligue 1;France;2023;2023-2024;1045179;2024-05-19T19:00:00+00:00;Regular Season - 34;97;Lorient;home;99;Clermont Foot;https://media.api-sports.io/football/teams/99.png;5;0;5-0;V;1
61;Ligue 1;France;2023;2023-2024;1045172;2024-05-12T19:00:00+00:00;Regular Season - 33;97;Lorient;away;81;Marseille;https://media.api-sports.io/football/teams/81.png;1;3;1-3;D;2
61;Ligue 1;France;2023;2023-2024;1045165;2024-05-03T19:00:00+00:00;Regular Season - 32;97;Lorient;away;116;Lens;https://media.api-sports.io/football/teams/116.png;0;2;0-2;D;3
61;Ligue 1;France;2023;2023-2024;1045155;2024-04-28T13:00:00+00:00;Regular Season - 31;97;Lorient;home;96;Toulouse;https://media.api-sports.io/football/teams/96.png;1;2;1-2;D;4
61;Ligue 1;France;2023;2023-2024;1045136;2024-04-24T17:00:00+00:00;Regular Season - 29;97;Lorient;home;85;Paris Saint Germain;https://media.api-sports.io/football/teams/85.png;1;4;1-4;D;5
61;Ligue 1;France;2023;2023-2024;1045179;2024-05-19T19:00:00+00:00;Regular Season - 34;99;Clermont Foot;away;97;Lorient;https://media.api-sports.io/football/teams/97.png;0;5;0-5;D;1
61;Ligue 1;France;2023;2023-2024;1045174;2024-05-12T19:00:00+00:00;Regular Season - 33;99;Clermont Foot;home;80;Lyon;https://media.api-sports.io/football/teams/80.png;0;1;0-1;D;2
61;Ligue 1;France;2023;2023-2024;1045161;2024-05-04T15:00:00+00:00;Regular Season - 32;99;Clermont Foot;away;91;Monaco;https://media.api-sports.io/football/teams/91.png;1;4;1-4;D;3
61;Ligue 1;France;2023;2023-2024;1045157;2024-04-28T13:00:00+00:00;Regular Season - 31;99;Clermont Foot;home;93;Reims;https://media.api-sports.io/football/teams/93.png;4;1;4-1;V;4
61;Ligue 1;France;2023;2023-2024;1045147;2024-04-20T19:00:00+00:00;Regular Season - 30;99;Clermont Foot;away;116;Lens;https://media.api-sports.io/football/teams/116.png;0;1;0-1;D;5
61;Ligue 1;France;2023;2023-2024;1045178;2024-05-19T19:00:00+00:00;Regular Season - 34;106;Stade Brestois 29;away;96;Toulouse;https://media.api-sports.io/football/teams/96.png;3;0;3-0;V;1
61;Ligue 1;France;2023;2023-2024;1045177;2024-05-10T19:00:00+00:00;Regular Season - 33;106;Stade Brestois 29;home;93;Reims;https://media.api-sports.io/football/teams/93.png;1;1;1-1;N;2
61;Ligue 1;France;2023;2023-2024;1045168;2024-05-04T19:00:00+00:00;Regular Season - 32;106;Stade Brestois 29;home;83;Nantes;https://media.api-sports.io/football/teams/83.png;0;0;0-0;N;3
61;Ligue 1;France;2023;2023-2024;1045153;2024-04-28T15:05:00+00:00;Regular Season - 31;106;Stade Brestois 29;away;94;Rennes;https://media.api-sports.io/football/teams/94.png;5;4;5-4;V;4
61;Ligue 1;France;2023;2023-2024;1045150;2024-04-21T15:05:00+00:00;Regular Season - 30;106;Stade Brestois 29;home;91;Monaco;https://media.api-sports.io/football/teams/91.png;0;2;0-2;D;5
61;Ligue 1;France;2023;2023-2024;1045185;2024-05-19T19:00:00+00:00;Regular Season - 34;111;Le Havre;home;81;Marseille;https://media.api-sports.io/football/teams/81.png;1;2;1-2;D;1
61;Ligue 1;France;2023;2023-2024;1045173;2024-05-10T19:00:00+00:00;Regular Season - 33;111;Le Havre;away;84;Nice;https://media.api-sports.io/football/teams/84.png;0;1;0-1;D;2
61;Ligue 1;France;2023;2023-2024;1045166;2024-05-04T13:00:00+00:00;Regular Season - 32;111;Le Havre;home;95;Strasbourg;https://media.api-sports.io/football/teams/95.png;3;1;3-1;V;3
61;Ligue 1;France;2023;2023-2024;1045151;2024-04-27T19:00:00+00:00;Regular Season - 31;111;Le Havre;away;85;Paris Saint Germain;https://media.api-sports.io/football/teams/85.png;3;3;3-3;N;4
61;Ligue 1;France;2023;2023-2024;1045149;2024-04-21T13:00:00+00:00;Regular Season - 30;111;Le Havre;home;112;Metz;https://media.api-sports.io/football/teams/112.png;0;1;0-1;D;5
61;Ligue 1;France;2023;2023-2024;1201624;2024-05-30T18:30:00+00:00;Relegation Round;112;Metz;away;1063;Saint Etienne;https://media.api-sports.io/football/teams/1063.png;1;2;1-2;D;1
61;Ligue 1;France;2023;2023-2024;1045186;2024-05-19T19:00:00+00:00;Regular Season - 34;112;Metz;home;85;Paris Saint Germain;https://media.api-sports.io/football/teams/85.png;0;2;0-2;D;2
61;Ligue 1;France;2023;2023-2024;1045170;2024-05-12T19:00:00+00:00;Regular Season - 33;112;Metz;away;95;Strasbourg;https://media.api-sports.io/football/teams/95.png;1;2;1-2;D;3
61;Ligue 1;France;2023;2023-2024;1045167;2024-05-04T17:00:00+00:00;Regular Season - 32;112;Metz;home;94;Rennes;https://media.api-sports.io/football/teams/94.png;2;3;2-3;D;4
61;Ligue 1;France;2023;2023-2024;1045158;2024-04-28T11:00:00+00:00;Regular Season - 31;112;Metz;home;79;Lille;https://media.api-sports.io/football/teams/79.png;1;2;1-2;D;5
61;Ligue 1;France;2023;2023-2024;1045184;2024-05-19T19:00:00+00:00;Regular Season - 34;116;Lens;home;82;Montpellier;https://media.api-sports.io/football/teams/82.png;2;2;2-2;N;1
61;Ligue 1;France;2023;2023-2024;1045171;2024-05-12T19:00:00+00:00;Regular Season - 33;116;Lens;away;94;Rennes;https://media.api-sports.io/football/teams/94.png;1;1;1-1;N;2
61;Ligue 1;France;2023;2023-2024;1045165;2024-05-03T19:00:00+00:00;Regular Season - 32;116;Lens;home;97;Lorient;https://media.api-sports.io/football/teams/97.png;2;0;2-0;V;3
61;Ligue 1;France;2023;2023-2024;1045154;2024-04-28T19:00:00+00:00;Regular Season - 31;116;Lens;away;81;Marseille;https://media.api-sports.io/football/teams/81.png;1;2;1-2;D;4
61;Ligue 1;France;2023;2023-2024;1045147;2024-04-20T19:00:00+00:00;Regular Season - 30;116;Lens;home;99;Clermont Foot;https://media.api-sports.io/football/teams/99.png;1;0;1-0;V;5
61;Ligue 1;France;2023;2023-2024;1201624;2024-05-30T18:30:00+00:00;Relegation Round;1063;Saint Etienne;home;112;Metz;https://media.api-sports.io/football/teams/112.png;2;1;2-1;V;1
61;Ligue 1;France;2024;2024-2025;1214045;2025-05-17T19:00:00+00:00;Regular Season - 34;77;Angers;away;80;Lyon;https://media.api-sports.io/football/teams/80.png;0;2;0-2;D;1
61;Ligue 1;France;2024;2024-2025;1214037;2025-05-10T19:00:00+00:00;Regular Season - 33;77;Angers;home;95;Strasbourg;https://media.api-sports.io/football/teams/95.png;2;1;2-1;V;2
61;Ligue 1;France;2024;2024-2025;1214031;2025-05-04T13:00:00+00:00;Regular Season - 32;77;Angers;away;83;Nantes;https://media.api-sports.io/football/teams/83.png;1;0;1-0;V;3
61;Ligue 1;France;2024;2024-2025;1214022;2025-04-27T13:00:00+00:00;Regular Season - 31;77;Angers;home;79;Lille;https://media.api-sports.io/football/teams/79.png;0;2;0-2;D;4
61;Ligue 1;France;2024;2024-2025;1214009;2025-04-20T15:15:00+00:00;Regular Season - 30;77;Angers;away;84;Nice;https://media.api-sports.io/football/teams/84.png;1;2;1-2;D;5
61;Ligue 1;France;2024;2024-2025;1214048;2025-05-17T19:00:00+00:00;Regular Season - 34;79;Lille;home;93;Reims;https://media.api-sports.io/football/teams/93.png;2;1;2-1;V;1
61;Ligue 1;France;2024;2024-2025;1214042;2025-05-10T19:00:00+00:00;Regular Season - 33;79;Lille;away;106;Stade Brestois 29;https://media.api-sports.io/football/teams/106.png;0;2;0-2;D;2
61;Ligue 1;France;2024;2024-2025;1214027;2025-05-04T18:45:00+00:00;Regular Season - 32;79;Lille;home;81;Marseille;https://media.api-sports.io/football/teams/81.png;1;1;1-1;N;3
61;Ligue 1;France;2024;2024-2025;1214022;2025-04-27T13:00:00+00:00;Regular Season - 31;79;Lille;away;77;Angers;https://media.api-sports.io/football/teams/77.png;2;0;2-0;V;4
61;Ligue 1;France;2024;2024-2025;1214011;2025-04-20T13:00:00+00:00;Regular Season - 30;79;Lille;home;108;Auxerre;https://media.api-sports.io/football/teams/108.png;3;1;3-1;V;5
61;Ligue 1;France;2024;2024-2025;1214045;2025-05-17T19:00:00+00:00;Regular Season - 34;80;Lyon;home;77;Angers;https://media.api-sports.io/football/teams/77.png;2;0;2-0;V;1
61;Ligue 1;France;2024;2024-2025;1214043;2025-05-10T19:00:00+00:00;Regular Season - 33;80;Lyon;away;91;Monaco;https://media.api-sports.io/football/teams/91.png;0;2;0-2;D;2
61;Ligue 1;France;2024;2024-2025;1214026;2025-05-04T15:15:00+00:00;Regular Season - 32;80;Lyon;home;116;Lens;https://media.api-sports.io/football/teams/116.png;1;2;1-2;D;3
61;Ligue 1;France;2024;2024-2025;1214025;2025-04-26T19:05:00+00:00;Regular Season - 31;80;Lyon;home;94;Rennes;https://media.api-sports.io/football/teams/94.png;4;1;4-1;V;4
61;Ligue 1;France;2024;2024-2025;1214008;2025-04-20T18:45:00+00:00;Regular Season - 30;80;Lyon;away;1063;Saint Etienne;https://media.api-sports.io/football/teams/1063.png;1;2;1-2;D;5
61;Ligue 1;France;2024;2024-2025;1214044;2025-05-17T19:00:00+00:00;Regular Season - 34;81;Marseille;home;94;Rennes;https://media.api-sports.io/football/teams/94.png;4;2;4-2;V;1
61;Ligue 1;France;2024;2024-2025;1214038;2025-05-10T19:00:00+00:00;Regular Season - 33;81;Marseille;away;111;Le Havre;https://media.api-sports.io/football/teams/111.png;3;1;3-1;V;2
61;Ligue 1;France;2024;2024-2025;1214027;2025-05-04T18:45:00+00:00;Regular Season - 32;81;Marseille;away;79;Lille;https://media.api-sports.io/football/teams/79.png;1;1;1-1;N;3
61;Ligue 1;France;2024;2024-2025;1214024;2025-04-27T18:45:00+00:00;Regular Season - 31;81;Marseille;home;106;Stade Brestois 29;https://media.api-sports.io/football/teams/106.png;4;1;4-1;V;4
61;Ligue 1;France;2024;2024-2025;1214013;2025-04-19T19:05:00+00:00;Regular Season - 30;81;Marseille;home;82;Montpellier;https://media.api-sports.io/football/teams/82.png;5;1;5-1;V;5
61;Ligue 1;France;2024;2024-2025;1214050;2025-05-17T19:00:00+00:00;Regular Season - 34;82;Montpellier;away;83;Nantes;https://media.api-sports.io/football/teams/83.png;0;3;0-3;D;1
61;Ligue 1;France;2024;2024-2025;1214040;2025-05-10T19:00:00+00:00;Regular Season - 33;82;Montpellier;home;85;Paris Saint Germain;https://media.api-sports.io/football/teams/85.png;1;4;1-4;D;2
61;Ligue 1;France;2024;2024-2025;1214029;2025-05-04T15:15:00+00:00;Regular Season - 32;82;Montpellier;away;106;Stade Brestois 29;https://media.api-sports.io/football/teams/106.png;0;1;0-1;D;3
61;Ligue 1;France;2024;2024-2025;1214020;2025-04-27T15:15:00+00:00;Regular Season - 31;82;Montpellier;home;93;Reims;https://media.api-sports.io/football/teams/93.png;0;0;0-0;N;4
61;Ligue 1;France;2024;2024-2025;1214013;2025-04-19T19:05:00+00:00;Regular Season - 30;82;Montpellier;away;81;Marseille;https://media.api-sports.io/football/teams/81.png;1;5;1-5;D;5
61;Ligue 1;France;2024;2024-2025;1214050;2025-05-17T19:00:00+00:00;Regular Season - 34;83;Nantes;home;82;Montpellier;https://media.api-sports.io/football/teams/82.png;3;0;3-0;V;1
61;Ligue 1;France;2024;2024-2025;1214036;2025-05-10T19:00:00+00:00;Regular Season - 33;83;Nantes;away;108;Auxerre;https://media.api-sports.io/football/teams/108.png;1;1;1-1;N;2
61;Ligue 1;France;2024;2024-2025;1214031;2025-05-04T13:00:00+00:00;Regular Season - 32;83;Nantes;home;77;Angers;https://media.api-sports.io/football/teams/77.png;0;1;0-1;D;3
61;Ligue 1;France;2024;2024-2025;1214019;2025-04-27T15:15:00+00:00;Regular Season - 31;83;Nantes;home;96;Toulouse;https://media.api-sports.io/football/teams/96.png;0;0;0-0;N;4
61;Ligue 1;France;2024;2024-2025;1214002;2025-04-22T18:45:00+00:00;Regular Season - 29;83;Nantes;home;85;Paris Saint Germain;https://media.api-sports.io/football/teams/85.png;1;1;1-1;N;5
61;Ligue 1;France;2024;2024-2025;1214046;2025-05-17T19:00:00+00:00;Regular Season - 34;84;Nice;home;106;Stade Brestois 29;https://media.api-sports.io/football/teams/106.png;6;0;6-0;V;1
61;Ligue 1;France;2024;2024-2025;1214039;2025-05-10T19:00:00+00:00;Regular Season - 33;84;Nice;away;94;Rennes;https://media.api-sports.io/football/teams/94.png;0;2;0-2;D;2
61;Ligue 1;France;2024;2024-2025;1214028;2025-05-02T18:45:00+00:00;Regular Season - 32;84;Nice;home;93;Reims;https://media.api-sports.io/football/teams/93.png;1;0;1-0;V;3
61;Ligue 1;France;2024;2024-2025;1214023;2025-04-25T18:45:00+00:00;Regular Season - 31;84;Nice;away;85;Paris Saint Germain;https://media.api-sports.io/football/teams/85.png;3;1;3-1;V;4
61;Ligue 1;France;2024;2024-2025;1214009;2025-04-20T15:15:00+00:00;Regular Season - 30;84;Nice;home;77;Angers;https://media.api-sports.io/football/teams/77.png;2;1;2-1;V;5
61;Ligue 1;France;2024;2024-2025;1214052;2025-05-17T19:00:00+00:00;Regular Season - 34;85;Paris Saint Germain;home;108;Auxerre;https://media.api-sports.io/football/teams/108.png;3;1;3-1;V;1
61;Ligue 1;France;2024;2024-2025;1214040;2025-05-10T19:00:00+00:00;Regular Season - 33;85;Paris Saint Germain;away;82;Montpellier;https://media.api-sports.io/football/teams/82.png;4;1;4-1;V;2
61;Ligue 1;France;2024;2024-2025;1214033;2025-05-03T15:00:00+00:00;Regular Season - 32;85;Paris Saint Germain;away;95;Strasbourg;https://media.api-sports.io/football/teams/95.png;1;2;1-2;D;3
61;Ligue 1;France;2024;2024-2025;1214023;2025-04-25T18:45:00+00:00;Regular Season - 31;85;Paris Saint Germain;home;84;Nice;https://media.api-sports.io/football/teams/84.png;1;3;1-3;D;4
61;Ligue 1;France;2024;2024-2025;1214002;2025-04-22T18:45:00+00:00;Regular Season - 29;85;Paris Saint Germain;away;83;Nantes;https://media.api-sports.io/football/teams/83.png;1;1;1-1;N;5
61;Ligue 1;France;2024;2024-2025;1214051;2025-05-17T19:00:00+00:00;Regular Season - 34;91;Monaco;away;116;Lens;https://media.api-sports.io/football/teams/116.png;0;4;0-4;D;1
61;Ligue 1;France;2024;2024-2025;1214043;2025-05-10T19:00:00+00:00;Regular Season - 33;91;Monaco;home;80;Lyon;https://media.api-sports.io/football/teams/80.png;2;0;2-0;V;2
61;Ligue 1;France;2024;2024-2025;1214030;2025-05-03T19:05:00+00:00;Regular Season - 32;91;Monaco;away;1063;Saint Etienne;https://media.api-sports.io/football/teams/1063.png;3;1;3-1;V;3
61;Ligue 1;France;2024;2024-2025;1214017;2025-04-26T17:00:00+00:00;Regular Season - 31;91;Monaco;away;111;Le Havre;https://media.api-sports.io/football/teams/111.png;1;1;1-1;N;4
61;Ligue 1;France;2024;2024-2025;1214015;2025-04-19T17:00:00+00:00;Regular Season - 30;91;Monaco;home;95;Strasbourg;https://media.api-sports.io/football/teams/95.png;0;0;0-0;N;5
61;Ligue 1;France;2024;2024-2025;1375858;2025-05-21T18:00:00+00:00;Relegation Round;93;Reims;away;112;Metz;https://media.api-sports.io/football/teams/112.png;1;1;1-1;N;1
61;Ligue 1;France;2024;2024-2025;1214048;2025-05-17T19:00:00+00:00;Regular Season - 34;93;Reims;away;79;Lille;https://media.api-sports.io/football/teams/79.png;1;2;1-2;D;2
61;Ligue 1;France;2024;2024-2025;1214035;2025-05-10T19:00:00+00:00;Regular Season - 33;93;Reims;home;1063;Saint Etienne;https://media.api-sports.io/football/teams/1063.png;0;2;0-2;D;3
61;Ligue 1;France;2024;2024-2025;1214028;2025-05-02T18:45:00+00:00;Regular Season - 32;93;Reims;away;84;Nice;https://media.api-sports.io/football/teams/84.png;0;1;0-1;D;4
61;Ligue 1;France;2024;2024-2025;1214020;2025-04-27T15:15:00+00:00;Regular Season - 31;93;Reims;away;82;Montpellier;https://media.api-sports.io/football/teams/82.png;0;0;0-0;N;5
61;Ligue 1;France;2024;2024-2025;1214044;2025-05-17T19:00:00+00:00;Regular Season - 34;94;Rennes;away;81;Marseille;https://media.api-sports.io/football/teams/81.png;2;4;2-4;D;1
61;Ligue 1;France;2024;2024-2025;1214039;2025-05-10T19:00:00+00:00;Regular Season - 33;94;Rennes;home;84;Nice;https://media.api-sports.io/football/teams/84.png;2;0;2-0;V;2
61;Ligue 1;France;2024;2024-2025;1214032;2025-05-03T17:00:00+00:00;Regular Season - 32;94;Rennes;away;96;Toulouse;https://media.api-sports.io/football/teams/96.png;1;2;1-2;D;3
61;Ligue 1;France;2024;2024-2025;1214025;2025-04-26T19:05:00+00:00;Regular Season - 31;94;Rennes;away;80;Lyon;https://media.api-sports.io/football/teams/80.png;1;4;1-4;D;4
61;Ligue 1;France;2024;2024-2025;1214016;2025-04-18T18:45:00+00:00;Regular Season - 30;94;Rennes;home;83;Nantes;https://media.api-sports.io/football/teams/83.png;2;1;2-1;V;5
61;Ligue 1;France;2024;2024-2025;1214049;2025-05-17T19:00:00+00:00;Regular Season - 34;95;Strasbourg;home;111;Le Havre;https://media.api-sports.io/football/teams/111.png;2;3;2-3;D;1
61;Ligue 1;France;2024;2024-2025;1214037;2025-05-10T19:00:00+00:00;Regular Season - 33;95;Strasbourg;away;77;Angers;https://media.api-sports.io/football/teams/77.png;1;2;1-2;D;2
61;Ligue 1;France;2024;2024-2025;1214033;2025-05-03T15:00:00+00:00;Regular Season - 32;95;Strasbourg;home;85;Paris Saint Germain;https://media.api-sports.io/football/teams/85.png;2;1;2-1;V;3
61;Ligue 1;France;2024;2024-2025;1214018;2025-04-26T15:00:00+00:00;Regular Season - 31;95;Strasbourg;home;1063;Saint Etienne;https://media.api-sports.io/football/teams/1063.png;3;1;3-1;V;4
61;Ligue 1;France;2024;2024-2025;1214015;2025-04-19T17:00:00+00:00;Regular Season - 30;95;Strasbourg;away;91;Monaco;https://media.api-sports.io/football/teams/91.png;0;0;0-0;N;5
61;Ligue 1;France;2024;2024-2025;1214047;2025-05-17T19:00:00+00:00;Regular Season - 34;96;Toulouse;away;1063;Saint Etienne;https://media.api-sports.io/football/teams/1063.png;3;2;3-2;V;1
61;Ligue 1;France;2024;2024-2025;1214041;2025-05-10T19:00:00+00:00;Regular Season - 33;96;Toulouse;home;116;Lens;https://media.api-sports.io/football/teams/116.png;1;1;1-1;N;2
61;Ligue 1;France;2024;2024-2025;1214032;2025-05-03T17:00:00+00:00;Regular Season - 32;96;Toulouse;home;94;Rennes;https://media.api-sports.io/football/teams/94.png;2;1;2-1;V;3
61;Ligue 1;France;2024;2024-2025;1214019;2025-04-27T15:15:00+00:00;Regular Season - 31;96;Toulouse;away;83;Nantes;https://media.api-sports.io/football/teams/83.png;0;0;0-0;N;4
61;Ligue 1;France;2024;2024-2025;1214014;2025-04-20T15:15:00+00:00;Regular Season - 30;96;Toulouse;away;93;Reims;https://media.api-sports.io/football/teams/93.png;0;1;0-1;D;5
61;Ligue 1;France;2024;2024-2025;1214046;2025-05-17T19:00:00+00:00;Regular Season - 34;106;Stade Brestois 29;away;84;Nice;https://media.api-sports.io/football/teams/84.png;0;6;0-6;D;1
61;Ligue 1;France;2024;2024-2025;1214042;2025-05-10T19:00:00+00:00;Regular Season - 33;106;Stade Brestois 29;home;79;Lille;https://media.api-sports.io/football/teams/79.png;2;0;2-0;V;2
61;Ligue 1;France;2024;2024-2025;1214029;2025-05-04T15:15:00+00:00;Regular Season - 32;106;Stade Brestois 29;home;82;Montpellier;https://media.api-sports.io/football/teams/82.png;1;0;1-0;V;3
61;Ligue 1;France;2024;2024-2025;1214024;2025-04-27T18:45:00+00:00;Regular Season - 31;106;Stade Brestois 29;away;81;Marseille;https://media.api-sports.io/football/teams/81.png;1;4;1-4;D;4
61;Ligue 1;France;2024;2024-2025;1214010;2025-04-20T15:15:00+00:00;Regular Season - 30;106;Stade Brestois 29;home;116;Lens;https://media.api-sports.io/football/teams/116.png;1;3;1-3;D;5
61;Ligue 1;France;2024;2024-2025;1214052;2025-05-17T19:00:00+00:00;Regular Season - 34;108;Auxerre;away;85;Paris Saint Germain;https://media.api-sports.io/football/teams/85.png;1;3;1-3;D;1
61;Ligue 1;France;2024;2024-2025;1214036;2025-05-10T19:00:00+00:00;Regular Season - 33;108;Auxerre;home;83;Nantes;https://media.api-sports.io/football/teams/83.png;1;1;1-1;N;2
61;Ligue 1;France;2024;2024-2025;1214034;2025-05-04T15:15:00+00:00;Regular Season - 32;108;Auxerre;home;111;Le Havre;https://media.api-sports.io/football/teams/111.png;1;2;1-2;D;3
61;Ligue 1;France;2024;2024-2025;1214021;2025-04-27T15:15:00+00:00;Regular Season - 31;108;Auxerre;away;116;Lens;https://media.api-sports.io/football/teams/116.png;4;0;4-0;V;4
61;Ligue 1;France;2024;2024-2025;1214011;2025-04-20T13:00:00+00:00;Regular Season - 30;108;Auxerre;away;79;Lille;https://media.api-sports.io/football/teams/79.png;1;3;1-3;D;5
61;Ligue 1;France;2024;2024-2025;1214049;2025-05-17T19:00:00+00:00;Regular Season - 34;111;Le Havre;away;95;Strasbourg;https://media.api-sports.io/football/teams/95.png;3;2;3-2;V;1
61;Ligue 1;France;2024;2024-2025;1214038;2025-05-10T19:00:00+00:00;Regular Season - 33;111;Le Havre;home;81;Marseille;https://media.api-sports.io/football/teams/81.png;1;3;1-3;D;2
61;Ligue 1;France;2024;2024-2025;1214034;2025-05-04T15:15:00+00:00;Regular Season - 32;111;Le Havre;away;108;Auxerre;https://media.api-sports.io/football/teams/108.png;2;1;2-1;V;3
61;Ligue 1;France;2024;2024-2025;1214017;2025-04-26T17:00:00+00:00;Regular Season - 31;111;Le Havre;home;91;Monaco;https://media.api-sports.io/football/teams/91.png;1;1;1-1;N;4
61;Ligue 1;France;2024;2024-2025;1214012;2025-04-19T15:00:00+00:00;Regular Season - 30;111;Le Havre;away;85;Paris Saint Germain;https://media.api-sports.io/football/teams/85.png;1;2;1-2;D;5
61;Ligue 1;France;2024;2024-2025;1375858;2025-05-21T18:00:00+00:00;Relegation Round;112;Metz;home;93;Reims;https://media.api-sports.io/football/teams/93.png;1;1;1-1;N;1
61;Ligue 1;France;2024;2024-2025;1214051;2025-05-17T19:00:00+00:00;Regular Season - 34;116;Lens;home;91;Monaco;https://media.api-sports.io/football/teams/91.png;4;0;4-0;V;1
61;Ligue 1;France;2024;2024-2025;1214041;2025-05-10T19:00:00+00:00;Regular Season - 33;116;Lens;away;96;Toulouse;https://media.api-sports.io/football/teams/96.png;1;1;1-1;N;2
61;Ligue 1;France;2024;2024-2025;1214026;2025-05-04T15:15:00+00:00;Regular Season - 32;116;Lens;away;80;Lyon;https://media.api-sports.io/football/teams/80.png;2;1;2-1;V;3
61;Ligue 1;France;2024;2024-2025;1214021;2025-04-27T15:15:00+00:00;Regular Season - 31;116;Lens;home;108;Auxerre;https://media.api-sports.io/football/teams/108.png;0;4;0-4;D;4
61;Ligue 1;France;2024;2024-2025;1214010;2025-04-20T15:15:00+00:00;Regular Season - 30;116;Lens;away;106;Stade Brestois 29;https://media.api-sports.io/football/teams/106.png;3;1;3-1;V;5
61;Ligue 1;France;2024;2024-2025;1214047;2025-05-17T19:00:00+00:00;Regular Season - 34;1063;Saint Etienne;home;96;Toulouse;https://media.api-sports.io/football/teams/96.png;2;3;2-3;D;1
61;Ligue 1;France;2024;2024-2025;1214035;2025-05-10T19:00:00+00:00;Regular Season - 33;1063;Saint Etienne;away;93;Reims;https://media.api-sports.io/football/teams/93.png;2;0;2-0;V;2
61;Ligue 1;France;2024;2024-2025;1214030;2025-05-03T19:05:00+00:00;Regular Season - 32;1063;Saint Etienne;home;91;Monaco;https://media.api-sports.io/football/teams/91.png;1;3;1-3;D;3
61;Ligue 1;France;2024;2024-2025;1214018;2025-04-26T15:00:00+00:00;Regular Season - 31;1063;Saint Etienne;away;95;Strasbourg;https://media.api-sports.io/football/teams/95.png;1;3;1-3;D;4
61;Ligue 1;France;2024;2024-2025;1214008;2025-04-20T18:45:00+00:00;Regular Season - 30;1063;Saint Etienne;home;80;Lyon;https://media.api-sports.io/football/teams/80.png;2;1;2-1;V;5
39;Premier League;England;2022;2022-2023;868324;2023-05-28T15:30:00+00:00;Regular Season - 38;33;Manchester United;home;36;Fulham;https://media.api-sports.io/football/teams/36.png;2;1;2-1;V;1
39;Premier League;England;2022;2022-2023;868264;2023-05-25T19:00:00+00:00;Regular Season - 32;33;Manchester United;home;49;Chelsea;https://media.api-sports.io/football/teams/49.png;4;1;4-1;V;2
39;Premier League;England;2022;2022-2023;868306;2023-05-20T14:00:00+00:00;Regular Season - 37;33;Manchester United;away;35;Bournemouth;https://media.api-sports.io/football/teams/35.png;1;0;1-0;V;3
39;Premier League;England;2022;2022-2023;868304;2023-05-13T14:00:00+00:00;Regular Season - 36;33;Manchester United;home;39;Wolves;https://media.api-sports.io/football/teams/39.png;2;0;2-0;V;4
39;Premier League;England;2022;2022-2023;868294;2023-05-07T18:00:00+00:00;Regular Season - 35;33;Manchester United;away;48;West Ham;https://media.api-sports.io/football/teams/48.png;0;1;0-1;D;5
39;Premier League;England;2022;2022-2023;868319;2023-05-28T15:30:00+00:00;Regular Season - 38;34;Newcastle;away;49;Chelsea;https://media.api-sports.io/football/teams/49.png;1;1;1-1;N;1
39;Premier League;England;2022;2022-2023;868311;2023-05-22T19:00:00+00:00;Regular Season - 37;34;Newcastle;home;46;Leicester;https://media.api-sports.io/football/teams/46.png;0;0;0-0;N;2
39;Premier League;England;2022;2022-2023;868193;2023-05-18T18:30:00+00:00;Regular Season - 25;34;Newcastle;home;51;Brighton;https://media.api-sports.io/football/teams/51.png;4;1;4-1;V;3
39;Premier League;England;2022;2022-2023;868302;2023-05-13T11:30:00+00:00;Regular Season - 36;34;Newcastle;away;63;Leeds;https://media.api-sports.io/football/teams/63.png;2;2;2-2;N;4
39;Premier League;England;2022;2022-2023;868291;2023-05-07T15:30:00+00:00;Regular Season - 35;34;Newcastle;home;42;Arsenal;https://media.api-sports.io/football/teams/42.png;0;2;0-2;D;5
39;Premier League;England;2022;2022-2023;868321;2023-05-28T15:30:00+00:00;Regular Season - 38;35;Bournemouth;away;45;Everton;https://media.api-sports.io/football/teams/45.png;0;1;0-1;D;1
39;Premier League;England;2022;2022-2023;868306;2023-05-20T14:00:00+00:00;Regular Season - 37;35;Bournemouth;home;33;Manchester United;https://media.api-sports.io/football/teams/33.png;0;1;0-1;D;2
39;Premier League;England;2022;2022-2023;868300;2023-05-13T14:00:00+00:00;Regular Season - 36;35;Bournemouth;away;52;Crystal Palace;https://media.api-sports.io/football/teams/52.png;0;2;0-2;D;3
39;Premier League;England;2022;2022-2023;868286;2023-05-06T14:00:00+00:00;Regular Season - 35;35;Bournemouth;home;49;Chelsea;https://media.api-sports.io/football/teams/49.png;1;3;1-3;D;4
39;Premier League;England;2022;2022-2023;868276;2023-04-30T13:00:00+00:00;Regular Season - 34;35;Bournemouth;home;63;Leeds;https://media.api-sports.io/football/teams/63.png;4;1;4-1;V;5
39;Premier League;England;2022;2022-2023;868324;2023-05-28T15:30:00+00:00;Regular Season - 38;36;Fulham;away;33;Manchester United;https://media.api-sports.io/football/teams/33.png;1;2;1-2;D;1
39;Premier League;England;2022;2022-2023;868308;2023-05-20T14:00:00+00:00;Regular Season - 37;36;Fulham;home;52;Crystal Palace;https://media.api-sports.io/football/teams/52.png;2;2;2-2;N;2
39;Premier League;England;2022;2022-2023;868305;2023-05-13T14:00:00+00:00;Regular Season - 36;36;Fulham;away;41;Southampton;https://media.api-sports.io/football/teams/41.png;2;0;2-0;V;3
39;Premier League;England;2022;2022-2023;868288;2023-05-08T14:00:00+00:00;Regular Season - 35;36;Fulham;home;46;Leicester;https://media.api-sports.io/football/teams/46.png;5;3;5-3;V;4
39;Premier League;England;2022;2022-2023;868221;2023-05-03T19:00:00+00:00;Regular Season - 28;36;Fulham;away;40;Liverpool;https://media.api-sports.io/football/teams/40.png;0;1;0-1;D;5
39;Premier League;England;2022;2022-2023;868316;2023-05-28T15:30:00+00:00;Regular Season - 38;39;Wolves;away;42;Arsenal;https://media.api-sports.io/football/teams/42.png;0;5;0-5;D;1
39;Premier League;England;2022;2022-2023;868315;2023-05-20T14:00:00+00:00;Regular Season - 37;39;Wolves;home;45;Everton;https://media.api-sports.io/football/teams/45.png;1;1;1-1;N;2
39;Premier League;England;2022;2022-2023;868304;2023-05-13T14:00:00+00:00;Regular Season - 36;39;Wolves;away;33;Manchester United;https://media.api-sports.io/football/teams/33.png;0;2;0-2;D;3
39;Premier League;England;2022;2022-2023;868295;2023-05-06T14:00:00+00:00;Regular Season - 35;39;Wolves;home;66;Aston Villa;https://media.api-sports.io/football/teams/66.png;1;0;1-0;V;4
39;Premier League;England;2022;2022-2023;868279;2023-04-29T14:00:00+00:00;Regular Season - 34;39;Wolves;away;51;Brighton;https://media.api-sports.io/football/teams/51.png;0;6;0-6;D;5
39;Premier League;England;2022;2022-2023;868325;2023-05-28T15:30:00+00:00;Regular Season - 38;40;Liverpool;away;41;Southampton;https://media.api-sports.io/football/teams/41.png;4;4;4-4;N;1
39;Premier League;England;2022;2022-2023;868309;2023-05-20T14:00:00+00:00;Regular Season - 37;40;Liverpool;home;66;Aston Villa;https://media.api-sports.io/football/teams/66.png;1;1;1-1;N;2
39;Premier League;England;2022;2022-2023;868303;2023-05-15T19:00:00+00:00;Regular Season - 36;40;Liverpool;away;46;Leicester;https://media.api-sports.io/football/teams/46.png;3;0;3-0;V;3
39;Premier League;England;2022;2022-2023;868289;2023-05-06T16:30:00+00:00;Regular Season - 35;40;Liverpool;home;55;Brentford;https://media.api-sports.io/football/teams/55.png;1;0;1-0;V;4
39;Premier League;England;2022;2022-2023;868221;2023-05-03T19:00:00+00:00;Regular Season - 28;40;Liverpool;home;36;Fulham;https://media.api-sports.io/football/teams/36.png;1;0;1-0;V;5
39;Premier League;England;2022;2022-2023;868325;2023-05-28T15:30:00+00:00;Regular Season - 38;41;Southampton;home;40;Liverpool;https://media.api-sports.io/football/teams/40.png;4;4;4-4;N;1
39;Premier League;England;2022;2022-2023;868307;2023-05-21T13:00:00+00:00;Regular Season - 37;41;Southampton;away;51;Brighton;https://media.api-sports.io/football/teams/51.png;1;3;1-3;D;2
39;Premier League;England;2022;2022-2023;868305;2023-05-13T14:00:00+00:00;Regular Season - 36;41;Southampton;home;36;Fulham;https://media.api-sports.io/football/teams/36.png;0;2;0-2;D;3
39;Premier League;England;2022;2022-2023;868292;2023-05-08T19:00:00+00:00;Regular Season - 35;41;Southampton;away;65;Nottingham Forest;https://media.api-sports.io/football/teams/65.png;3;4;3-4;D;4
39;Premier League;England;2022;2022-2023;868285;2023-04-30T13:00:00+00:00;Regular Season - 34;41;Southampton;away;34;Newcastle;https://media.api-sports.io/football/teams/34.png;1;3;1-3;D;5
39;Premier League;England;2022;2022-2023;868316;2023-05-28T15:30:00+00:00;Regular Season - 38;42;Arsenal;home;39;Wolves;https://media.api-sports.io/football/teams/39.png;5;0;5-0;V;1
39;Premier League;England;2022;2022-2023;868312;2023-05-20T16:30:00+00:00;Regular Season - 37;42;Arsenal;away;65;Nottingham Forest;https://media.api-sports.io/football/teams/65.png;0;1;0-1;D;2
39;Premier League;England;2022;2022-2023;868296;2023-05-14T15:30:00+00:00;Regular Season - 36;42;Arsenal;home;51;Brighton;https://media.api-sports.io/football/teams/51.png;0;3;0-3;D;3
39;Premier League;England;2022;2022-2023;868291;2023-05-07T15:30:00+00:00;Regular Season - 35;42;Arsenal;away;34;Newcastle;https://media.api-sports.io/football/teams/34.png;2;0;2-0;V;4
39;Premier League;England;2022;2022-2023;868277;2023-05-02T19:00:00+00:00;Regular Season - 34;42;Arsenal;home;49;Chelsea;https://media.api-sports.io/football/teams/49.png;3;1;3-1;V;5
39;Premier League;England;2022;2022-2023;868321;2023-05-28T15:30:00+00:00;Regular Season - 38;45;Everton;home;35;Bournemouth;https://media.api-sports.io/football/teams/35.png;1;0;1-0;V;1
39;Premier League;England;2022;2022-2023;868315;2023-05-20T14:00:00+00:00;Regular Season - 37;45;Everton;away;39;Wolves;https://media.api-sports.io/football/teams/39.png;1;1;1-1;N;2
39;Premier League;England;2022;2022-2023;868301;2023-05-14T13:00:00+00:00;Regular Season - 36;45;Everton;home;50;Manchester City;https://media.api-sports.io/football/teams/50.png;0;3;0-3;D;3
39;Premier League;England;2022;2022-2023;868287;2023-05-08T16:30:00+00:00;Regular Season - 35;45;Everton;away;51;Brighton;https://media.api-sports.io/football/teams/51.png;5;1;5-1;V;4
39;Premier League;England;2022;2022-2023;868282;2023-05-01T19:00:00+00:00;Regular Season - 34;45;Everton;away;46;Leicester;https://media.api-sports.io/football/teams/46.png;2;2;2-2;N;5
39;Premier League;England;2022;2022-2023;868323;2023-05-28T15:30:00+00:00;Regular Season - 38;46;Leicester;home;48;West Ham;https://media.api-sports.io/football/teams/48.png;2;1;2-1;V;1
39;Premier League;England;2022;2022-2023;868311;2023-05-22T19:00:00+00:00;Regular Season - 37;46;Leicester;away;34;Newcastle;https://media.api-sports.io/football/teams/34.png;0;0;0-0;N;2
39;Premier League;England;2022;2022-2023;868303;2023-05-15T19:00:00+00:00;Regular Season - 36;46;Leicester;home;40;Liverpool;https://media.api-sports.io/football/teams/40.png;0;3;0-3;D;3
39;Premier League;England;2022;2022-2023;868288;2023-05-08T14:00:00+00:00;Regular Season - 35;46;Leicester;away;36;Fulham;https://media.api-sports.io/football/teams/36.png;3;5;3-5;D;4
39;Premier League;England;2022;2022-2023;868282;2023-05-01T19:00:00+00:00;Regular Season - 34;46;Leicester;home;45;Everton;https://media.api-sports.io/football/teams/45.png;2;2;2-2;N;5
39;Premier League;England;2022;2022-2023;868322;2023-05-28T15:30:00+00:00;Regular Season - 38;47;Tottenham;away;63;Leeds;https://media.api-sports.io/football/teams/63.png;4;1;4-1;V;1
39;Premier League;England;2022;2022-2023;868313;2023-05-20T11:30:00+00:00;Regular Season - 37;47;Tottenham;home;55;Brentford;https://media.api-sports.io/football/teams/55.png;1;3;1-3;D;2
39;Premier League;England;2022;2022-2023;868297;2023-05-13T14:00:00+00:00;Regular Season - 36;47;Tottenham;away;66;Aston Villa;https://media.api-sports.io/football/teams/66.png;1;2;1-2;D;3
39;Premier League;England;2022;2022-2023;868293;2023-05-06T14:00:00+00:00;Regular Season - 35;47;Tottenham;home;52;Crystal Palace;https://media.api-sports.io/football/teams/52.png;1;0;1-0;V;4
39;Premier League;England;2022;2022-2023;868283;2023-04-30T15:30:00+00:00;Regular Season - 34;47;Tottenham;away;40;Liverpool;https://media.api-sports.io/football/teams/40.png;3;4;3-4;D;5
39;Premier League;England;2022;2022-2023;868323;2023-05-28T15:30:00+00:00;Regular Season - 38;48;West Ham;away;46;Leicester;https://media.api-sports.io/football/teams/46.png;1;2;1-2;D;1
39;Premier League;England;2022;2022-2023;868314;2023-05-21T12:30:00+00:00;Regular Season - 37;48;West Ham;home;63;Leeds;https://media.api-sports.io/football/teams/63.png;3;1;3-1;V;2
39;Premier League;England;2022;2022-2023;868298;2023-05-14T13:00:00+00:00;Regular Season - 36;48;West Ham;away;55;Brentford;https://media.api-sports.io/football/teams/55.png;0;2;0-2;D;3
39;Premier League;England;2022;2022-2023;868294;2023-05-07T18:00:00+00:00;Regular Season - 35;48;West Ham;home;33;Manchester United;https://media.api-sports.io/football/teams/33.png;1;0;1-0;V;4
39;Premier League;England;2022;2022-2023;868222;2023-05-03T19:00:00+00:00;Regular Season - 28;48;West Ham;away;50;Manchester City;https://media.api-sports.io/football/teams/50.png;0;3;0-3;D;5
39;Premier League;England;2022;2022-2023;868319;2023-05-28T15:30:00+00:00;Regular Season - 38;49;Chelsea;home;34;Newcastle;https://media.api-sports.io/football/teams/34.png;1;1;1-1;N;1
39;Premier League;England;2022;2022-2023;868264;2023-05-25T19:00:00+00:00;Regular Season - 32;49;Chelsea;away;33;Manchester United;https://media.api-sports.io/football/teams/33.png;1;4;1-4;D;2
39;Premier League;England;2022;2022-2023;868310;2023-05-21T15:00:00+00:00;Regular Season - 37;49;Chelsea;away;50;Manchester City;https://media.api-sports.io/football/teams/50.png;0;1;0-1;D;3
39;Premier League;England;2022;2022-2023;868299;2023-05-13T14:00:00+00:00;Regular Season - 36;49;Chelsea;home;65;Nottingham Forest;https://media.api-sports.io/football/teams/65.png;2;2;2-2;N;4
39;Premier League;England;2022;2022-2023;868286;2023-05-06T14:00:00+00:00;Regular Season - 35;49;Chelsea;away;35;Bournemouth;https://media.api-sports.io/football/teams/35.png;3;1;3-1;V;5
39;Premier League;England;2022;2022-2023;868318;2023-05-28T15:30:00+00:00;Regular Season - 38;50;Manchester City;away;55;Brentford;https://media.api-sports.io/football/teams/55.png;0;1;0-1;D;1
39;Premier League;England;2022;2022-2023;868259;2023-05-24T19:00:00+00:00;Regular Season - 32;50;Manchester City;away;51;Brighton;https://media.api-sports.io/football/teams/51.png;1;1;1-1;N;2
39;Premier League;England;2022;2022-2023;868310;2023-05-21T15:00:00+00:00;Regular Season - 37;50;Manchester City;home;49;Chelsea;https://media.api-sports.io/football/teams/49.png;1;0;1-0;V;3
39;Premier League;England;2022;2022-2023;868301;2023-05-14T13:00:00+00:00;Regular Season - 36;50;Manchester City;away;45;Everton;https://media.api-sports.io/football/teams/45.png;3;0;3-0;V;4
39;Premier League;England;2022;2022-2023;868290;2023-05-06T14:00:00+00:00;Regular Season - 35;50;Manchester City;home;63;Leeds;https://media.api-sports.io/football/teams/63.png;2;1;2-1;V;5
39;Premier League;England;2022;2022-2023;868317;2023-05-28T15:30:00+00:00;Regular Season - 38;51;Brighton;away;66;Aston Villa;https://media.api-sports.io/football/teams/66.png;1;2;1-2;D;1
39;Premier League;England;2022;2022-2023;868259;2023-05-24T19:00:00+00:00;Regular Season - 32;51;Brighton;home;50;Manchester City;https://media.api-sports.io/football/teams/50.png;1;1;1-1;N;2
39;Premier League;England;2022;2022-2023;868307;2023-05-21T13:00:00+00:00;Regular Season - 37;51;Brighton;home;41;Southampton;https://media.api-sports.io/football/teams/41.png;3;1;3-1;V;3
39;Premier League;England;2022;2022-2023;868193;2023-05-18T18:30:00+00:00;Regular Season - 25;51;Brighton;away;34;Newcastle;https://media.api-sports.io/football/teams/34.png;1;4;1-4;D;4
39;Premier League;England;2022;2022-2023;868296;2023-05-14T15:30:00+00:00;Regular Season - 36;51;Brighton;away;42;Arsenal;https://media.api-sports.io/football/teams/42.png;3;0;3-0;V;5
39;Premier League;England;2022;2022-2023;868320;2023-05-28T15:30:00+00:00;Regular Season - 38;52;Crystal Palace;home;65;Nottingham Forest;https://media.api-sports.io/football/teams/65.png;1;1;1-1;N;1
39;Premier League;England;2022;2022-2023;868308;2023-05-20T14:00:00+00:00;Regular Season - 37;52;Crystal Palace;away;36;Fulham;https://media.api-sports.io/football/teams/36.png;2;2;2-2;N;2
39;Premier League;England;2022;2022-2023;868300;2023-05-13T14:00:00+00:00;Regular Season - 36;52;Crystal Palace;home;35;Bournemouth;https://media.api-sports.io/football/teams/35.png;2;0;2-0;V;3
39;Premier League;England;2022;2022-2023;868293;2023-05-06T14:00:00+00:00;Regular Season - 35;52;Crystal Palace;away;47;Tottenham;https://media.api-sports.io/football/teams/47.png;0;1;0-1;D;4
39;Premier League;England;2022;2022-2023;868280;2023-04-29T11:30:00+00:00;Regular Season - 34;52;Crystal Palace;home;48;West Ham;https://media.api-sports.io/football/teams/48.png;4;3;4-3;V;5
39;Premier League;England;2022;2022-2023;868318;2023-05-28T15:30:00+00:00;Regular Season - 38;55;Brentford;home;50;Manchester City;https://media.api-sports.io/football/teams/50.png;1;0;1-0;V;1
39;Premier League;England;2022;2022-2023;868313;2023-05-20T11:30:00+00:00;Regular Season - 37;55;Brentford;away;47;Tottenham;https://media.api-sports.io/football/teams/47.png;3;1;3-1;V;2
39;Premier League;England;2022;2022-2023;868298;2023-05-14T13:00:00+00:00;Regular Season - 36;55;Brentford;home;48;West Ham;https://media.api-sports.io/football/teams/48.png;2;0;2-0;V;3
39;Premier League;England;2022;2022-2023;868289;2023-05-06T16:30:00+00:00;Regular Season - 35;55;Brentford;away;40;Liverpool;https://media.api-sports.io/football/teams/40.png;0;1;0-1;D;4
39;Premier League;England;2022;2022-2023;868278;2023-04-29T14:00:00+00:00;Regular Season - 34;55;Brentford;home;65;Nottingham Forest;https://media.api-sports.io/football/teams/65.png;2;1;2-1;V;5
39;Premier League;England;2022;2022-2023;868322;2023-05-28T15:30:00+00:00;Regular Season - 38;63;Leeds;home;47;Tottenham;https://media.api-sports.io/football/teams/47.png;1;4;1-4;D;1
39;Premier League;England;2022;2022-2023;868314;2023-05-21T12:30:00+00:00;Regular Season - 37;63;Leeds;away;48;West Ham;https://media.api-sports.io/football/teams/48.png;1;3;1-3;D;2
39;Premier League;England;2022;2022-2023;868302;2023-05-13T11:30:00+00:00;Regular Season - 36;63;Leeds;home;34;Newcastle;https://media.api-sports.io/football/teams/34.png;2;2;2-2;N;3
39;Premier League;England;2022;2022-2023;868290;2023-05-06T14:00:00+00:00;Regular Season - 35;63;Leeds;away;50;Manchester City;https://media.api-sports.io/football/teams/50.png;1;2;1-2;D;4
39;Premier League;England;2022;2022-2023;868276;2023-04-30T13:00:00+00:00;Regular Season - 34;63;Leeds;away;35;Bournemouth;https://media.api-sports.io/football/teams/35.png;1;4;1-4;D;5
39;Premier League;England;2022;2022-2023;868320;2023-05-28T15:30:00+00:00;Regular Season - 38;65;Nottingham Forest;away;52;Crystal Palace;https://media.api-sports.io/football/teams/52.png;1;1;1-1;N;1
39;Premier League;England;2022;2022-2023;868312;2023-05-20T16:30:00+00:00;Regular Season - 37;65;Nottingham Forest;home;42;Arsenal;https://media.api-sports.io/football/teams/42.png;1;0;1-0;V;2
39;Premier League;England;2022;2022-2023;868299;2023-05-13T14:00:00+00:00;Regular Season - 36;65;Nottingham Forest;away;49;Chelsea;https://media.api-sports.io/football/teams/49.png;2;2;2-2;N;3
39;Premier League;England;2022;2022-2023;868292;2023-05-08T19:00:00+00:00;Regular Season - 35;65;Nottingham Forest;home;41;Southampton;https://media.api-sports.io/football/teams/41.png;4;3;4-3;V;4
39;Premier League;England;2022;2022-2023;868278;2023-04-29T14:00:00+00:00;Regular Season - 34;65;Nottingham Forest;away;55;Brentford;https://media.api-sports.io/football/teams/55.png;1;2;1-2;D;5
39;Premier League;England;2022;2022-2023;868317;2023-05-28T15:30:00+00:00;Regular Season - 38;66;Aston Villa;home;51;Brighton;https://media.api-sports.io/football/teams/51.png;2;1;2-1;V;1
39;Premier League;England;2022;2022-2023;868309;2023-05-20T14:00:00+00:00;Regular Season - 37;66;Aston Villa;away;40;Liverpool;https://media.api-sports.io/football/teams/40.png;1;1;1-1;N;2
39;Premier League;England;2022;2022-2023;868297;2023-05-13T14:00:00+00:00;Regular Season - 36;66;Aston Villa;home;47;Tottenham;https://media.api-sports.io/football/teams/47.png;2;1;2-1;V;3
39;Premier League;England;2022;2022-2023;868295;2023-05-06T14:00:00+00:00;Regular Season - 35;66;Aston Villa;away;39;Wolves;https://media.api-sports.io/football/teams/39.png;0;1;0-1;D;4
39;Premier League;England;2022;2022-2023;868284;2023-04-30T13:00:00+00:00;Regular Season - 34;66;Aston Villa;away;33;Manchester United;https://media.api-sports.io/football/teams/33.png;0;1;0-1;D;5
39;Premier League;England;2023;2023-2024;1035546;2024-05-19T15:00:00+00:00;Regular Season - 38;33;Manchester United;away;51;Brighton;https://media.api-sports.io/football/teams/51.png;2;0;2-0;V;1
39;Premier League;England;2023;2023-2024;1035510;2024-05-15T19:00:00+00:00;Regular Season - 34;33;Manchester United;home;34;Newcastle;https://media.api-sports.io/football/teams/34.png;3;2;3-2;V;2
39;Premier League;England;2023;2023-2024;1035538;2024-05-12T15:30:00+00:00;Regular Season - 37;33;Manchester United;home;42;Arsenal;https://media.api-sports.io/football/teams/42.png;0;1;0-1;D;3
39;Premier League;England;2023;2023-2024;1035529;2024-05-06T19:00:00+00:00;Regular Season - 36;33;Manchester United;away;52;Crystal Palace;https://media.api-sports.io/football/teams/52.png;0;4;0-4;D;4
39;Premier League;England;2023;2023-2024;1035518;2024-04-27T14:00:00+00:00;Regular Season - 35;33;Manchester United;home;44;Burnley;https://media.api-sports.io/football/teams/44.png;1;1;1-1;N;5
39;Premier League;England;2023;2023-2024;1035545;2024-05-19T15:00:00+00:00;Regular Season - 38;34;Newcastle;away;55;Brentford;https://media.api-sports.io/football/teams/55.png;4;2;4-2;V;1
39;Premier League;England;2023;2023-2024;1035510;2024-05-15T19:00:00+00:00;Regular Season - 34;34;Newcastle;away;33;Manchester United;https://media.api-sports.io/football/teams/33.png;2;3;2-3;D;2
39;Premier League;England;2023;2023-2024;1035539;2024-05-11T14:00:00+00:00;Regular Season - 37;34;Newcastle;home;51;Brighton;https://media.api-sports.io/football/teams/51.png;1;1;1-1;N;3
39;Premier League;England;2023;2023-2024;1035527;2024-05-04T14:00:00+00:00;Regular Season - 36;34;Newcastle;away;44;Burnley;https://media.api-sports.io/football/teams/44.png;4;1;4-1;V;4
39;Premier League;England;2023;2023-2024;1035519;2024-04-27T14:00:00+00:00;Regular Season - 35;34;Newcastle;home;62;Sheffield Utd;https://media.api-sports.io/football/teams/62.png;5;1;5-1;V;5
39;Premier League;England;2023;2023-2024;1035548;2024-05-19T15:00:00+00:00;Regular Season - 38;35;Bournemouth;away;49;Chelsea;https://media.api-sports.io/football/teams/49.png;1;2;1-2;D;1
39;Premier League;England;2023;2023-2024;1035534;2024-05-11T14:00:00+00:00;Regular Season - 37;35;Bournemouth;home;55;Brentford;https://media.api-sports.io/football/teams/55.png;1;2;1-2;D;2
39;Premier League;England;2023;2023-2024;1035524;2024-05-04T11:30:00+00:00;Regular Season - 36;35;Bournemouth;away;42;Arsenal;https://media.api-sports.io/football/teams/42.png;0;3;0-3;D;3
39;Premier League;England;2023;2023-2024;1035514;2024-04-28T13:00:00+00:00;Regular Season - 35;35;Bournemouth;home;51;Brighton;https://media.api-sports.io/football/teams/51.png;3;0;3-0;V;4
39;Premier League;England;2023;2023-2024;1035463;2024-04-24T18:45:00+00:00;Regular Season - 29;35;Bournemouth;away;39;Wolves;https://media.api-sports.io/football/teams/39.png;1;0;1-0;V;5
39;Premier League;England;2023;2023-2024;1035551;2024-05-19T15:00:00+00:00;Regular Season - 38;36;Fulham;away;1359;Luton;https://media.api-sports.io/football/teams/1359.png;4;2;4-2;V;1
39;Premier League;England;2023;2023-2024;1035537;2024-05-11T11:30:00+00:00;Regular Season - 37;36;Fulham;home;50;Manchester City;https://media.api-sports.io/football/teams/50.png;0;4;0-4;D;2
39;Premier League;England;2023;2023-2024;1035525;2024-05-04T14:00:00+00:00;Regular Season - 36;36;Fulham;away;55;Brentford;https://media.api-sports.io/football/teams/55.png;0;0;0-0;N;3
39;Premier League;England;2023;2023-2024;1035517;2024-04-27T14:00:00+00:00;Regular Season - 35;36;Fulham;home;52;Crystal Palace;https://media.api-sports.io/football/teams/52.png;1;1;1-1;N;4
39;Premier League;England;2023;2023-2024;1035508;2024-04-21T15:30:00+00:00;Regular Season - 34;36;Fulham;home;40;Liverpool;https://media.api-sports.io/football/teams/40.png;1;3;1-3;D;5
39;Premier League;England;2023;2023-2024;1035550;2024-05-19T15:00:00+00:00;Regular Season - 38;39;Wolves;away;40;Liverpool;https://media.api-sports.io/football/teams/40.png;0;2;0-2;D;1
39;Premier League;England;2023;2023-2024;1035543;2024-05-11T14:00:00+00:00;Regular Season - 37;39;Wolves;home;52;Crystal Palace;https://media.api-sports.io/football/teams/52.png;1;3;1-3;D;2
39;Premier League;England;2023;2023-2024;1035532;2024-05-04T16:30:00+00:00;Regular Season - 36;39;Wolves;away;50;Manchester City;https://media.api-sports.io/football/teams/50.png;1;5;1-5;D;3
39;Premier League;England;2023;2023-2024;1035523;2024-04-27T14:00:00+00:00;Regular Season - 35;39;Wolves;home;1359;Luton;https://media.api-sports.io/football/teams/1359.png;2;1;2-1;V;4
39;Premier League;England;2023;2023-2024;1035463;2024-04-24T18:45:00+00:00;Regular Season - 29;39;Wolves;home;35;Bournemouth;https://media.api-sports.io/football/teams/35.png;0;1;0-1;D;5
39;Premier League;England;2023;2023-2024;1035550;2024-05-19T15:00:00+00:00;Regular Season - 38;40;Liverpool;home;39;Wolves;https://media.api-sports.io/football/teams/39.png;2;0;2-0;V;1
39;Premier League;England;2023;2023-2024;1035535;2024-05-13T19:00:00+00:00;Regular Season - 37;40;Liverpool;away;66;Aston Villa;https://media.api-sports.io/football/teams/66.png;3;3;3-3;N;2
39;Premier League;England;2023;2023-2024;1035530;2024-05-05T15:30:00+00:00;Regular Season - 36;40;Liverpool;home;47;Tottenham;https://media.api-sports.io/football/teams/47.png;4;2;4-2;V;3
39;Premier League;England;2023;2023-2024;1035522;2024-04-27T11:30:00+00:00;Regular Season - 35;40;Liverpool;away;48;West Ham;https://media.api-sports.io/football/teams/48.png;2;2;2-2;N;4
39;Premier League;England;2023;2023-2024;1035458;2024-04-24T19:00:00+00:00;Regular Season - 29;40;Liverpool;away;45;Everton;https://media.api-sports.io/football/teams/45.png;0;2;0-2;D;5
39;Premier League;England;2023;2023-2024;1035544;2024-05-19T15:00:00+00:00;Regular Season - 38;42;Arsenal;home;45;Everton;https://media.api-sports.io/football/teams/45.png;2;1;2-1;V;1
39;Premier League;England;2023;2023-2024;1035538;2024-05-12T15:30:00+00:00;Regular Season - 37;42;Arsenal;away;33;Manchester United;https://media.api-sports.io/football/teams/33.png;1;0;1-0;V;2
39;Premier League;England;2023;2023-2024;1035524;2024-05-04T11:30:00+00:00;Regular Season - 36;42;Arsenal;home;35;Bournemouth;https://media.api-sports.io/football/teams/35.png;3;0;3-0;V;3
39;Premier League;England;2023;2023-2024;1035521;2024-04-28T13:00:00+00:00;Regular Season - 35;42;Arsenal;away;47;Tottenham;https://media.api-sports.io/football/teams/47.png;3;2;3-2;V;4
39;Premier League;England;2023;2023-2024;1035454;2024-04-23T19:00:00+00:00;Regular Season - 29;42;Arsenal;home;49;Chelsea;https://media.api-sports.io/football/teams/49.png;5;0;5-0;V;5
39;Premier League;England;2023;2023-2024;1035547;2024-05-19T15:00:00+00:00;Regular Season - 38;44;Burnley;home;65;Nottingham Forest;https://media.api-sports.io/football/teams/65.png;1;2;1-2;D;1
39;Premier League;England;2023;2023-2024;1035541;2024-05-11T14:00:00+00:00;Regular Season - 37;44;Burnley;away;47;Tottenham;https://media.api-sports.io/football/teams/47.png;1;2;1-2;D;2
39;Premier League;England;2023;2023-2024;1035527;2024-05-04T14:00:00+00:00;Regular Season - 36;44;Burnley;home;34;Newcastle;https://media.api-sports.io/football/teams/34.png;1;4;1-4;D;3
39;Premier League;England;2023;2023-2024;1035518;2024-04-27T14:00:00+00:00;Regular Season - 35;44;Burnley;away;33;Manchester United;https://media.api-sports.io/football/teams/33.png;1;1;1-1;N;4
39;Premier League;England;2023;2023-2024;1035511;2024-04-20T14:00:00+00:00;Regular Season - 34;44;Burnley;away;62;Sheffield Utd;https://media.api-sports.io/football/teams/62.png;4;1;4-1;V;5
39;Premier League;England;2023;2023-2024;1035544;2024-05-19T15:00:00+00:00;Regular Season - 38;45;Everton;away;42;Arsenal;https://media.api-sports.io/football/teams/42.png;1;2;1-2;D;1
39;Premier League;England;2023;2023-2024;1035536;2024-05-11T14:00:00+00:00;Regular Season - 37;45;Everton;home;62;Sheffield Utd;https://media.api-sports.io/football/teams/62.png;1;0;1-0;V;2
39;Premier League;England;2023;2023-2024;1035531;2024-05-03T19:00:00+00:00;Regular Season - 36;45;Everton;away;1359;Luton;https://media.api-sports.io/football/teams/1359.png;1;1;1-1;N;3
39;Premier League;England;2023;2023-2024;1035516;2024-04-27T16:30:00+00:00;Regular Season - 35;45;Everton;home;55;Brentford;https://media.api-sports.io/football/teams/55.png;1;0;1-0;V;4
39;Premier League;England;2023;2023-2024;1035458;2024-04-24T19:00:00+00:00;Regular Season - 29;45;Everton;home;40;Liverpool;https://media.api-sports.io/football/teams/40.png;2;0;2-0;V;5
39;Premier League;England;2023;2023-2024;1035553;2024-05-19T15:00:00+00:00;Regular Season - 38;47;Tottenham;away;62;Sheffield Utd;https://media.api-sports.io/football/teams/62.png;3;0;3-0;V;1
39;Premier League;England;2023;2023-2024;1035512;2024-05-14T19:00:00+00:00;Regular Season - 34;47;Tottenham;home;50;Manchester City;https://media.api-sports.io/football/teams/50.png;0;2;0-2;D;2
39;Premier League;England;2023;2023-2024;1035541;2024-05-11T14:00:00+00:00;Regular Season - 37;47;Tottenham;home;44;Burnley;https://media.api-sports.io/football/teams/44.png;2;1;2-1;V;3
39;Premier League;England;2023;2023-2024;1035530;2024-05-05T15:30:00+00:00;Regular Season - 36;47;Tottenham;away;40;Liverpool;https://media.api-sports.io/football/teams/40.png;2;4;2-4;D;4
39;Premier League;England;2023;2023-2024;1035428;2024-05-02T18:30:00+00:00;Regular Season - 26;47;Tottenham;away;49;Chelsea;https://media.api-sports.io/football/teams/49.png;0;2;0-2;D;5
39;Premier League;England;2023;2023-2024;1035552;2024-05-19T15:00:00+00:00;Regular Season - 38;48;West Ham;away;50;Manchester City;https://media.api-sports.io/football/teams/50.png;1;3;1-3;D;1
39;Premier League;England;2023;2023-2024;1035542;2024-05-11T14:00:00+00:00;Regular Season - 37;48;West Ham;home;1359;Luton;https://media.api-sports.io/football/teams/1359.png;3;1;3-1;V;2
39;Premier League;England;2023;2023-2024;1035528;2024-05-05T13:00:00+00:00;Regular Season - 36;48;West Ham;away;49;Chelsea;https://media.api-sports.io/football/teams/49.png;0;5;0-5;D;3
39;Premier League;England;2023;2023-2024;1035522;2024-04-27T11:30:00+00:00;Regular Season - 35;48;West Ham;home;40;Liverpool;https://media.api-sports.io/football/teams/40.png;2;2;2-2;N;4
39;Premier League;England;2023;2023-2024;1035506;2024-04-21T14:00:00+00:00;Regular Season - 34;48;West Ham;away;52;Crystal Palace;https://media.api-sports.io/football/teams/52.png;2;5;2-5;D;5
39;Premier League;England;2023;2023-2024;1035548;2024-05-19T15:00:00+00:00;Regular Season - 38;49;Chelsea;home;35;Bournemouth;https://media.api-sports.io/football/teams/35.png;2;1;2-1;V;1
39;Premier League;England;2023;2023-2024;1035505;2024-05-15T18:45:00+00:00;Regular Season - 34;49;Chelsea;away;51;Brighton;https://media.api-sports.io/football/teams/51.png;2;1;2-1;V;2
39;Premier League;England;2023;2023-2024;1035540;2024-05-11T16:30:00+00:00;Regular Season - 37;49;Chelsea;away;65;Nottingham Forest;https://media.api-sports.io/football/teams/65.png;3;2;3-2;V;3
39;Premier League;England;2023;2023-2024;1035528;2024-05-05T13:00:00+00:00;Regular Season - 36;49;Chelsea;home;48;West Ham;https://media.api-sports.io/football/teams/48.png;5;0;5-0;V;4
39;Premier League;England;2023;2023-2024;1035428;2024-05-02T18:30:00+00:00;Regular Season - 26;49;Chelsea;home;47;Tottenham;https://media.api-sports.io/football/teams/47.png;2;0;2-0;V;5
39;Premier League;England;2023;2023-2024;1035552;2024-05-19T15:00:00+00:00;Regular Season - 38;50;Manchester City;home;48;West Ham;https://media.api-sports.io/football/teams/48.png;3;1;3-1;V;1
39;Premier League;England;2023;2023-2024;1035512;2024-05-14T19:00:00+00:00;Regular Season - 34;50;Manchester City;away;47;Tottenham;https://media.api-sports.io/football/teams/47.png;2;0;2-0;V;2
39;Premier League;England;2023;2023-2024;1035537;2024-05-11T11:30:00+00:00;Regular Season - 37;50;Manchester City;away;36;Fulham;https://media.api-sports.io/football/teams/36.png;4;0;4-0;V;3
39;Premier League;England;2023;2023-2024;1035532;2024-05-04T16:30:00+00:00;Regular Season - 36;50;Manchester City;home;39;Wolves;https://media.api-sports.io/football/teams/39.png;5;1;5-1;V;4
39;Premier League;England;2023;2023-2024;1035520;2024-04-28T15:30:00+00:00;Regular Season - 35;50;Manchester City;away;65;Nottingham Forest;https://media.api-sports.io/football/teams/65.png;2;0;2-0;V;5
39;Premier League;England;2023;2023-2024;1035546;2024-05-19T15:00:00+00:00;Regular Season - 38;51;Brighton;home;33;Manchester United;https://media.api-sports.io/football/teams/33.png;0;2;0-2;D;1
39;Premier League;England;2023;2023-2024;1035505;2024-05-15T18:45:00+00:00;Regular Season - 34;51;Brighton;home;49;Chelsea;https://media.api-sports.io/football/teams/49.png;1;2;1-2;D;2
39;Premier League;England;2023;2023-2024;1035539;2024-05-11T14:00:00+00:00;Regular Season - 37;51;Brighton;away;34;Newcastle;https://media.api-sports.io/football/teams/34.png;1;1;1-1;N;3
39;Premier League;England;2023;2023-2024;1035526;2024-05-05T13:00:00+00:00;Regular Season - 36;51;Brighton;home;66;Aston Villa;https://media.api-sports.io/football/teams/66.png;1;0;1-0;V;4
39;Premier League;England;2023;2023-2024;1035514;2024-04-28T13:00:00+00:00;Regular Season - 35;51;Brighton;away;35;Bournemouth;https://media.api-sports.io/football/teams/35.png;0;3;0-3;D;5
39;Premier League;England;2023;2023-2024;1035549;2024-05-19T15:00:00+00:00;Regular Season - 38;52;Crystal Palace;home;66;Aston Villa;https://media.api-sports.io/football/teams/66.png;5;0;5-0;V;1
39;Premier League;England;2023;2023-2024;1035543;2024-05-11T14:00:00+00:00;Regular Season - 37;52;Crystal Palace;away;39;Wolves;https://media.api-sports.io/football/teams/39.png;3;1;3-1;V;2
39;Premier League;England;2023;2023-2024;1035529;2024-05-06T19:00:00+00:00;Regular Season - 36;52;Crystal Palace;home;33;Manchester United;https://media.api-sports.io/football/teams/33.png;4;0;4-0;V;3
39;Premier League;England;2023;2023-2024;1035517;2024-04-27T14:00:00+00:00;Regular Season - 35;52;Crystal Palace;away;36;Fulham;https://media.api-sports.io/football/teams/36.png;1;1;1-1;N;4
39;Premier League;England;2023;2023-2024;1035457;2024-04-24T19:00:00+00:00;Regular Season - 29;52;Crystal Palace;home;34;Newcastle;https://media.api-sports.io/football/teams/34.png;2;0;2-0;V;5
39;Premier League;England;2023;2023-2024;1035545;2024-05-19T15:00:00+00:00;Regular Season - 38;55;Brentford;home;34;Newcastle;https://media.api-sports.io/football/teams/34.png;2;4;2-4;D;1
39;Premier League;England;2023;2023-2024;1035534;2024-05-11T14:00:00+00:00;Regular Season - 37;55;Brentford;away;35;Bournemouth;https://media.api-sports.io/football/teams/35.png;2;1;2-1;V;2
39;Premier League;England;2023;2023-2024;1035525;2024-05-04T14:00:00+00:00;Regular Season - 36;55;Brentford;home;36;Fulham;https://media.api-sports.io/football/teams/36.png;0;0;0-0;N;3
39;Premier League;England;2023;2023-2024;1035516;2024-04-27T16:30:00+00:00;Regular Season - 35;55;Brentford;away;45;Everton;https://media.api-sports.io/football/teams/45.png;0;1;0-1;D;4
39;Premier League;England;2023;2023-2024;1035509;2024-04-20T14:00:00+00:00;Regular Season - 34;55;Brentford;away;1359;Luton;https://media.api-sports.io/football/teams/1359.png;5;1;5-1;V;5
39;Premier League;England;2023;2023-2024;1035553;2024-05-19T15:00:00+00:00;Regular Season - 38;62;Sheffield Utd;home;47;Tottenham;https://media.api-sports.io/football/teams/47.png;0;3;0-3;D;1
39;Premier League;England;2023;2023-2024;1035536;2024-05-11T14:00:00+00:00;Regular Season - 37;62;Sheffield Utd;away;45;Everton;https://media.api-sports.io/football/teams/45.png;0;1;0-1;D;2
39;Premier League;England;2023;2023-2024;1035533;2024-05-04T14:00:00+00:00;Regular Season - 36;62;Sheffield Utd;home;65;Nottingham Forest;https://media.api-sports.io/football/teams/65.png;1;3;1-3;D;3
39;Premier League;England;2023;2023-2024;1035519;2024-04-27T14:00:00+00:00;Regular Season - 35;62;Sheffield Utd;away;34;Newcastle;https://media.api-sports.io/football/teams/34.png;1;5;1-5;D;4
39;Premier League;England;2023;2023-2024;1035461;2024-04-24T19:00:00+00:00;Regular Season - 29;62;Sheffield Utd;away;33;Manchester United;https://media.api-sports.io/football/teams/33.png;2;4;2-4;D;5
39;Premier League;England;2023;2023-2024;1035547;2024-05-19T15:00:00+00:00;Regular Season - 38;65;Nottingham Forest;away;44;Burnley;https://media.api-sports.io/football/teams/44.png;2;1;2-1;V;1
39;Premier League;England;2023;2023-2024;1035540;2024-05-11T16:30:00+00:00;Regular Season - 37;65;Nottingham Forest;home;49;Chelsea;https://media.api-sports.io/football/teams/49.png;2;3;2-3;D;2
39;Premier League;England;2023;2023-2024;1035533;2024-05-04T14:00:00+00:00;Regular Season - 36;65;Nottingham Forest;away;62;Sheffield Utd;https://media.api-sports.io/football/teams/62.png;3;1;3-1;V;3
39;Premier League;England;2023;2023-2024;1035520;2024-04-28T15:30:00+00:00;Regular Season - 35;65;Nottingham Forest;home;50;Manchester City;https://media.api-sports.io/football/teams/50.png;0;2;0-2;D;4
39;Premier League;England;2023;2023-2024;1035507;2024-04-21T12:30:00+00:00;Regular Season - 34;65;Nottingham Forest;away;45;Everton;https://media.api-sports.io/football/teams/45.png;0;2;0-2;D;5
39;Premier League;England;2023;2023-2024;1035549;2024-05-19T15:00:00+00:00;Regular Season - 38;66;Aston Villa;away;52;Crystal Palace;https://media.api-sports.io/football/teams/52.png;0;5;0-5;D;1
39;Premier League;England;2023;2023-2024;1035535;2024-05-13T19:00:00+00:00;Regular Season - 37;66;Aston Villa;home;40;Liverpool;https://media.api-sports.io/football/teams/40.png;3;3;3-3;N;2
39;Premier League;England;2023;2023-2024;1035526;2024-05-05T13:00:00+00:00;Regular Season - 36;66;Aston Villa;away;51;Brighton;https://media.api-sports.io/football/teams/51.png;0;1;0-1;D;3
39;Premier League;England;2023;2023-2024;1035515;2024-04-27T19:00:00+00:00;Regular Season - 35;66;Aston Villa;home;49;Chelsea;https://media.api-sports.io/football/teams/49.png;2;2;2-2;N;4
39;Premier League;England;2023;2023-2024;1035504;2024-04-21T14:00:00+00:00;Regular Season - 34;66;Aston Villa;home;35;Bournemouth;https://media.api-sports.io/football/teams/35.png;3;1;3-1;V;5
39;Premier League;England;2023;2023-2024;1035551;2024-05-19T15:00:00+00:00;Regular Season - 38;1359;Luton;home;36;Fulham;https://media.api-sports.io/football/teams/36.png;2;4;2-4;D;1
39;Premier League;England;2023;2023-2024;1035542;2024-05-11T14:00:00+00:00;Regular Season - 37;1359;Luton;away;48;West Ham;https://media.api-sports.io/football/teams/48.png;1;3;1-3;D;2
39;Premier League;England;2023;2023-2024;1035531;2024-05-03T19:00:00+00:00;Regular Season - 36;1359;Luton;home;45;Everton;https://media.api-sports.io/football/teams/45.png;1;1;1-1;N;3
39;Premier League;England;2023;2023-2024;1035523;2024-04-27T14:00:00+00:00;Regular Season - 35;1359;Luton;away;39;Wolves;https://media.api-sports.io/football/teams/39.png;1;2;1-2;D;4
39;Premier League;England;2023;2023-2024;1035509;2024-04-20T14:00:00+00:00;Regular Season - 34;1359;Luton;home;55;Brentford;https://media.api-sports.io/football/teams/55.png;1;5;1-5;D;5
39;Premier League;England;2024;2024-2025;1208397;2025-05-25T15:00:00+00:00;Regular Season - 38;33;Manchester United;home;66;Aston Villa;https://media.api-sports.io/football/teams/66.png;2;0;2-0;V;1
39;Premier League;England;2024;2024-2025;1208387;2025-05-16T19:15:00+00:00;Regular Season - 37;33;Manchester United;away;49;Chelsea;https://media.api-sports.io/football/teams/49.png;0;1;0-1;D;2
39;Premier League;England;2024;2024-2025;1208377;2025-05-11T13:15:00+00:00;Regular Season - 36;33;Manchester United;home;48;West Ham;https://media.api-sports.io/football/teams/48.png;0;2;0-2;D;3
39;Premier League;England;2024;2024-2025;1208365;2025-05-04T13:00:00+00:00;Regular Season - 35;33;Manchester United;away;55;Brentford;https://media.api-sports.io/football/teams/55.png;3;4;3-4;D;4
39;Premier League;England;2024;2024-2025;1208353;2025-04-27T13:00:00+00:00;Regular Season - 34;33;Manchester United;away;35;Bournemouth;https://media.api-sports.io/football/teams/35.png;1;1;1-1;N;5
39;Premier League;England;2024;2024-2025;1208398;2025-05-25T15:00:00+00:00;Regular Season - 38;34;Newcastle;home;45;Everton;https://media.api-sports.io/football/teams/45.png;0;1;0-1;D;1
39;Premier League;England;2024;2024-2025;1208383;2025-05-18T15:30:00+00:00;Regular Season - 37;34;Newcastle;away;42;Arsenal;https://media.api-sports.io/football/teams/42.png;0;1;0-1;D;2
39;Premier League;England;2024;2024-2025;1208378;2025-05-11T11:00:00+00:00;Regular Season - 36;34;Newcastle;home;49;Chelsea;https://media.api-sports.io/football/teams/49.png;2;0;2-0;V;3
39;Premier League;England;2024;2024-2025;1208366;2025-05-04T13:00:00+00:00;Regular Season - 35;34;Newcastle;away;51;Brighton;https://media.api-sports.io/football/teams/51.png;1;1;1-1;N;4
39;Premier League;England;2024;2024-2025;1208359;2025-04-26T14:00:00+00:00;Regular Season - 34;34;Newcastle;home;57;Ipswich;https://media.api-sports.io/football/teams/57.png;3;0;3-0;V;5
39;Premier League;England;2024;2024-2025;1208393;2025-05-25T15:00:00+00:00;Regular Season - 38;35;Bournemouth;home;46;Leicester;https://media.api-sports.io/football/teams/46.png;2;0;2-0;V;1
39;Premier League;England;2024;2024-2025;1208391;2025-05-20T19:00:00+00:00;Regular Season - 37;35;Bournemouth;away;50;Manchester City;https://media.api-sports.io/football/teams/50.png;1;3;1-3;D;2
39;Premier League;England;2024;2024-2025;1208373;2025-05-10T16:30:00+00:00;Regular Season - 36;35;Bournemouth;home;66;Aston Villa;https://media.api-sports.io/football/teams/66.png;0;1;0-1;D;3
39;Premier League;England;2024;2024-2025;1208363;2025-05-03T16:30:00+00:00;Regular Season - 35;35;Bournemouth;away;42;Arsenal;https://media.api-sports.io/football/teams/42.png;2;1;2-1;V;4
39;Premier League;England;2024;2024-2025;1208353;2025-04-27T13:00:00+00:00;Regular Season - 34;35;Bournemouth;home;33;Manchester United;https://media.api-sports.io/football/teams/33.png;1;1;1-1;N;5
39;Premier League;England;2024;2024-2025;1208394;2025-05-25T15:00:00+00:00;Regular Season - 38;36;Fulham;home;50;Manchester City;https://media.api-sports.io/football/teams/50.png;0;2;0-2;D;1
39;Premier League;England;2024;2024-2025;1208385;2025-05-18T14:00:00+00:00;Regular Season - 37;36;Fulham;away;55;Brentford;https://media.api-sports.io/football/teams/55.png;3;2;3-2;V;2
39;Premier League;England;2024;2024-2025;1208374;2025-05-10T14:00:00+00:00;Regular Season - 36;36;Fulham;home;45;Everton;https://media.api-sports.io/football/teams/45.png;1;3;1-3;D;3
39;Premier League;England;2024;2024-2025;1208364;2025-05-03T11:30:00+00:00;Regular Season - 35;36;Fulham;away;66;Aston Villa;https://media.api-sports.io/football/teams/66.png;0;1;0-1;D;4
39;Premier League;England;2024;2024-2025;1208361;2025-04-26T14:00:00+00:00;Regular Season - 34;36;Fulham;away;41;Southampton;https://media.api-sports.io/football/teams/41.png;2;1;2-1;V;5
39;Premier League;England;2024;2024-2025;1208402;2025-05-25T15:00:00+00:00;Regular Season - 38;39;Wolves;home;55;Brentford;https://media.api-sports.io/football/teams/55.png;1;1;1-1;N;1
39;Premier League;England;2024;2024-2025;1208388;2025-05-20T19:00:00+00:00;Regular Season - 37;39;Wolves;away;52;Crystal Palace;https://media.api-sports.io/football/teams/52.png;2;4;2-4;D;2
39;Premier League;England;2024;2024-2025;1208382;2025-05-10T14:00:00+00:00;Regular Season - 36;39;Wolves;home;51;Brighton;https://media.api-sports.io/football/teams/51.png;0;2;0-2;D;3
39;Premier League;England;2024;2024-2025;1208371;2025-05-02T19:00:00+00:00;Regular Season - 35;39;Wolves;away;50;Manchester City;https://media.api-sports.io/football/teams/50.png;0;1;0-1;D;4
39;Premier League;England;2024;2024-2025;1208362;2025-04-26T14:00:00+00:00;Regular Season - 34;39;Wolves;home;46;Leicester;https://media.api-sports.io/football/teams/46.png;3;0;3-0;V;5
39;Premier League;England;2024;2024-2025;1208396;2025-05-25T15:00:00+00:00;Regular Season - 38;40;Liverpool;home;52;Crystal Palace;https://media.api-sports.io/football/teams/52.png;1;1;1-1;N;1
39;Premier League;England;2024;2024-2025;1208386;2025-05-19T19:00:00+00:00;Regular Season - 37;40;Liverpool;away;51;Brighton;https://media.api-sports.io/football/teams/51.png;2;3;2-3;D;2
39;Premier League;England;2024;2024-2025;1208376;2025-05-11T15:30:00+00:00;Regular Season - 36;40;Liverpool;home;42;Arsenal;https://media.api-sports.io/football/teams/42.png;2;2;2-2;N;3
39;Premier League;England;2024;2024-2025;1208367;2025-05-04T15:30:00+00:00;Regular Season - 35;40;Liverpool;away;49;Chelsea;https://media.api-sports.io/football/teams/49.png;1;3;1-3;D;4
39;Premier League;England;2024;2024-2025;1208357;2025-04-27T15:30:00+00:00;Regular Season - 34;40;Liverpool;home;47;Tottenham;https://media.api-sports.io/football/teams/47.png;5;1;5-1;V;5
39;Premier League;England;2024;2024-2025;1208400;2025-05-25T15:00:00+00:00;Regular Season - 38;41;Southampton;home;42;Arsenal;https://media.api-sports.io/football/teams/42.png;1;2;1-2;D;1
39;Premier League;England;2024;2024-2025;1208389;2025-05-18T11:00:00+00:00;Regular Season - 37;41;Southampton;away;45;Everton;https://media.api-sports.io/football/teams/45.png;0;2;0-2;D;2
39;Premier League;England;2024;2024-2025;1208380;2025-05-10T14:00:00+00:00;Regular Season - 36;41;Southampton;home;50;Manchester City;https://media.api-sports.io/football/teams/50.png;0;0;0-0;N;3
39;Premier League;England;2024;2024-2025;1208370;2025-05-03T14:00:00+00:00;Regular Season - 35;41;Southampton;away;46;Leicester;https://media.api-sports.io/football/teams/46.png;0;2;0-2;D;4
39;Premier League;England;2024;2024-2025;1208361;2025-04-26T14:00:00+00:00;Regular Season - 34;41;Southampton;home;36;Fulham;https://media.api-sports.io/football/teams/36.png;1;2;1-2;D;5
39;Premier League;England;2024;2024-2025;1208400;2025-05-25T15:00:00+00:00;Regular Season - 38;42;Arsenal;away;41;Southampton;https://media.api-sports.io/football/teams/41.png;2;1;2-1;V;1
39;Premier League;England;2024;2024-2025;1208383;2025-05-18T15:30:00+00:00;Regular Season - 37;42;Arsenal;home;34;Newcastle;https://media.api-sports.io/football/teams/34.png;1;0;1-0;V;2
39;Premier League;England;2024;2024-2025;1208376;2025-05-11T15:30:00+00:00;Regular Season - 36;42;Arsenal;away;40;Liverpool;https://media.api-sports.io/football/teams/40.png;2;2;2-2;N;3
39;Premier League;England;2024;2024-2025;1208363;2025-05-03T16:30:00+00:00;Regular Season - 35;42;Arsenal;home;35;Bournemouth;https://media.api-sports.io/football/teams/35.png;1;2;1-2;D;4
39;Premier League;England;2024;2024-2025;1208354;2025-04-23T19:00:00+00:00;Regular Season - 34;42;Arsenal;home;52;Crystal Palace;https://media.api-sports.io/football/teams/52.png;2;2;2-2;N;5
39;Premier League;England;2024;2024-2025;1208398;2025-05-25T15:00:00+00:00;Regular Season - 38;45;Everton;away;34;Newcastle;https://media.api-sports.io/football/teams/34.png;1;0;1-0;V;1
39;Premier League;England;2024;2024-2025;1208389;2025-05-18T11:00:00+00:00;Regular Season - 37;45;Everton;home;41;Southampton;https://media.api-sports.io/football/teams/41.png;2;0;2-0;V;2
39;Premier League;England;2024;2024-2025;1208374;2025-05-10T14:00:00+00:00;Regular Season - 36;45;Everton;away;36;Fulham;https://media.api-sports.io/football/teams/36.png;3;1;3-1;V;3
39;Premier League;England;2024;2024-2025;1208369;2025-05-03T14:00:00+00:00;Regular Season - 35;45;Everton;home;57;Ipswich;https://media.api-sports.io/football/teams/57.png;2;2;2-2;N;4
39;Premier League;England;2024;2024-2025;1208356;2025-04-26T11:30:00+00:00;Regular Season - 34;45;Everton;away;49;Chelsea;https://media.api-sports.io/football/teams/49.png;0;1;0-1;D;5
39;Premier League;England;2024;2024-2025;1208393;2025-05-25T15:00:00+00:00;Regular Season - 38;46;Leicester;away;35;Bournemouth;https://media.api-sports.io/football/teams/35.png;0;2;0-2;D;1
39;Premier League;England;2024;2024-2025;1208390;2025-05-18T14:00:00+00:00;Regular Season - 37;46;Leicester;home;57;Ipswich;https://media.api-sports.io/football/teams/57.png;2;0;2-0;V;2
39;Premier League;England;2024;2024-2025;1208379;2025-05-11T13:15:00+00:00;Regular Season - 36;46;Leicester;away;65;Nottingham Forest;https://media.api-sports.io/football/teams/65.png;2;2;2-2;N;3
39;Premier League;England;2024;2024-2025;1208370;2025-05-03T14:00:00+00:00;Regular Season - 35;46;Leicester;home;41;Southampton;https://media.api-sports.io/football/teams/41.png;2;0;2-0;V;4
39;Premier League;England;2024;2024-2025;1208362;2025-04-26T14:00:00+00:00;Regular Season - 34;46;Leicester;away;39;Wolves;https://media.api-sports.io/football/teams/39.png;0;3;0-3;D;5
39;Premier League;England;2024;2024-2025;1208401;2025-05-25T15:00:00+00:00;Regular Season - 38;47;Tottenham;home;51;Brighton;https://media.api-sports.io/football/teams/51.png;1;4;1-4;D;1
39;Premier League;England;2024;2024-2025;1208384;2025-05-16T18:30:00+00:00;Regular Season - 37;47;Tottenham;away;66;Aston Villa;https://media.api-sports.io/football/teams/66.png;0;2;0-2;D;2
39;Premier League;England;2024;2024-2025;1208381;2025-05-11T13:15:00+00:00;Regular Season - 36;47;Tottenham;home;52;Crystal Palace;https://media.api-sports.io/football/teams/52.png;0;2;0-2;D;3
39;Premier League;England;2024;2024-2025;1208372;2025-05-04T13:00:00+00:00;Regular Season - 35;47;Tottenham;away;48;West Ham;https://media.api-sports.io/football/teams/48.png;1;1;1-1;N;4
39;Premier League;England;2024;2024-2025;1208357;2025-04-27T15:30:00+00:00;Regular Season - 34;47;Tottenham;away;40;Liverpool;https://media.api-sports.io/football/teams/40.png;1;5;1-5;D;5
39;Premier League;England;2024;2024-2025;1208395;2025-05-25T15:00:00+00:00;Regular Season - 38;48;West Ham;away;57;Ipswich;https://media.api-sports.io/football/teams/57.png;3;1;3-1;V;1
39;Premier League;England;2024;2024-2025;1208392;2025-05-18T13:15:00+00:00;Regular Season - 37;48;West Ham;home;65;Nottingham Forest;https://media.api-sports.io/football/teams/65.png;1;2;1-2;D;2
39;Premier League;England;2024;2024-2025;1208377;2025-05-11T13:15:00+00:00;Regular Season - 36;48;West Ham;away;33;Manchester United;https://media.api-sports.io/football/teams/33.png;2;0;2-0;V;3
39;Premier League;England;2024;2024-2025;1208372;2025-05-04T13:00:00+00:00;Regular Season - 35;48;West Ham;home;47;Tottenham;https://media.api-sports.io/football/teams/47.png;1;1;1-1;N;4
39;Premier League;England;2024;2024-2025;1208355;2025-04-26T14:00:00+00:00;Regular Season - 34;48;West Ham;away;51;Brighton;https://media.api-sports.io/football/teams/51.png;2;3;2-3;D;5
39;Premier League;England;2024;2024-2025;1208399;2025-05-25T15:00:00+00:00;Regular Season - 38;49;Chelsea;away;65;Nottingham Forest;https://media.api-sports.io/football/teams/65.png;1;0;1-0;V;1
39;Premier League;England;2024;2024-2025;1208387;2025-05-16T19:15:00+00:00;Regular Season - 37;49;Chelsea;home;33;Manchester United;https://media.api-sports.io/football/teams/33.png;1;0;1-0;V;2
39;Premier League;England;2024;2024-2025;1208378;2025-05-11T11:00:00+00:00;Regular Season - 36;49;Chelsea;away;34;Newcastle;https://media.api-sports.io/football/teams/34.png;0;2;0-2;D;3
39;Premier League;England;2024;2024-2025;1208367;2025-05-04T15:30:00+00:00;Regular Season - 35;49;Chelsea;home;40;Liverpool;https://media.api-sports.io/football/teams/40.png;3;1;3-1;V;4
39;Premier League;England;2024;2024-2025;1208356;2025-04-26T11:30:00+00:00;Regular Season - 34;49;Chelsea;home;45;Everton;https://media.api-sports.io/football/teams/45.png;1;0;1-0;V;5
39;Premier League;England;2024;2024-2025;1208394;2025-05-25T15:00:00+00:00;Regular Season - 38;50;Manchester City;away;36;Fulham;https://media.api-sports.io/football/teams/36.png;2;0;2-0;V;1
39;Premier League;England;2024;2024-2025;1208391;2025-05-20T19:00:00+00:00;Regular Season - 37;50;Manchester City;home;35;Bournemouth;https://media.api-sports.io/football/teams/35.png;3;1;3-1;V;2
39;Premier League;England;2024;2024-2025;1208380;2025-05-10T14:00:00+00:00;Regular Season - 36;50;Manchester City;away;41;Southampton;https://media.api-sports.io/football/teams/41.png;0;0;0-0;N;3
39;Premier League;England;2024;2024-2025;1208371;2025-05-02T19:00:00+00:00;Regular Season - 35;50;Manchester City;home;39;Wolves;https://media.api-sports.io/football/teams/39.png;1;0;1-0;V;4
39;Premier League;England;2024;2024-2025;1208358;2025-04-22T19:00:00+00:00;Regular Season - 34;50;Manchester City;home;66;Aston Villa;https://media.api-sports.io/football/teams/66.png;2;1;2-1;V;5
39;Premier League;England;2024;2024-2025;1208401;2025-05-25T15:00:00+00:00;Regular Season - 38;51;Brighton;away;47;Tottenham;https://media.api-sports.io/football/teams/47.png;4;1;4-1;V;1
39;Premier League;England;2024;2024-2025;1208386;2025-05-19T19:00:00+00:00;Regular Season - 37;51;Brighton;home;40;Liverpool;https://media.api-sports.io/football/teams/40.png;3;2;3-2;V;2
39;Premier League;England;2024;2024-2025;1208382;2025-05-10T14:00:00+00:00;Regular Season - 36;51;Brighton;away;39;Wolves;https://media.api-sports.io/football/teams/39.png;2;0;2-0;V;3
39;Premier League;England;2024;2024-2025;1208366;2025-05-04T13:00:00+00:00;Regular Season - 35;51;Brighton;home;34;Newcastle;https://media.api-sports.io/football/teams/34.png;1;1;1-1;N;4
39;Premier League;England;2024;2024-2025;1208355;2025-04-26T14:00:00+00:00;Regular Season - 34;51;Brighton;home;48;West Ham;https://media.api-sports.io/football/teams/48.png;3;2;3-2;V;5
39;Premier League;England;2024;2024-2025;1208396;2025-05-25T15:00:00+00:00;Regular Season - 38;52;Crystal Palace;away;40;Liverpool;https://media.api-sports.io/football/teams/40.png;1;1;1-1;N;1
39;Premier League;England;2024;2024-2025;1208388;2025-05-20T19:00:00+00:00;Regular Season - 37;52;Crystal Palace;home;39;Wolves;https://media.api-sports.io/football/teams/39.png;4;2;4-2;V;2
39;Premier League;England;2024;2024-2025;1208381;2025-05-11T13:15:00+00:00;Regular Season - 36;52;Crystal Palace;away;47;Tottenham;https://media.api-sports.io/football/teams/47.png;2;0;2-0;V;3
39;Premier League;England;2024;2024-2025;1208368;2025-05-05T19:00:00+00:00;Regular Season - 35;52;Crystal Palace;home;65;Nottingham Forest;https://media.api-sports.io/football/teams/65.png;1;1;1-1;N;4
39;Premier League;England;2024;2024-2025;1208354;2025-04-23T19:00:00+00:00;Regular Season - 34;52;Crystal Palace;away;42;Arsenal;https://media.api-sports.io/football/teams/42.png;2;2;2-2;N;5
39;Premier League;England;2024;2024-2025;1208402;2025-05-25T15:00:00+00:00;Regular Season - 38;55;Brentford;away;39;Wolves;https://media.api-sports.io/football/teams/39.png;1;1;1-1;N;1
39;Premier League;England;2024;2024-2025;1208385;2025-05-18T14:00:00+00:00;Regular Season - 37;55;Brentford;home;36;Fulham;https://media.api-sports.io/football/teams/36.png;2;3;2-3;D;2
39;Premier League;England;2024;2024-2025;1208375;2025-05-10T14:00:00+00:00;Regular Season - 36;55;Brentford;away;57;Ipswich;https://media.api-sports.io/football/teams/57.png;1;0;1-0;V;3
39;Premier League;England;2024;2024-2025;1208365;2025-05-04T13:00:00+00:00;Regular Season - 35;55;Brentford;home;33;Manchester United;https://media.api-sports.io/football/teams/33.png;4;3;4-3;V;4
39;Premier League;England;2024;2024-2025;1208360;2025-05-01T18:30:00+00:00;Regular Season - 34;55;Brentford;away;65;Nottingham Forest;https://media.api-sports.io/football/teams/65.png;2;0;2-0;V;5
39;Premier League;England;2024;2024-2025;1208395;2025-05-25T15:00:00+00:00;Regular Season - 38;57;Ipswich;home;48;West Ham;https://media.api-sports.io/football/teams/48.png;1;3;1-3;D;1
39;Premier League;England;2024;2024-2025;1208390;2025-05-18T14:00:00+00:00;Regular Season - 37;57;Ipswich;away;46;Leicester;https://media.api-sports.io/football/teams/46.png;0;2;0-2;D;2
39;Premier League;England;2024;2024-2025;1208375;2025-05-10T14:00:00+00:00;Regular Season - 36;57;Ipswich;home;55;Brentford;https://media.api-sports.io/football/teams/55.png;0;1;0-1;D;3
39;Premier League;England;2024;2024-2025;1208369;2025-05-03T14:00:00+00:00;Regular Season - 35;57;Ipswich;away;45;Everton;https://media.api-sports.io/football/teams/45.png;2;2;2-2;N;4
39;Premier League;England;2024;2024-2025;1208359;2025-04-26T14:00:00+00:00;Regular Season - 34;57;Ipswich;away;34;Newcastle;https://media.api-sports.io/football/teams/34.png;0;3;0-3;D;5
39;Premier League;England;2024;2024-2025;1208399;2025-05-25T15:00:00+00:00;Regular Season - 38;65;Nottingham Forest;home;49;Chelsea;https://media.api-sports.io/football/teams/49.png;0;1;0-1;D;1
39;Premier League;England;2024;2024-2025;1208392;2025-05-18T13:15:00+00:00;Regular Season - 37;65;Nottingham Forest;away;48;West Ham;https://media.api-sports.io/football/teams/48.png;2;1;2-1;V;2
39;Premier League;England;2024;2024-2025;1208379;2025-05-11T13:15:00+00:00;Regular Season - 36;65;Nottingham Forest;home;46;Leicester;https://media.api-sports.io/football/teams/46.png;2;2;2-2;N;3
39;Premier League;England;2024;2024-2025;1208368;2025-05-05T19:00:00+00:00;Regular Season - 35;65;Nottingham Forest;away;52;Crystal Palace;https://media.api-sports.io/football/teams/52.png;1;1;1-1;N;4
39;Premier League;England;2024;2024-2025;1208360;2025-05-01T18:30:00+00:00;Regular Season - 34;65;Nottingham Forest;home;55;Brentford;https://media.api-sports.io/football/teams/55.png;0;2;0-2;D;5
39;Premier League;England;2024;2024-2025;1208397;2025-05-25T15:00:00+00:00;Regular Season - 38;66;Aston Villa;away;33;Manchester United;https://media.api-sports.io/football/teams/33.png;0;2;0-2;D;1
39;Premier League;England;2024;2024-2025;1208384;2025-05-16T18:30:00+00:00;Regular Season - 37;66;Aston Villa;home;47;Tottenham;https://media.api-sports.io/football/teams/47.png;2;0;2-0;V;2
39;Premier League;England;2024;2024-2025;1208373;2025-05-10T16:30:00+00:00;Regular Season - 36;66;Aston Villa;away;35;Bournemouth;https://media.api-sports.io/football/teams/35.png;1;0;1-0;V;3
39;Premier League;England;2024;2024-2025;1208364;2025-05-03T11:30:00+00:00;Regular Season - 35;66;Aston Villa;home;36;Fulham;https://media.api-sports.io/football/teams/36.png;1;0;1-0;V;4
39;Premier League;England;2024;2024-2025;1208358;2025-04-22T19:00:00+00:00;Regular Season - 34;66;Aston Villa;away;50;Manchester City;https://media.api-sports.io/football/teams/50.png;1;2;1-2;D;5
140;La Liga;Spain;2022;2022-2023;878317;2023-06-04T19:00:00+00:00;Regular Season - 38;529;Barcelona;away;538;Celta Vigo;https://media.api-sports.io/football/teams/538.png;1;2;1-2;D;1
140;La Liga;Spain;2022;2022-2023;878304;2023-05-28T17:00:00+00:00;Regular Season - 37;529;Barcelona;home;798;Mallorca;https://media.api-sports.io/football/teams/798.png;3;0;3-0;V;2
140;La Liga;Spain;2022;2022-2023;878298;2023-05-23T20:00:00+00:00;Regular Season - 36;529;Barcelona;away;720;Valladolid;https://media.api-sports.io/football/teams/720.png;1;3;1-3;D;3
140;La Liga;Spain;2022;2022-2023;878284;2023-05-20T19:00:00+00:00;Regular Season - 35;529;Barcelona;home;548;Real Sociedad;https://media.api-sports.io/football/teams/548.png;1;2;1-2;D;4
140;La Liga;Spain;2022;2022-2023;878276;2023-05-14T19:00:00+00:00;Regular Season - 34;529;Barcelona;away;540;Espanyol;https://media.api-sports.io/football/teams/540.png;4;2;4-2;V;5
140;La Liga;Spain;2022;2022-2023;878316;2023-06-04T16:30:00+00:00;Regular Season - 38;530;Atletico Madrid;away;533;Villarreal;https://media.api-sports.io/football/teams/533.png;2;2;2-2;N;1
140;La Liga;Spain;2022;2022-2023;878303;2023-05-28T17:00:00+00:00;Regular Season - 37;530;Atletico Madrid;home;548;Real Sociedad;https://media.api-sports.io/football/teams/548.png;2;1;2-1;V;2
140;La Liga;Spain;2022;2022-2023;878297;2023-05-24T20:00:00+00:00;Regular Season - 36;530;Atletico Madrid;away;540;Espanyol;https://media.api-sports.io/football/teams/540.png;3;3;3-3;N;3
140;La Liga;Spain;2022;2022-2023;878283;2023-05-21T14:15:00+00:00;Regular Season - 35;530;Atletico Madrid;home;727;Osasuna;https://media.api-sports.io/football/teams/727.png;3;0;3-0;V;4
140;La Liga;Spain;2022;2022-2023;878275;2023-05-14T14:15:00+00:00;Regular Season - 34;530;Atletico Madrid;away;797;Elche;https://media.api-sports.io/football/teams/797.png;0;1;0-1;D;5
140;La Liga;Spain;2022;2022-2023;878315;2023-06-04T16:30:00+00:00;Regular Season - 38;531;Athletic Club;away;541;Real Madrid;https://media.api-sports.io/football/teams/541.png;1;1;1-1;N;1
140;La Liga;Spain;2022;2022-2023;878302;2023-05-28T17:00:00+00:00;Regular Season - 37;531;Athletic Club;home;797;Elche;https://media.api-sports.io/football/teams/797.png;0;1;0-1;D;2
140;La Liga;Spain;2022;2022-2023;878296;2023-05-25T19:30:00+00:00;Regular Season - 36;531;Athletic Club;away;727;Osasuna;https://media.api-sports.io/football/teams/727.png;0;2;0-2;D;3
140;La Liga;Spain;2022;2022-2023;878282;2023-05-20T14:15:00+00:00;Regular Season - 35;531;Athletic Club;home;538;Celta Vigo;https://media.api-sports.io/football/teams/538.png;2;1;2-1;V;4
140;La Liga;Spain;2022;2022-2023;878274;2023-05-13T16:30:00+00:00;Regular Season - 34;531;Athletic Club;away;533;Villarreal;https://media.api-sports.io/football/teams/533.png;1;5;1-5;D;5
140;La Liga;Spain;2022;2022-2023;878312;2023-06-04T19:00:00+00:00;Regular Season - 38;532;Valencia;away;543;Real Betis;https://media.api-sports.io/football/teams/543.png;1;1;1-1;N;1
140;La Liga;Spain;2022;2022-2023;878310;2023-05-28T17:00:00+00:00;Regular Season - 37;532;Valencia;home;540;Espanyol;https://media.api-sports.io/football/teams/540.png;2;2;2-2;N;2
140;La Liga;Spain;2022;2022-2023;878295;2023-05-25T17:30:00+00:00;Regular Season - 36;532;Valencia;away;798;Mallorca;https://media.api-sports.io/football/teams/798.png;0;1;0-1;D;3
140;La Liga;Spain;2022;2022-2023;878291;2023-05-21T16:30:00+00:00;Regular Season - 35;532;Valencia;home;541;Real Madrid;https://media.api-sports.io/football/teams/541.png;1;0;1-0;V;4
140;La Liga;Spain;2022;2022-2023;878273;2023-05-14T12:00:00+00:00;Regular Season - 34;532;Valencia;away;538;Celta Vigo;https://media.api-sports.io/football/teams/538.png;2;1;2-1;V;5
140;La Liga;Spain;2022;2022-2023;878316;2023-06-04T16:30:00+00:00;Regular Season - 38;533;Villarreal;home;530;Atletico Madrid;https://media.api-sports.io/football/teams/530.png;2;2;2-2;N;1
140;La Liga;Spain;2022;2022-2023;878307;2023-05-28T17:00:00+00:00;Regular Season - 37;533;Villarreal;away;728;Rayo Vallecano;https://media.api-sports.io/football/teams/728.png;1;2;1-2;D;2
140;La Liga;Spain;2022;2022-2023;878299;2023-05-24T17:30:00+00:00;Regular Season - 36;533;Villarreal;home;724;Cadiz;https://media.api-sports.io/football/teams/724.png;2;0;2-0;V;3
140;La Liga;Spain;2022;2022-2023;878287;2023-05-20T12:00:00+00:00;Regular Season - 35;533;Villarreal;away;547;Girona;https://media.api-sports.io/football/teams/547.png;2;1;2-1;V;4
140;La Liga;Spain;2022;2022-2023;878274;2023-05-13T16:30:00+00:00;Regular Season - 34;533;Villarreal;home;531;Athletic Club;https://media.api-sports.io/football/teams/531.png;5;1;5-1;V;5
140;La Liga;Spain;2022;2022-2023;878314;2023-06-04T16:30:00+00:00;Regular Season - 38;536;Sevilla;away;548;Real Sociedad;https://media.api-sports.io/football/teams/548.png;1;2;1-2;D;1
140;La Liga;Spain;2022;2022-2023;878311;2023-05-27T17:00:00+00:00;Regular Season - 37;536;Sevilla;home;541;Real Madrid;https://media.api-sports.io/football/teams/541.png;1;2;1-2;D;2
140;La Liga;Spain;2022;2022-2023;878294;2023-05-24T17:30:00+00:00;Regular Season - 36;536;Sevilla;away;797;Elche;https://media.api-sports.io/football/teams/797.png;1;1;1-1;N;3
140;La Liga;Spain;2022;2022-2023;878288;2023-05-21T19:00:00+00:00;Regular Season - 35;536;Sevilla;home;543;Real Betis;https://media.api-sports.io/football/teams/543.png;0;0;0-0;N;4
140;La Liga;Spain;2022;2022-2023;878279;2023-05-14T16:30:00+00:00;Regular Season - 34;536;Sevilla;away;720;Valladolid;https://media.api-sports.io/football/teams/720.png;3;0;3-0;V;5
140;La Liga;Spain;2022;2022-2023;878317;2023-06-04T19:00:00+00:00;Regular Season - 38;538;Celta Vigo;home;529;Barcelona;https://media.api-sports.io/football/teams/529.png;2;1;2-1;V;1
140;La Liga;Spain;2022;2022-2023;878306;2023-05-28T17:00:00+00:00;Regular Season - 37;538;Celta Vigo;away;724;Cadiz;https://media.api-sports.io/football/teams/724.png;0;1;0-1;D;2
140;La Liga;Spain;2022;2022-2023;878293;2023-05-23T17:30:00+00:00;Regular Season - 36;538;Celta Vigo;home;547;Girona;https://media.api-sports.io/football/teams/547.png;1;1;1-1;N;3
140;La Liga;Spain;2022;2022-2023;878282;2023-05-20T14:15:00+00:00;Regular Season - 35;538;Celta Vigo;away;531;Athletic Club;https://media.api-sports.io/football/teams/531.png;1;2;1-2;D;4
140;La Liga;Spain;2022;2022-2023;878273;2023-05-14T12:00:00+00:00;Regular Season - 34;538;Celta Vigo;home;532;Valencia;https://media.api-sports.io/football/teams/532.png;1;2;1-2;D;5
140;La Liga;Spain;2022;2022-2023;878320;2023-06-04T19:00:00+00:00;Regular Season - 38;540;Espanyol;home;723;Almeria;https://media.api-sports.io/football/teams/723.png;3;3;3-3;N;1
140;La Liga;Spain;2022;2022-2023;878310;2023-05-28T17:00:00+00:00;Regular Season - 37;540;Espanyol;away;532;Valencia;https://media.api-sports.io/football/teams/532.png;2;2;2-2;N;2
140;La Liga;Spain;2022;2022-2023;878297;2023-05-24T20:00:00+00:00;Regular Season - 36;540;Espanyol;home;530;Atletico Madrid;https://media.api-sports.io/football/teams/530.png;3;3;3-3;N;3
140;La Liga;Spain;2022;2022-2023;878290;2023-05-21T12:00:00+00:00;Regular Season - 35;540;Espanyol;away;728;Rayo Vallecano;https://media.api-sports.io/football/teams/728.png;2;1;2-1;V;4
140;La Liga;Spain;2022;2022-2023;878276;2023-05-14T19:00:00+00:00;Regular Season - 34;540;Espanyol;home;529;Barcelona;https://media.api-sports.io/football/teams/529.png;2;4;2-4;D;5
140;La Liga;Spain;2022;2022-2023;878315;2023-06-04T16:30:00+00:00;Regular Season - 38;541;Real Madrid;home;531;Athletic Club;https://media.api-sports.io/football/teams/531.png;1;1;1-1;N;1
140;La Liga;Spain;2022;2022-2023;878311;2023-05-27T17:00:00+00:00;Regular Season - 37;541;Real Madrid;away;536;Sevilla;https://media.api-sports.io/football/teams/536.png;2;1;2-1;V;2
140;La Liga;Spain;2022;2022-2023;878300;2023-05-24T17:30:00+00:00;Regular Season - 36;541;Real Madrid;home;728;Rayo Vallecano;https://media.api-sports.io/football/teams/728.png;2;1;2-1;V;3
140;La Liga;Spain;2022;2022-2023;878291;2023-05-21T16:30:00+00:00;Regular Season - 35;541;Real Madrid;away;532;Valencia;https://media.api-sports.io/football/teams/532.png;0;1;0-1;D;4
140;La Liga;Spain;2022;2022-2023;878277;2023-05-13T19:00:00+00:00;Regular Season - 34;541;Real Madrid;home;546;Getafe;https://media.api-sports.io/football/teams/546.png;1;0;1-0;V;5
140;La Liga;Spain;2022;2022-2023;878312;2023-06-04T19:00:00+00:00;Regular Season - 38;543;Real Betis;home;532;Valencia;https://media.api-sports.io/football/teams/532.png;1;1;1-1;N;1
140;La Liga;Spain;2022;2022-2023;878309;2023-05-28T17:00:00+00:00;Regular Season - 37;543;Real Betis;away;547;Girona;https://media.api-sports.io/football/teams/547.png;2;1;2-1;V;2
140;La Liga;Spain;2022;2022-2023;878292;2023-05-24T20:00:00+00:00;Regular Season - 36;543;Real Betis;home;546;Getafe;https://media.api-sports.io/football/teams/546.png;0;1;0-1;D;3
140;La Liga;Spain;2022;2022-2023;878288;2023-05-21T19:00:00+00:00;Regular Season - 35;543;Real Betis;away;536;Sevilla;https://media.api-sports.io/football/teams/536.png;0;0;0-0;N;4
140;La Liga;Spain;2022;2022-2023;878272;2023-05-15T19:00:00+00:00;Regular Season - 34;543;Real Betis;home;728;Rayo Vallecano;https://media.api-sports.io/football/teams/728.png;3;1;3-1;V;5
140;La Liga;Spain;2022;2022-2023;878318;2023-06-04T19:00:00+00:00;Regular Season - 38;546;Getafe;away;720;Valladolid;https://media.api-sports.io/football/teams/720.png;0;0;0-0;N;1
140;La Liga;Spain;2022;2022-2023;878305;2023-05-28T17:00:00+00:00;Regular Season - 37;546;Getafe;home;727;Osasuna;https://media.api-sports.io/football/teams/727.png;2;1;2-1;V;2
140;La Liga;Spain;2022;2022-2023;878292;2023-05-24T20:00:00+00:00;Regular Season - 36;546;Getafe;away;543;Real Betis;https://media.api-sports.io/football/teams/543.png;1;0;1-0;V;3
140;La Liga;Spain;2022;2022-2023;878289;2023-05-20T16:30:00+00:00;Regular Season - 35;546;Getafe;home;797;Elche;https://media.api-sports.io/football/teams/797.png;1;1;1-1;N;4
140;La Liga;Spain;2022;2022-2023;878277;2023-05-13T19:00:00+00:00;Regular Season - 34;546;Getafe;away;541;Real Madrid;https://media.api-sports.io/football/teams/541.png;0;1;0-1;D;5
140;La Liga;Spain;2022;2022-2023;878321;2023-06-04T16:30:00+00:00;Regular Season - 38;547;Girona;away;727;Osasuna;https://media.api-sports.io/football/teams/727.png;1;2;1-2;D;1
140;La Liga;Spain;2022;2022-2023;878309;2023-05-28T17:00:00+00:00;Regular Season - 37;547;Girona;home;543;Real Betis;https://media.api-sports.io/football/teams/543.png;1;2;1-2;D;2
140;La Liga;Spain;2022;2022-2023;878293;2023-05-23T17:30:00+00:00;Regular Season - 36;547;Girona;away;538;Celta Vigo;https://media.api-sports.io/football/teams/538.png;1;1;1-1;N;3
140;La Liga;Spain;2022;2022-2023;878287;2023-05-20T12:00:00+00:00;Regular Season - 35;547;Girona;home;533;Villarreal;https://media.api-sports.io/football/teams/533.png;1;2;1-2;D;4
140;La Liga;Spain;2022;2022-2023;878281;2023-05-13T12:00:00+00:00;Regular Season - 34;547;Girona;away;548;Real Sociedad;https://media.api-sports.io/football/teams/548.png;2;2;2-2;N;5
140;La Liga;Spain;2022;2022-2023;878314;2023-06-04T16:30:00+00:00;Regular Season - 38;548;Real Sociedad;home;536;Sevilla;https://media.api-sports.io/football/teams/536.png;2;1;2-1;V;1
140;La Liga;Spain;2022;2022-2023;878303;2023-05-28T17:00:00+00:00;Regular Season - 37;548;Real Sociedad;away;530;Atletico Madrid;https://media.api-sports.io/football/teams/530.png;1;2;1-2;D;2
140;La Liga;Spain;2022;2022-2023;878301;2023-05-23T17:30:00+00:00;Regular Season - 36;548;Real Sociedad;home;723;Almeria;https://media.api-sports.io/football/teams/723.png;1;0;1-0;V;3
140;La Liga;Spain;2022;2022-2023;878284;2023-05-20T19:00:00+00:00;Regular Season - 35;548;Real Sociedad;away;529;Barcelona;https://media.api-sports.io/football/teams/529.png;2;1;2-1;V;4
140;La Liga;Spain;2022;2022-2023;878281;2023-05-13T12:00:00+00:00;Regular Season - 34;548;Real Sociedad;home;547;Girona;https://media.api-sports.io/football/teams/547.png;2;2;2-2;N;5
140;La Liga;Spain;2022;2022-2023;878318;2023-06-04T19:00:00+00:00;Regular Season - 38;720;Valladolid;home;546;Getafe;https://media.api-sports.io/football/teams/546.png;0;0;0-0;N;1
140;La Liga;Spain;2022;2022-2023;878308;2023-05-28T17:00:00+00:00;Regular Season - 37;720;Valladolid;away;723;Almeria;https://media.api-sports.io/football/teams/723.png;0;0;0-0;N;2
140;La Liga;Spain;2022;2022-2023;878298;2023-05-23T20:00:00+00:00;Regular Season - 36;720;Valladolid;home;529;Barcelona;https://media.api-sports.io/football/teams/529.png;3;1;3-1;V;3
140;La Liga;Spain;2022;2022-2023;878285;2023-05-19T19:00:00+00:00;Regular Season - 35;720;Valladolid;away;724;Cadiz;https://media.api-sports.io/football/teams/724.png;0;2;0-2;D;4
140;La Liga;Spain;2022;2022-2023;878279;2023-05-14T16:30:00+00:00;Regular Season - 34;720;Valladolid;home;536;Sevilla;https://media.api-sports.io/football/teams/536.png;0;3;0-3;D;5
140;La Liga;Spain;2022;2022-2023;878320;2023-06-04T19:00:00+00:00;Regular Season - 38;723;Almeria;away;540;Espanyol;https://media.api-sports.io/football/teams/540.png;3;3;3-3;N;1
140;La Liga;Spain;2022;2022-2023;878308;2023-05-28T17:00:00+00:00;Regular Season - 37;723;Almeria;home;720;Valladolid;https://media.api-sports.io/football/teams/720.png;0;0;0-0;N;2
140;La Liga;Spain;2022;2022-2023;878301;2023-05-23T17:30:00+00:00;Regular Season - 36;723;Almeria;away;548;Real Sociedad;https://media.api-sports.io/football/teams/548.png;0;1;0-1;D;3
140;La Liga;Spain;2022;2022-2023;878286;2023-05-20T16:30:00+00:00;Regular Season - 35;723;Almeria;home;798;Mallorca;https://media.api-sports.io/football/teams/798.png;3;0;3-0;V;4
140;La Liga;Spain;2022;2022-2023;878280;2023-05-13T14:15:00+00:00;Regular Season - 34;723;Almeria;away;727;Osasuna;https://media.api-sports.io/football/teams/727.png;1;3;1-3;D;5
140;La Liga;Spain;2022;2022-2023;878319;2023-06-04T19:00:00+00:00;Regular Season - 38;724;Cadiz;away;797;Elche;https://media.api-sports.io/football/teams/797.png;1;1;1-1;N;1
140;La Liga;Spain;2022;2022-2023;878306;2023-05-28T17:00:00+00:00;Regular Season - 37;724;Cadiz;home;538;Celta Vigo;https://media.api-sports.io/football/teams/538.png;1;0;1-0;V;2
140;La Liga;Spain;2022;2022-2023;878299;2023-05-24T17:30:00+00:00;Regular Season - 36;724;Cadiz;away;533;Villarreal;https://media.api-sports.io/football/teams/533.png;0;2;0-2;D;3
140;La Liga;Spain;2022;2022-2023;878285;2023-05-19T19:00:00+00:00;Regular Season - 35;724;Cadiz;home;720;Valladolid;https://media.api-sports.io/football/teams/720.png;2;0;2-0;V;4
140;La Liga;Spain;2022;2022-2023;878278;2023-05-12T19:00:00+00:00;Regular Season - 34;724;Cadiz;away;798;Mallorca;https://media.api-sports.io/football/teams/798.png;0;1;0-1;D;5
140;La Liga;Spain;2022;2022-2023;878321;2023-06-04T16:30:00+00:00;Regular Season - 38;727;Osasuna;home;547;Girona;https://media.api-sports.io/football/teams/547.png;2;1;2-1;V;1
140;La Liga;Spain;2022;2022-2023;878305;2023-05-28T17:00:00+00:00;Regular Season - 37;727;Osasuna;away;546;Getafe;https://media.api-sports.io/football/teams/546.png;1;2;1-2;D;2
140;La Liga;Spain;2022;2022-2023;878296;2023-05-25T19:30:00+00:00;Regular Season - 36;727;Osasuna;home;531;Athletic Club;https://media.api-sports.io/football/teams/531.png;2;0;2-0;V;3
140;La Liga;Spain;2022;2022-2023;878283;2023-05-21T14:15:00+00:00;Regular Season - 35;727;Osasuna;away;530;Atletico Madrid;https://media.api-sports.io/football/teams/530.png;0;3;0-3;D;4
140;La Liga;Spain;2022;2022-2023;878280;2023-05-13T14:15:00+00:00;Regular Season - 34;727;Osasuna;home;723;Almeria;https://media.api-sports.io/football/teams/723.png;3;1;3-1;V;5
140;La Liga;Spain;2022;2022-2023;878313;2023-06-04T16:30:00+00:00;Regular Season - 38;728;Rayo Vallecano;away;798;Mallorca;https://media.api-sports.io/football/teams/798.png;0;3;0-3;D;1
140;La Liga;Spain;2022;2022-2023;878307;2023-05-28T17:00:00+00:00;Regular Season - 37;728;Rayo Vallecano;home;533;Villarreal;https://media.api-sports.io/football/teams/533.png;2;1;2-1;V;2
140;La Liga;Spain;2022;2022-2023;878300;2023-05-24T17:30:00+00:00;Regular Season - 36;728;Rayo Vallecano;away;541;Real Madrid;https://media.api-sports.io/football/teams/541.png;1;2;1-2;D;3
140;La Liga;Spain;2022;2022-2023;878290;2023-05-21T12:00:00+00:00;Regular Season - 35;728;Rayo Vallecano;home;540;Espanyol;https://media.api-sports.io/football/teams/540.png;1;2;1-2;D;4
140;La Liga;Spain;2022;2022-2023;878272;2023-05-15T19:00:00+00:00;Regular Season - 34;728;Rayo Vallecano;away;543;Real Betis;https://media.api-sports.io/football/teams/543.png;1;3;1-3;D;5
140;La Liga;Spain;2022;2022-2023;878319;2023-06-04T19:00:00+00:00;Regular Season - 38;797;Elche;home;724;Cadiz;https://media.api-sports.io/football/teams/724.png;1;1;1-1;N;1
140;La Liga;Spain;2022;2022-2023;878302;2023-05-28T17:00:00+00:00;Regular Season - 37;797;Elche;away;531;Athletic Club;https://media.api-sports.io/football/teams/531.png;1;0;1-0;V;2
140;La Liga;Spain;2022;2022-2023;878294;2023-05-24T17:30:00+00:00;Regular Season - 36;797;Elche;home;536;Sevilla;https://media.api-sports.io/football/teams/536.png;1;1;1-1;N;3
140;La Liga;Spain;2022;2022-2023;878289;2023-05-20T16:30:00+00:00;Regular Season - 35;797;Elche;away;546;Getafe;https://media.api-sports.io/football/teams/546.png;1;1;1-1;N;4
140;La Liga;Spain;2022;2022-2023;878275;2023-05-14T14:15:00+00:00;Regular Season - 34;797;Elche;home;530;Atletico Madrid;https://media.api-sports.io/football/teams/530.png;1;0;1-0;V;5
140;La Liga;Spain;2022;2022-2023;878313;2023-06-04T16:30:00+00:00;Regular Season - 38;798;Mallorca;home;728;Rayo Vallecano;https://media.api-sports.io/football/teams/728.png;3;0;3-0;V;1
140;La Liga;Spain;2022;2022-2023;878304;2023-05-28T17:00:00+00:00;Regular Season - 37;798;Mallorca;away;529;Barcelona;https://media.api-sports.io/football/teams/529.png;0;3;0-3;D;2
140;La Liga;Spain;2022;2022-2023;878295;2023-05-25T17:30:00+00:00;Regular Season - 36;798;Mallorca;home;532;Valencia;https://media.api-sports.io/football/teams/532.png;1;0;1-0;V;3
140;La Liga;Spain;2022;2022-2023;878286;2023-05-20T16:30:00+00:00;Regular Season - 35;798;Mallorca;away;723;Almeria;https://media.api-sports.io/football/teams/723.png;0;3;0-3;D;4
140;La Liga;Spain;2022;2022-2023;878278;2023-05-12T19:00:00+00:00;Regular Season - 34;798;Mallorca;home;724;Cadiz;https://media.api-sports.io/football/teams/724.png;1;0;1-0;V;5
140;La Liga;Spain;2023;2023-2024;1038329;2024-05-26T19:00:00+00:00;Regular Season - 38;529;Barcelona;away;536;Sevilla;https://media.api-sports.io/football/teams/536.png;2;1;2-1;V;1
140;La Liga;Spain;2023;2023-2024;1038314;2024-05-19T17:00:00+00:00;Regular Season - 37;529;Barcelona;home;728;Rayo Vallecano;https://media.api-sports.io/football/teams/728.png;3;0;3-0;V;2
140;La Liga;Spain;2023;2023-2024;1038302;2024-05-16T19:30:00+00:00;Regular Season - 36;529;Barcelona;away;723;Almeria;https://media.api-sports.io/football/teams/723.png;2;0;2-0;V;3
140;La Liga;Spain;2023;2023-2024;1038294;2024-05-13T19:00:00+00:00;Regular Season - 35;529;Barcelona;home;548;Real Sociedad;https://media.api-sports.io/football/teams/548.png;2;0;2-0;V;4
140;La Liga;Spain;2023;2023-2024;1038286;2024-05-04T16:30:00+00:00;Regular Season - 34;529;Barcelona;away;547;Girona;https://media.api-sports.io/football/teams/547.png;2;4;2-4;D;5
140;La Liga;Spain;2023;2023-2024;1038328;2024-05-25T14:15:00+00:00;Regular Season - 38;530;Atletico Madrid;away;548;Real Sociedad;https://media.api-sports.io/football/teams/548.png;2;0;2-0;V;1
140;La Liga;Spain;2023;2023-2024;1038313;2024-05-19T17:00:00+00:00;Regular Season - 37;530;Atletico Madrid;home;727;Osasuna;https://media.api-sports.io/football/teams/727.png;1;4;1-4;D;2
140;La Liga;Spain;2023;2023-2024;1038306;2024-05-15T20:00:00+00:00;Regular Season - 36;530;Atletico Madrid;away;546;Getafe;https://media.api-sports.io/football/teams/546.png;3;0;3-0;V;3
140;La Liga;Spain;2023;2023-2024;1038293;2024-05-12T14:15:00+00:00;Regular Season - 35;530;Atletico Madrid;home;538;Celta Vigo;https://media.api-sports.io/football/teams/538.png;1;0;1-0;V;4
140;La Liga;Spain;2023;2023-2024;1038285;2024-05-04T19:00:00+00:00;Regular Season - 34;530;Atletico Madrid;away;798;Mallorca;https://media.api-sports.io/football/teams/798.png;1;0;1-0;V;5
140;La Liga;Spain;2023;2023-2024;1038327;2024-05-25T16:30:00+00:00;Regular Season - 38;531;Athletic Club;away;728;Rayo Vallecano;https://media.api-sports.io/football/teams/728.png;1;0;1-0;V;1
140;La Liga;Spain;2023;2023-2024;1038312;2024-05-19T17:00:00+00:00;Regular Season - 37;531;Athletic Club;home;536;Sevilla;https://media.api-sports.io/football/teams/536.png;2;0;2-0;V;2
140;La Liga;Spain;2023;2023-2024;1038305;2024-05-15T20:00:00+00:00;Regular Season - 36;531;Athletic Club;away;538;Celta Vigo;https://media.api-sports.io/football/teams/538.png;1;2;1-2;D;3
140;La Liga;Spain;2023;2023-2024;1038292;2024-05-11T19:00:00+00:00;Regular Season - 35;531;Athletic Club;home;727;Osasuna;https://media.api-sports.io/football/teams/727.png;2;2;2-2;N;4
140;La Liga;Spain;2023;2023-2024;1038284;2024-05-03T19:00:00+00:00;Regular Season - 34;531;Athletic Club;away;546;Getafe;https://media.api-sports.io/football/teams/546.png;2;0;2-0;V;5
140;La Liga;Spain;2023;2023-2024;1038323;2024-05-26T14:15:00+00:00;Regular Season - 38;532;Valencia;away;538;Celta Vigo;https://media.api-sports.io/football/teams/538.png;2;2;2-2;N;1
140;La Liga;Spain;2023;2023-2024;1038320;2024-05-19T17:00:00+00:00;Regular Season - 37;532;Valencia;home;547;Girona;https://media.api-sports.io/football/teams/547.png;1;3;1-3;D;2
140;La Liga;Spain;2023;2023-2024;1038304;2024-05-16T20:00:00+00:00;Regular Season - 36;532;Valencia;away;548;Real Sociedad;https://media.api-sports.io/football/teams/548.png;0;1;0-1;D;3
140;La Liga;Spain;2023;2023-2024;1038299;2024-05-12T16:30:00+00:00;Regular Season - 35;532;Valencia;home;728;Rayo Vallecano;https://media.api-sports.io/football/teams/728.png;0;0;0-0;N;4
140;La Liga;Spain;2023;2023-2024;1038291;2024-05-05T16:30:00+00:00;Regular Season - 34;532;Valencia;home;542;Alaves;https://media.api-sports.io/football/teams/542.png;0;1;0-1;D;5
140;La Liga;Spain;2023;2023-2024;1038326;2024-05-25T12:00:00+00:00;Regular Season - 38;533;Villarreal;away;727;Osasuna;https://media.api-sports.io/football/teams/727.png;1;1;1-1;N;1
140;La Liga;Spain;2023;2023-2024;1038321;2024-05-19T17:00:00+00:00;Regular Season - 37;533;Villarreal;home;541;Real Madrid;https://media.api-sports.io/football/teams/541.png;4;4;4-4;N;2
140;La Liga;Spain;2023;2023-2024;1038303;2024-05-14T20:00:00+00:00;Regular Season - 36;533;Villarreal;away;547;Girona;https://media.api-sports.io/football/teams/547.png;1;0;1-0;V;3
140;La Liga;Spain;2023;2023-2024;1038300;2024-05-11T14:15:00+00:00;Regular Season - 35;533;Villarreal;home;536;Sevilla;https://media.api-sports.io/football/teams/536.png;3;2;3-2;V;4
140;La Liga;Spain;2023;2023-2024;1038282;2024-05-05T14:15:00+00:00;Regular Season - 34;533;Villarreal;away;538;Celta Vigo;https://media.api-sports.io/football/teams/538.png;2;3;2-3;D;5
140;La Liga;Spain;2023;2023-2024;1038331;2024-05-26T14:15:00+00:00;Regular Season - 38;534;Las Palmas;home;542;Alaves;https://media.api-sports.io/football/teams/542.png;1;1;1-1;N;1
140;La Liga;Spain;2023;2023-2024;1038316;2024-05-19T17:00:00+00:00;Regular Season - 37;534;Las Palmas;away;724;Cadiz;https://media.api-sports.io/football/teams/724.png;0;0;0-0;N;2
140;La Liga;Spain;2023;2023-2024;1038307;2024-05-16T17:30:00+00:00;Regular Season - 36;534;Las Palmas;home;543;Real Betis;https://media.api-sports.io/football/teams/543.png;2;2;2-2;N;3
140;La Liga;Spain;2023;2023-2024;1038301;2024-05-11T12:00:00+00:00;Regular Season - 35;534;Las Palmas;away;798;Mallorca;https://media.api-sports.io/football/teams/798.png;0;1;0-1;D;4
140;La Liga;Spain;2023;2023-2024;1038290;2024-05-04T12:00:00+00:00;Regular Season - 34;534;Las Palmas;away;548;Real Sociedad;https://media.api-sports.io/football/teams/548.png;0;2;0-2;D;5
140;La Liga;Spain;2023;2023-2024;1038329;2024-05-26T19:00:00+00:00;Regular Season - 38;536;Sevilla;home;529;Barcelona;https://media.api-sports.io/football/teams/529.png;1;2;1-2;D;1
140;La Liga;Spain;2023;2023-2024;1038312;2024-05-19T17:00:00+00:00;Regular Season - 37;536;Sevilla;away;531;Athletic Club;https://media.api-sports.io/football/teams/531.png;0;2;0-2;D;2
140;La Liga;Spain;2023;2023-2024;1038308;2024-05-15T17:30:00+00:00;Regular Season - 36;536;Sevilla;home;724;Cadiz;https://media.api-sports.io/football/teams/724.png;0;1;0-1;D;3
140;La Liga;Spain;2023;2023-2024;1038300;2024-05-11T14:15:00+00:00;Regular Season - 35;536;Sevilla;away;533;Villarreal;https://media.api-sports.io/football/teams/533.png;2;3;2-3;D;4
140;La Liga;Spain;2023;2023-2024;1038289;2024-05-05T19:00:00+00:00;Regular Season - 34;536;Sevilla;home;715;Granada CF;https://media.api-sports.io/football/teams/715.png;3;0;3-0;V;5
140;La Liga;Spain;2023;2023-2024;1038323;2024-05-26T14:15:00+00:00;Regular Season - 38;538;Celta Vigo;home;532;Valencia;https://media.api-sports.io/football/teams/532.png;2;2;2-2;N;1
140;La Liga;Spain;2023;2023-2024;1038319;2024-05-19T17:00:00+00:00;Regular Season - 37;538;Celta Vigo;away;715;Granada CF;https://media.api-sports.io/football/teams/715.png;2;1;2-1;V;2
140;La Liga;Spain;2023;2023-2024;1038305;2024-05-15T20:00:00+00:00;Regular Season - 36;538;Celta Vigo;home;531;Athletic Club;https://media.api-sports.io/football/teams/531.png;2;1;2-1;V;3
140;La Liga;Spain;2023;2023-2024;1038293;2024-05-12T14:15:00+00:00;Regular Season - 35;538;Celta Vigo;away;530;Atletico Madrid;https://media.api-sports.io/football/teams/530.png;0;1;0-1;D;4
140;La Liga;Spain;2023;2023-2024;1038282;2024-05-05T14:15:00+00:00;Regular Season - 34;538;Celta Vigo;home;533;Villarreal;https://media.api-sports.io/football/teams/533.png;3;2;3-2;V;5
140;La Liga;Spain;2023;2023-2024;1038330;2024-05-25T19:00:00+00:00;Regular Season - 38;541;Real Madrid;home;543;Real Betis;https://media.api-sports.io/football/teams/543.png;0;0;0-0;N;1
140;La Liga;Spain;2023;2023-2024;1038321;2024-05-19T17:00:00+00:00;Regular Season - 37;541;Real Madrid;away;533;Villarreal;https://media.api-sports.io/football/teams/533.png;4;4;4-4;N;2
140;La Liga;Spain;2023;2023-2024;1038311;2024-05-14T19:30:00+00:00;Regular Season - 36;541;Real Madrid;home;542;Alaves;https://media.api-sports.io/football/teams/542.png;5;0;5-0;V;3
140;La Liga;Spain;2023;2023-2024;1038296;2024-05-11T16:30:00+00:00;Regular Season - 35;541;Real Madrid;away;715;Granada CF;https://media.api-sports.io/football/teams/715.png;4;0;4-0;V;4
140;La Liga;Spain;2023;2023-2024;1038288;2024-05-04T14:15:00+00:00;Regular Season - 34;541;Real Madrid;home;724;Cadiz;https://media.api-sports.io/football/teams/724.png;3;0;3-0;V;5
140;La Liga;Spain;2023;2023-2024;1038331;2024-05-26T14:15:00+00:00;Regular Season - 38;542;Alaves;away;534;Las Palmas;https://media.api-sports.io/football/teams/534.png;1;1;1-1;N;1
140;La Liga;Spain;2023;2023-2024;1038317;2024-05-18T19:00:00+00:00;Regular Season - 37;542;Alaves;home;546;Getafe;https://media.api-sports.io/football/teams/546.png;1;0;1-0;V;2
140;La Liga;Spain;2023;2023-2024;1038311;2024-05-14T19:30:00+00:00;Regular Season - 36;542;Alaves;away;541;Real Madrid;https://media.api-sports.io/football/teams/541.png;0;5;0-5;D;3
140;La Liga;Spain;2023;2023-2024;1038297;2024-05-10T19:00:00+00:00;Regular Season - 35;542;Alaves;home;547;Girona;https://media.api-sports.io/football/teams/547.png;2;2;2-2;N;4
140;La Liga;Spain;2023;2023-2024;1038291;2024-05-05T16:30:00+00:00;Regular Season - 34;542;Alaves;away;532;Valencia;https://media.api-sports.io/football/teams/532.png;1;0;1-0;V;5
140;La Liga;Spain;2023;2023-2024;1038330;2024-05-25T19:00:00+00:00;Regular Season - 38;543;Real Betis;away;541;Real Madrid;https://media.api-sports.io/football/teams/541.png;0;0;0-0;N;1
140;La Liga;Spain;2023;2023-2024;1038315;2024-05-19T17:00:00+00:00;Regular Season - 37;543;Real Betis;home;548;Real Sociedad;https://media.api-sports.io/football/teams/548.png;0;2;0-2;D;2
140;La Liga;Spain;2023;2023-2024;1038307;2024-05-16T17:30:00+00:00;Regular Season - 36;543;Real Betis;away;534;Las Palmas;https://media.api-sports.io/football/teams/534.png;2;2;2-2;N;3
140;La Liga;Spain;2023;2023-2024;1038298;2024-05-12T19:00:00+00:00;Regular Season - 35;543;Real Betis;home;723;Almeria;https://media.api-sports.io/football/teams/723.png;3;2;3-2;V;4
140;La Liga;Spain;2023;2023-2024;1038287;2024-05-05T12:00:00+00:00;Regular Season - 34;543;Real Betis;away;727;Osasuna;https://media.api-sports.io/football/teams/727.png;2;0;2-0;V;5
140;La Liga;Spain;2023;2023-2024;1038324;2024-05-26T12:00:00+00:00;Regular Season - 38;546;Getafe;home;798;Mallorca;https://media.api-sports.io/football/teams/798.png;1;2;1-2;D;1
140;La Liga;Spain;2023;2023-2024;1038317;2024-05-18T19:00:00+00:00;Regular Season - 37;546;Getafe;away;542;Alaves;https://media.api-sports.io/football/teams/542.png;0;1;0-1;D;2
140;La Liga;Spain;2023;2023-2024;1038306;2024-05-15T20:00:00+00:00;Regular Season - 36;546;Getafe;home;530;Atletico Madrid;https://media.api-sports.io/football/teams/530.png;0;3;0-3;D;3
140;La Liga;Spain;2023;2023-2024;1038295;2024-05-12T12:00:00+00:00;Regular Season - 35;546;Getafe;away;724;Cadiz;https://media.api-sports.io/football/teams/724.png;0;1;0-1;D;4
140;La Liga;Spain;2023;2023-2024;1038284;2024-05-03T19:00:00+00:00;Regular Season - 34;546;Getafe;home;531;Athletic Club;https://media.api-sports.io/football/teams/531.png;0;2;0-2;D;5
140;La Liga;Spain;2023;2023-2024;1038325;2024-05-24T19:00:00+00:00;Regular Season - 38;547;Girona;home;715;Granada CF;https://media.api-sports.io/football/teams/715.png;7;0;7-0;V;1
140;La Liga;Spain;2023;2023-2024;1038320;2024-05-19T17:00:00+00:00;Regular Season - 37;547;Girona;away;532;Valencia;https://media.api-sports.io/football/teams/532.png;3;1;3-1;V;2
140;La Liga;Spain;2023;2023-2024;1038303;2024-05-14T20:00:00+00:00;Regular Season - 36;547;Girona;home;533;Villarreal;https://media.api-sports.io/football/teams/533.png;0;1;0-1;D;3
140;La Liga;Spain;2023;2023-2024;1038297;2024-05-10T19:00:00+00:00;Regular Season - 35;547;Girona;away;542;Alaves;https://media.api-sports.io/football/teams/542.png;2;2;2-2;N;4
140;La Liga;Spain;2023;2023-2024;1038286;2024-05-04T16:30:00+00:00;Regular Season - 34;547;Girona;home;529;Barcelona;https://media.api-sports.io/football/teams/529.png;4;2;4-2;V;5
140;La Liga;Spain;2023;2023-2024;1038328;2024-05-25T14:15:00+00:00;Regular Season - 38;548;Real Sociedad;home;530;Atletico Madrid;https://media.api-sports.io/football/teams/530.png;0;2;0-2;D;1
140;La Liga;Spain;2023;2023-2024;1038315;2024-05-19T17:00:00+00:00;Regular Season - 37;548;Real Sociedad;away;543;Real Betis;https://media.api-sports.io/football/teams/543.png;2;0;2-0;V;2
140;La Liga;Spain;2023;2023-2024;1038304;2024-05-16T20:00:00+00:00;Regular Season - 36;548;Real Sociedad;home;532;Valencia;https://media.api-sports.io/football/teams/532.png;1;0;1-0;V;3
140;La Liga;Spain;2023;2023-2024;1038294;2024-05-13T19:00:00+00:00;Regular Season - 35;548;Real Sociedad;away;529;Barcelona;https://media.api-sports.io/football/teams/529.png;0;2;0-2;D;4
140;La Liga;Spain;2023;2023-2024;1038290;2024-05-04T12:00:00+00:00;Regular Season - 34;548;Real Sociedad;home;534;Las Palmas;https://media.api-sports.io/football/teams/534.png;2;0;2-0;V;5
140;La Liga;Spain;2023;2023-2024;1038325;2024-05-24T19:00:00+00:00;Regular Season - 38;715;Granada CF;away;547;Girona;https://media.api-sports.io/football/teams/547.png;0;7;0-7;D;1
140;La Liga;Spain;2023;2023-2024;1038319;2024-05-19T17:00:00+00:00;Regular Season - 37;715;Granada CF;home;538;Celta Vigo;https://media.api-sports.io/football/teams/538.png;1;2;1-2;D;2
140;La Liga;Spain;2023;2023-2024;1038310;2024-05-15T17:30:00+00:00;Regular Season - 36;715;Granada CF;away;728;Rayo Vallecano;https://media.api-sports.io/football/teams/728.png;1;2;1-2;D;3
140;La Liga;Spain;2023;2023-2024;1038296;2024-05-11T16:30:00+00:00;Regular Season - 35;715;Granada CF;home;541;Real Madrid;https://media.api-sports.io/football/teams/541.png;0;4;0-4;D;4
140;La Liga;Spain;2023;2023-2024;1038289;2024-05-05T19:00:00+00:00;Regular Season - 34;715;Granada CF;away;536;Sevilla;https://media.api-sports.io/football/teams/536.png;0;3;0-3;D;5
140;La Liga;Spain;2023;2023-2024;1038322;2024-05-25T16:30:00+00:00;Regular Season - 38;723;Almeria;home;724;Cadiz;https://media.api-sports.io/football/teams/724.png;6;1;6-1;V;1
140;La Liga;Spain;2023;2023-2024;1038318;2024-05-19T17:00:00+00:00;Regular Season - 37;723;Almeria;away;798;Mallorca;https://media.api-sports.io/football/teams/798.png;2;2;2-2;N;2
140;La Liga;Spain;2023;2023-2024;1038302;2024-05-16T19:30:00+00:00;Regular Season - 36;723;Almeria;home;529;Barcelona;https://media.api-sports.io/football/teams/529.png;0;2;0-2;D;3
140;La Liga;Spain;2023;2023-2024;1038298;2024-05-12T19:00:00+00:00;Regular Season - 35;723;Almeria;away;543;Real Betis;https://media.api-sports.io/football/teams/543.png;2;3;2-3;D;4
140;La Liga;Spain;2023;2023-2024;1038283;2024-05-05T19:00:00+00:00;Regular Season - 34;723;Almeria;away;728;Rayo Vallecano;https://media.api-sports.io/football/teams/728.png;1;0;1-0;V;5
140;La Liga;Spain;2023;2023-2024;1038322;2024-05-25T16:30:00+00:00;Regular Season - 38;724;Cadiz;away;723;Almeria;https://media.api-sports.io/football/teams/723.png;1;6;1-6;D;1
140;La Liga;Spain;2023;2023-2024;1038316;2024-05-19T17:00:00+00:00;Regular Season - 37;724;Cadiz;home;534;Las Palmas;https://media.api-sports.io/football/teams/534.png;0;0;0-0;N;2
140;La Liga;Spain;2023;2023-2024;1038308;2024-05-15T17:30:00+00:00;Regular Season - 36;724;Cadiz;away;536;Sevilla;https://media.api-sports.io/football/teams/536.png;1;0;1-0;V;3
140;La Liga;Spain;2023;2023-2024;1038295;2024-05-12T12:00:00+00:00;Regular Season - 35;724;Cadiz;home;546;Getafe;https://media.api-sports.io/football/teams/546.png;1;0;1-0;V;4
140;La Liga;Spain;2023;2023-2024;1038288;2024-05-04T14:15:00+00:00;Regular Season - 34;724;Cadiz;away;541;Real Madrid;https://media.api-sports.io/football/teams/541.png;0;3;0-3;D;5
140;La Liga;Spain;2023;2023-2024;1038326;2024-05-25T12:00:00+00:00;Regular Season - 38;727;Osasuna;home;533;Villarreal;https://media.api-sports.io/football/teams/533.png;1;1;1-1;N;1
140;La Liga;Spain;2023;2023-2024;1038313;2024-05-19T17:00:00+00:00;Regular Season - 37;727;Osasuna;away;530;Atletico Madrid;https://media.api-sports.io/football/teams/530.png;4;1;4-1;V;2
140;La Liga;Spain;2023;2023-2024;1038309;2024-05-14T17:30:00+00:00;Regular Season - 36;727;Osasuna;home;798;Mallorca;https://media.api-sports.io/football/teams/798.png;1;1;1-1;N;3
140;La Liga;Spain;2023;2023-2024;1038292;2024-05-11T19:00:00+00:00;Regular Season - 35;727;Osasuna;away;531;Athletic Club;https://media.api-sports.io/football/teams/531.png;2;2;2-2;N;4
140;La Liga;Spain;2023;2023-2024;1038287;2024-05-05T12:00:00+00:00;Regular Season - 34;727;Osasuna;home;543;Real Betis;https://media.api-sports.io/football/teams/543.png;0;2;0-2;D;5
140;La Liga;Spain;2023;2023-2024;1038327;2024-05-25T16:30:00+00:00;Regular Season - 38;728;Rayo Vallecano;home;531;Athletic Club;https://media.api-sports.io/football/teams/531.png;0;1;0-1;D;1
140;La Liga;Spain;2023;2023-2024;1038314;2024-05-19T17:00:00+00:00;Regular Season - 37;728;Rayo Vallecano;away;529;Barcelona;https://media.api-sports.io/football/teams/529.png;0;3;0-3;D;2
140;La Liga;Spain;2023;2023-2024;1038310;2024-05-15T17:30:00+00:00;Regular Season - 36;728;Rayo Vallecano;home;715;Granada CF;https://media.api-sports.io/football/teams/715.png;2;1;2-1;V;3
140;La Liga;Spain;2023;2023-2024;1038299;2024-05-12T16:30:00+00:00;Regular Season - 35;728;Rayo Vallecano;away;532;Valencia;https://media.api-sports.io/football/teams/532.png;0;0;0-0;N;4
140;La Liga;Spain;2023;2023-2024;1038283;2024-05-05T19:00:00+00:00;Regular Season - 34;728;Rayo Vallecano;home;723;Almeria;https://media.api-sports.io/football/teams/723.png;0;1;0-1;D;5
140;La Liga;Spain;2023;2023-2024;1038324;2024-05-26T12:00:00+00:00;Regular Season - 38;798;Mallorca;away;546;Getafe;https://media.api-sports.io/football/teams/546.png;2;1;2-1;V;1
140;La Liga;Spain;2023;2023-2024;1038318;2024-05-19T17:00:00+00:00;Regular Season - 37;798;Mallorca;home;723;Almeria;https://media.api-sports.io/football/teams/723.png;2;2;2-2;N;2
140;La Liga;Spain;2023;2023-2024;1038309;2024-05-14T17:30:00+00:00;Regular Season - 36;798;Mallorca;away;727;Osasuna;https://media.api-sports.io/football/teams/727.png;1;1;1-1;N;3
140;La Liga;Spain;2023;2023-2024;1038301;2024-05-11T12:00:00+00:00;Regular Season - 35;798;Mallorca;home;534;Las Palmas;https://media.api-sports.io/football/teams/534.png;1;0;1-0;V;4
140;La Liga;Spain;2023;2023-2024;1038285;2024-05-04T19:00:00+00:00;Regular Season - 34;798;Mallorca;home;530;Atletico Madrid;https://media.api-sports.io/football/teams/530.png;0;1;0-1;D;5
140;La Liga;Spain;2024;2024-2025;1208827;2025-05-25T19:00:00+00:00;Regular Season - 38;529;Barcelona;away;531;Athletic Club;https://media.api-sports.io/football/teams/531.png;3;0;3-0;V;1
140;La Liga;Spain;2024;2024-2025;1208819;2025-05-18T17:00:00+00:00;Regular Season - 37;529;Barcelona;home;533;Villarreal;https://media.api-sports.io/football/teams/533.png;2;3;2-3;D;2
140;La Liga;Spain;2024;2024-2025;1212945;2025-05-15T19:30:00+00:00;Regular Season - 36;529;Barcelona;away;540;Espanyol;https://media.api-sports.io/football/teams/540.png;2;0;2-0;V;3
140;La Liga;Spain;2024;2024-2025;1208801;2025-05-11T14:15:00+00:00;Regular Season - 35;529;Barcelona;home;541;Real Madrid;https://media.api-sports.io/football/teams/541.png;4;3;4-3;V;4
140;La Liga;Spain;2024;2024-2025;1208795;2025-05-03T19:00:00+00:00;Regular Season - 34;529;Barcelona;away;720;Valladolid;https://media.api-sports.io/football/teams/720.png;2;1;2-1;V;5
140;La Liga;Spain;2024;2024-2025;1208832;2025-05-25T12:00:00+00:00;Regular Season - 38;530;Atletico Madrid;away;547;Girona;https://media.api-sports.io/football/teams/547.png;4;0;4-0;V;1
140;La Liga;Spain;2024;2024-2025;1208818;2025-05-18T17:00:00+00:00;Regular Season - 37;530;Atletico Madrid;home;543;Real Betis;https://media.api-sports.io/football/teams/543.png;4;1;4-1;V;2
140;La Liga;Spain;2024;2024-2025;1208811;2025-05-15T17:00:00+00:00;Regular Season - 36;530;Atletico Madrid;away;727;Osasuna;https://media.api-sports.io/football/teams/727.png;0;2;0-2;D;3
140;La Liga;Spain;2024;2024-2025;1208800;2025-05-10T19:00:00+00:00;Regular Season - 35;530;Atletico Madrid;home;548;Real Sociedad;https://media.api-sports.io/football/teams/548.png;4;0;4-0;V;4
140;La Liga;Spain;2024;2024-2025;1208793;2025-05-03T12:00:00+00:00;Regular Season - 34;530;Atletico Madrid;away;542;Alaves;https://media.api-sports.io/football/teams/542.png;0;0;0-0;N;5
140;La Liga;Spain;2024;2024-2025;1208827;2025-05-25T19:00:00+00:00;Regular Season - 38;531;Athletic Club;home;529;Barcelona;https://media.api-sports.io/football/teams/529.png;0;3;0-3;D;1
140;La Liga;Spain;2024;2024-2025;1208821;2025-05-18T17:00:00+00:00;Regular Season - 37;531;Athletic Club;away;532;Valencia;https://media.api-sports.io/football/teams/532.png;1;0;1-0;V;2
140;La Liga;Spain;2024;2024-2025;1208810;2025-05-15T19:30:00+00:00;Regular Season - 36;531;Athletic Club;away;546;Getafe;https://media.api-sports.io/football/teams/546.png;2;0;2-0;V;3
140;La Liga;Spain;2024;2024-2025;1208808;2025-05-11T16:30:00+00:00;Regular Season - 35;531;Athletic Club;home;542;Alaves;https://media.api-sports.io/football/teams/542.png;1;0;1-0;V;4
140;La Liga;Spain;2024;2024-2025;1208794;2025-05-04T19:00:00+00:00;Regular Season - 34;531;Athletic Club;away;548;Real Sociedad;https://media.api-sports.io/football/teams/548.png;0;0;0-0;N;5
140;La Liga;Spain;2024;2024-2025;1208828;2025-05-23T19:00:00+00:00;Regular Season - 38;532;Valencia;away;543;Real Betis;https://media.api-sports.io/football/teams/543.png;1;1;1-1;N;1
140;La Liga;Spain;2024;2024-2025;1208821;2025-05-18T17:00:00+00:00;Regular Season - 37;532;Valencia;home;531;Athletic Club;https://media.api-sports.io/football/teams/531.png;0;1;0-1;D;2
140;La Liga;Spain;2024;2024-2025;1208809;2025-05-14T17:00:00+00:00;Regular Season - 36;532;Valencia;away;542;Alaves;https://media.api-sports.io/football/teams/542.png;0;1;0-1;D;3
140;La Liga;Spain;2024;2024-2025;1208807;2025-05-10T12:00:00+00:00;Regular Season - 35;532;Valencia;home;546;Getafe;https://media.api-sports.io/football/teams/546.png;3;0;3-0;V;4
140;La Liga;Spain;2024;2024-2025;1208792;2025-05-03T16:30:00+00:00;Regular Season - 34;532;Valencia;away;534;Las Palmas;https://media.api-sports.io/football/teams/534.png;3;2;3-2;V;5
140;La Liga;Spain;2024;2024-2025;1208835;2025-05-25T14:15:00+00:00;Regular Season - 38;533;Villarreal;home;536;Sevilla;https://media.api-sports.io/football/teams/536.png;4;2;4-2;V;1
140;La Liga;Spain;2024;2024-2025;1208819;2025-05-18T17:00:00+00:00;Regular Season - 37;533;Villarreal;away;529;Barcelona;https://media.api-sports.io/football/teams/529.png;3;2;3-2;V;2
140;La Liga;Spain;2024;2024-2025;1208817;2025-05-14T17:00:00+00:00;Regular Season - 36;533;Villarreal;home;537;Leganes;https://media.api-sports.io/football/teams/537.png;3;0;3-0;V;3
140;La Liga;Spain;2024;2024-2025;1208804;2025-05-10T16:30:00+00:00;Regular Season - 35;533;Villarreal;away;547;Girona;https://media.api-sports.io/football/teams/547.png;1;0;1-0;V;4
140;La Liga;Spain;2024;2024-2025;1208798;2025-05-03T14:15:00+00:00;Regular Season - 34;533;Villarreal;home;727;Osasuna;https://media.api-sports.io/football/teams/727.png;4;2;4-2;V;5
140;La Liga;Spain;2024;2024-2025;1212947;2025-05-24T16:30:00+00:00;Regular Season - 38;534;Las Palmas;away;540;Espanyol;https://media.api-sports.io/football/teams/540.png;0;2;0-2;D;1
140;La Liga;Spain;2024;2024-2025;1208826;2025-05-18T17:00:00+00:00;Regular Season - 37;534;Las Palmas;home;537;Leganes;https://media.api-sports.io/football/teams/537.png;0;1;0-1;D;2
140;La Liga;Spain;2024;2024-2025;1208816;2025-05-13T19:30:00+00:00;Regular Season - 36;534;Las Palmas;away;536;Sevilla;https://media.api-sports.io/football/teams/536.png;0;1;0-1;D;3
140;La Liga;Spain;2024;2024-2025;1208806;2025-05-09T19:00:00+00:00;Regular Season - 35;534;Las Palmas;home;728;Rayo Vallecano;https://media.api-sports.io/football/teams/728.png;0;1;0-1;D;4
140;La Liga;Spain;2024;2024-2025;1208792;2025-05-03T16:30:00+00:00;Regular Season - 34;534;Las Palmas;home;532;Valencia;https://media.api-sports.io/football/teams/532.png;2;3;2-3;D;5
140;La Liga;Spain;2024;2024-2025;1208835;2025-05-25T14:15:00+00:00;Regular Season - 38;536;Sevilla;away;533;Villarreal;https://media.api-sports.io/football/teams/533.png;2;4;2-4;D;1
140;La Liga;Spain;2024;2024-2025;1208824;2025-05-18T17:00:00+00:00;Regular Season - 37;536;Sevilla;home;541;Real Madrid;https://media.api-sports.io/football/teams/541.png;0;2;0-2;D;2
140;La Liga;Spain;2024;2024-2025;1208816;2025-05-13T19:30:00+00:00;Regular Season - 36;536;Sevilla;home;534;Las Palmas;https://media.api-sports.io/football/teams/534.png;1;0;1-0;V;3
140;La Liga;Spain;2024;2024-2025;1208803;2025-05-10T14:15:00+00:00;Regular Season - 35;536;Sevilla;away;538;Celta Vigo;https://media.api-sports.io/football/teams/538.png;2;3;2-3;D;4
140;La Liga;Spain;2024;2024-2025;1208799;2025-05-04T14:15:00+00:00;Regular Season - 34;536;Sevilla;home;537;Leganes;https://media.api-sports.io/football/teams/537.png;2;2;2-2;N;5
140;La Liga;Spain;2024;2024-2025;1208831;2025-05-24T16:30:00+00:00;Regular Season - 38;537;Leganes;home;720;Valladolid;https://media.api-sports.io/football/teams/720.png;3;0;3-0;V;1
140;La Liga;Spain;2024;2024-2025;1208826;2025-05-18T17:00:00+00:00;Regular Season - 37;537;Leganes;away;534;Las Palmas;https://media.api-sports.io/football/teams/534.png;1;0;1-0;V;2
140;La Liga;Spain;2024;2024-2025;1208817;2025-05-14T17:00:00+00:00;Regular Season - 36;537;Leganes;away;533;Villarreal;https://media.api-sports.io/football/teams/533.png;0;3;0-3;D;3
140;La Liga;Spain;2024;2024-2025;1212944;2025-05-11T12:00:00+00:00;Regular Season - 35;537;Leganes;home;540;Espanyol;https://media.api-sports.io/football/teams/540.png;3;2;3-2;V;4
140;La Liga;Spain;2024;2024-2025;1208799;2025-05-04T14:15:00+00:00;Regular Season - 34;537;Leganes;away;536;Sevilla;https://media.api-sports.io/football/teams/536.png;2;2;2-2;N;5
140;La Liga;Spain;2024;2024-2025;1208833;2025-05-24T19:00:00+00:00;Regular Season - 38;538;Celta Vigo;away;546;Getafe;https://media.api-sports.io/football/teams/546.png;2;1;2-1;V;1
140;La Liga;Spain;2024;2024-2025;1208820;2025-05-18T17:00:00+00:00;Regular Season - 37;538;Celta Vigo;home;728;Rayo Vallecano;https://media.api-sports.io/football/teams/728.png;1;2;1-2;D;2
140;La Liga;Spain;2024;2024-2025;1208813;2025-05-13T18:00:00+00:00;Regular Season - 36;538;Celta Vigo;away;548;Real Sociedad;https://media.api-sports.io/football/teams/548.png;1;0;1-0;V;3
140;La Liga;Spain;2024;2024-2025;1208803;2025-05-10T14:15:00+00:00;Regular Season - 35;538;Celta Vigo;home;536;Sevilla;https://media.api-sports.io/football/teams/536.png;3;2;3-2;V;4
140;La Liga;Spain;2024;2024-2025;1208796;2025-05-04T12:00:00+00:00;Regular Season - 34;538;Celta Vigo;away;541;Real Madrid;https://media.api-sports.io/football/teams/541.png;2;3;2-3;D;5
140;La Liga;Spain;2024;2024-2025;1212947;2025-05-24T16:30:00+00:00;Regular Season - 38;540;Espanyol;home;534;Las Palmas;https://media.api-sports.io/football/teams/534.png;2;0;2-0;V;1
140;La Liga;Spain;2024;2024-2025;1212946;2025-05-18T17:00:00+00:00;Regular Season - 37;540;Espanyol;away;727;Osasuna;https://media.api-sports.io/football/teams/727.png;0;2;0-2;D;2
140;La Liga;Spain;2024;2024-2025;1212945;2025-05-15T19:30:00+00:00;Regular Season - 36;540;Espanyol;home;529;Barcelona;https://media.api-sports.io/football/teams/529.png;0;2;0-2;D;3
140;La Liga;Spain;2024;2024-2025;1212944;2025-05-11T12:00:00+00:00;Regular Season - 35;540;Espanyol;away;537;Leganes;https://media.api-sports.io/football/teams/537.png;2;3;2-3;D;4
140;La Liga;Spain;2024;2024-2025;1212943;2025-05-04T16:30:00+00:00;Regular Season - 34;540;Espanyol;home;543;Real Betis;https://media.api-sports.io/football/teams/543.png;1;2;1-2;D;5
140;La Liga;Spain;2024;2024-2025;1208829;2025-05-24T14:15:00+00:00;Regular Season - 38;541;Real Madrid;home;548;Real Sociedad;https://media.api-sports.io/football/teams/548.png;2;0;2-0;V;1
140;La Liga;Spain;2024;2024-2025;1208824;2025-05-18T17:00:00+00:00;Regular Season - 37;541;Real Madrid;away;536;Sevilla;https://media.api-sports.io/football/teams/536.png;2;0;2-0;V;2
140;La Liga;Spain;2024;2024-2025;1208815;2025-05-14T19:30:00+00:00;Regular Season - 36;541;Real Madrid;home;798;Mallorca;https://media.api-sports.io/football/teams/798.png;2;1;2-1;V;3
140;La Liga;Spain;2024;2024-2025;1208801;2025-05-11T14:15:00+00:00;Regular Season - 35;541;Real Madrid;away;529;Barcelona;https://media.api-sports.io/football/teams/529.png;3;4;3-4;D;4
140;La Liga;Spain;2024;2024-2025;1208796;2025-05-04T12:00:00+00:00;Regular Season - 34;541;Real Madrid;home;538;Celta Vigo;https://media.api-sports.io/football/teams/538.png;3;2;3-2;V;5
140;La Liga;Spain;2024;2024-2025;1208830;2025-05-24T19:00:00+00:00;Regular Season - 38;542;Alaves;home;727;Osasuna;https://media.api-sports.io/football/teams/727.png;1;1;1-1;N;1
140;La Liga;Spain;2024;2024-2025;1208825;2025-05-18T17:00:00+00:00;Regular Season - 37;542;Alaves;away;720;Valladolid;https://media.api-sports.io/football/teams/720.png;1;0;1-0;V;2
140;La Liga;Spain;2024;2024-2025;1208809;2025-05-14T17:00:00+00:00;Regular Season - 36;542;Alaves;home;532;Valencia;https://media.api-sports.io/football/teams/532.png;1;0;1-0;V;3
140;La Liga;Spain;2024;2024-2025;1208808;2025-05-11T16:30:00+00:00;Regular Season - 35;542;Alaves;away;531;Athletic Club;https://media.api-sports.io/football/teams/531.png;0;1;0-1;D;4
140;La Liga;Spain;2024;2024-2025;1208793;2025-05-03T12:00:00+00:00;Regular Season - 34;542;Alaves;home;530;Atletico Madrid;https://media.api-sports.io/football/teams/530.png;0;0;0-0;N;5
140;La Liga;Spain;2024;2024-2025;1208828;2025-05-23T19:00:00+00:00;Regular Season - 38;543;Real Betis;home;532;Valencia;https://media.api-sports.io/football/teams/532.png;1;1;1-1;N;1
140;La Liga;Spain;2024;2024-2025;1208818;2025-05-18T17:00:00+00:00;Regular Season - 37;543;Real Betis;away;530;Atletico Madrid;https://media.api-sports.io/football/teams/530.png;1;4;1-4;D;2
140;La Liga;Spain;2024;2024-2025;1208812;2025-05-15T17:00:00+00:00;Regular Season - 36;543;Real Betis;away;728;Rayo Vallecano;https://media.api-sports.io/football/teams/728.png;2;2;2-2;N;3
140;La Liga;Spain;2024;2024-2025;1208802;2025-05-11T19:00:00+00:00;Regular Season - 35;543;Real Betis;home;727;Osasuna;https://media.api-sports.io/football/teams/727.png;1;1;1-1;N;4
140;La Liga;Spain;2024;2024-2025;1212943;2025-05-04T16:30:00+00:00;Regular Season - 34;543;Real Betis;away;540;Espanyol;https://media.api-sports.io/football/teams/540.png;2;1;2-1;V;5
140;La Liga;Spain;2024;2024-2025;1208833;2025-05-24T19:00:00+00:00;Regular Season - 38;546;Getafe;home;538;Celta Vigo;https://media.api-sports.io/football/teams/538.png;1;2;1-2;D;1
140;La Liga;Spain;2024;2024-2025;1208822;2025-05-18T17:00:00+00:00;Regular Season - 37;546;Getafe;away;798;Mallorca;https://media.api-sports.io/football/teams/798.png;2;1;2-1;V;2
140;La Liga;Spain;2024;2024-2025;1208810;2025-05-15T19:30:00+00:00;Regular Season - 36;546;Getafe;home;531;Athletic Club;https://media.api-sports.io/football/teams/531.png;0;2;0-2;D;3
140;La Liga;Spain;2024;2024-2025;1208807;2025-05-10T12:00:00+00:00;Regular Season - 35;546;Getafe;away;532;Valencia;https://media.api-sports.io/football/teams/532.png;0;3;0-3;D;4
140;La Liga;Spain;2024;2024-2025;1208797;2025-05-02T19:00:00+00:00;Regular Season - 34;546;Getafe;away;728;Rayo Vallecano;https://media.api-sports.io/football/teams/728.png;0;1;0-1;D;5
140;La Liga;Spain;2024;2024-2025;1208832;2025-05-25T12:00:00+00:00;Regular Season - 38;547;Girona;home;530;Atletico Madrid;https://media.api-sports.io/football/teams/530.png;0;4;0-4;D;1
140;La Liga;Spain;2024;2024-2025;1208823;2025-05-18T17:00:00+00:00;Regular Season - 37;547;Girona;away;548;Real Sociedad;https://media.api-sports.io/football/teams/548.png;2;3;2-3;D;2
140;La Liga;Spain;2024;2024-2025;1208814;2025-05-13T17:00:00+00:00;Regular Season - 36;547;Girona;away;720;Valladolid;https://media.api-sports.io/football/teams/720.png;1;0;1-0;V;3
140;La Liga;Spain;2024;2024-2025;1208804;2025-05-10T16:30:00+00:00;Regular Season - 35;547;Girona;home;533;Villarreal;https://media.api-sports.io/football/teams/533.png;0;1;0-1;D;4
140;La Liga;Spain;2024;2024-2025;1208791;2025-05-05T19:00:00+00:00;Regular Season - 34;547;Girona;home;798;Mallorca;https://media.api-sports.io/football/teams/798.png;1;0;1-0;V;5
140;La Liga;Spain;2024;2024-2025;1208829;2025-05-24T14:15:00+00:00;Regular Season - 38;548;Real Sociedad;away;541;Real Madrid;https://media.api-sports.io/football/teams/541.png;0;2;0-2;D;1
140;La Liga;Spain;2024;2024-2025;1208823;2025-05-18T17:00:00+00:00;Regular Season - 37;548;Real Sociedad;home;547;Girona;https://media.api-sports.io/football/teams/547.png;3;2;3-2;V;2
140;La Liga;Spain;2024;2024-2025;1208813;2025-05-13T18:00:00+00:00;Regular Season - 36;548;Real Sociedad;home;538;Celta Vigo;https://media.api-sports.io/football/teams/538.png;0;1;0-1;D;3
140;La Liga;Spain;2024;2024-2025;1208800;2025-05-10T19:00:00+00:00;Regular Season - 35;548;Real Sociedad;away;530;Atletico Madrid;https://media.api-sports.io/football/teams/530.png;0;4;0-4;D;4
140;La Liga;Spain;2024;2024-2025;1208794;2025-05-04T19:00:00+00:00;Regular Season - 34;548;Real Sociedad;home;531;Athletic Club;https://media.api-sports.io/football/teams/531.png;0;0;0-0;N;5
140;La Liga;Spain;2024;2024-2025;1208831;2025-05-24T16:30:00+00:00;Regular Season - 38;720;Valladolid;away;537;Leganes;https://media.api-sports.io/football/teams/537.png;0;3;0-3;D;1
140;La Liga;Spain;2024;2024-2025;1208825;2025-05-18T17:00:00+00:00;Regular Season - 37;720;Valladolid;home;542;Alaves;https://media.api-sports.io/football/teams/542.png;0;1;0-1;D;2
140;La Liga;Spain;2024;2024-2025;1208814;2025-05-13T17:00:00+00:00;Regular Season - 36;720;Valladolid;home;547;Girona;https://media.api-sports.io/football/teams/547.png;0;1;0-1;D;3
140;La Liga;Spain;2024;2024-2025;1208805;2025-05-10T16:30:00+00:00;Regular Season - 35;720;Valladolid;away;798;Mallorca;https://media.api-sports.io/football/teams/798.png;1;2;1-2;D;4
140;La Liga;Spain;2024;2024-2025;1208795;2025-05-03T19:00:00+00:00;Regular Season - 34;720;Valladolid;home;529;Barcelona;https://media.api-sports.io/football/teams/529.png;1;2;1-2;D;5
140;La Liga;Spain;2024;2024-2025;1208830;2025-05-24T19:00:00+00:00;Regular Season - 38;727;Osasuna;away;542;Alaves;https://media.api-sports.io/football/teams/542.png;1;1;1-1;N;1
140;La Liga;Spain;2024;2024-2025;1212946;2025-05-18T17:00:00+00:00;Regular Season - 37;727;Osasuna;home;540;Espanyol;https://media.api-sports.io/football/teams/540.png;2;0;2-0;V;2
140;La Liga;Spain;2024;2024-2025;1208811;2025-05-15T17:00:00+00:00;Regular Season - 36;727;Osasuna;home;530;Atletico Madrid;https://media.api-sports.io/football/teams/530.png;2;0;2-0;V;3
140;La Liga;Spain;2024;2024-2025;1208802;2025-05-11T19:00:00+00:00;Regular Season - 35;727;Osasuna;away;543;Real Betis;https://media.api-sports.io/football/teams/543.png;1;1;1-1;N;4
140;La Liga;Spain;2024;2024-2025;1208798;2025-05-03T14:15:00+00:00;Regular Season - 34;727;Osasuna;away;533;Villarreal;https://media.api-sports.io/football/teams/533.png;2;4;2-4;D;5
140;La Liga;Spain;2024;2024-2025;1208834;2025-05-24T19:00:00+00:00;Regular Season - 38;728;Rayo Vallecano;home;798;Mallorca;https://media.api-sports.io/football/teams/798.png;0;0;0-0;N;1
140;La Liga;Spain;2024;2024-2025;1208820;2025-05-18T17:00:00+00:00;Regular Season - 37;728;Rayo Vallecano;away;538;Celta Vigo;https://media.api-sports.io/football/teams/538.png;2;1;2-1;V;2
140;La Liga;Spain;2024;2024-2025;1208812;2025-05-15T17:00:00+00:00;Regular Season - 36;728;Rayo Vallecano;home;543;Real Betis;https://media.api-sports.io/football/teams/543.png;2;2;2-2;N;3
140;La Liga;Spain;2024;2024-2025;1208806;2025-05-09T19:00:00+00:00;Regular Season - 35;728;Rayo Vallecano;away;534;Las Palmas;https://media.api-sports.io/football/teams/534.png;1;0;1-0;V;4
140;La Liga;Spain;2024;2024-2025;1208797;2025-05-02T19:00:00+00:00;Regular Season - 34;728;Rayo Vallecano;home;546;Getafe;https://media.api-sports.io/football/teams/546.png;1;0;1-0;V;5
140;La Liga;Spain;2024;2024-2025;1208834;2025-05-24T19:00:00+00:00;Regular Season - 38;798;Mallorca;away;728;Rayo Vallecano;https://media.api-sports.io/football/teams/728.png;0;0;0-0;N;1
140;La Liga;Spain;2024;2024-2025;1208822;2025-05-18T17:00:00+00:00;Regular Season - 37;798;Mallorca;home;546;Getafe;https://media.api-sports.io/football/teams/546.png;1;2;1-2;D;2
140;La Liga;Spain;2024;2024-2025;1208815;2025-05-14T19:30:00+00:00;Regular Season - 36;798;Mallorca;away;541;Real Madrid;https://media.api-sports.io/football/teams/541.png;1;2;1-2;D;3
140;La Liga;Spain;2024;2024-2025;1208805;2025-05-10T16:30:00+00:00;Regular Season - 35;798;Mallorca;home;720;Valladolid;https://media.api-sports.io/football/teams/720.png;2;1;2-1;V;4
140;La Liga;Spain;2024;2024-2025;1208791;2025-05-05T19:00:00+00:00;Regular Season - 34;798;Mallorca;away;547;Girona;https://media.api-sports.io/football/teams/547.png;0;1;0-1;D;5
135;Serie A;Italy;2022;2022-2023;882152;2023-06-03T19:00:00+00:00;Regular Season - 38;487;Lazio;away;511;Empoli;https://media.api-sports.io/football/teams/511.png;2;0;2-0;V;1
135;Serie A;Italy;2022;2022-2023;882147;2023-05-28T16:00:00+00:00;Regular Season - 37;487;Lazio;home;520;Cremonese;https://media.api-sports.io/football/teams/520.png;3;2;3-2;V;2
135;Serie A;Italy;2022;2022-2023;882138;2023-05-21T18:45:00+00:00;Regular Season - 36;487;Lazio;away;494;Udinese;https://media.api-sports.io/football/teams/494.png;1;0;1-0;V;3
135;Serie A;Italy;2022;2022-2023;882124;2023-05-12T18:45:00+00:00;Regular Season - 35;487;Lazio;home;867;Lecce;https://media.api-sports.io/football/teams/867.png;2;2;2-2;N;4
135;Serie A;Italy;2022;2022-2023;882117;2023-05-06T13:00:00+00:00;Regular Season - 34;487;Lazio;away;489;AC Milan;https://media.api-sports.io/football/teams/489.png;0;2;0-2;D;5
135;Serie A;Italy;2022;2022-2023;882156;2023-06-02T18:30:00+00:00;Regular Season - 38;488;Sassuolo;home;502;Fiorentina;https://media.api-sports.io/football/teams/502.png;1;3;1-3;D;1
135;Serie A;Italy;2022;2022-2023;882144;2023-05-26T18:45:00+00:00;Regular Season - 37;488;Sassuolo;away;498;Sampdoria;https://media.api-sports.io/football/teams/498.png;2;2;2-2;N;2
135;Serie A;Italy;2022;2022-2023;882139;2023-05-19T18:45:00+00:00;Regular Season - 36;488;Sassuolo;home;1579;Monza;https://media.api-sports.io/football/teams/1579.png;1;2;1-2;D;3
135;Serie A;Italy;2022;2022-2023;882123;2023-05-13T18:45:00+00:00;Regular Season - 35;488;Sassuolo;away;505;Inter;https://media.api-sports.io/football/teams/505.png;2;4;2-4;D;4
135;Serie A;Italy;2022;2022-2023;882113;2023-05-08T18:45:00+00:00;Regular Season - 34;488;Sassuolo;home;500;Bologna;https://media.api-sports.io/football/teams/500.png;1;1;1-1;N;5
135;Serie A;Italy;2022;2022-2023;882157;2023-06-04T19:00:00+00:00;Regular Season - 38;489;AC Milan;home;504;Hellas Verona;https://media.api-sports.io/football/teams/504.png;3;1;3-1;V;1
135;Serie A;Italy;2022;2022-2023;882142;2023-05-28T18:45:00+00:00;Regular Season - 37;489;AC Milan;away;496;Juventus;https://media.api-sports.io/football/teams/496.png;1;0;1-0;V;2
135;Serie A;Italy;2022;2022-2023;882133;2023-05-20T18:45:00+00:00;Regular Season - 36;489;AC Milan;home;498;Sampdoria;https://media.api-sports.io/football/teams/498.png;5;1;5-1;V;3
135;Serie A;Italy;2022;2022-2023;882129;2023-05-13T16:00:00+00:00;Regular Season - 35;489;AC Milan;away;515;Spezia;https://media.api-sports.io/football/teams/515.png;0;2;0-2;D;4
135;Serie A;Italy;2022;2022-2023;882117;2023-05-06T13:00:00+00:00;Regular Season - 34;489;AC Milan;home;487;Lazio;https://media.api-sports.io/football/teams/487.png;2;0;2-0;V;5
135;Serie A;Italy;2022;2022-2023;882153;2023-06-04T16:30:00+00:00;Regular Season - 38;492;Napoli;home;498;Sampdoria;https://media.api-sports.io/football/teams/498.png;2;0;2-0;V;1
135;Serie A;Italy;2022;2022-2023;882140;2023-05-28T13:00:00+00:00;Regular Season - 37;492;Napoli;away;500;Bologna;https://media.api-sports.io/football/teams/500.png;2;2;2-2;N;2
135;Serie A;Italy;2022;2022-2023;882137;2023-05-21T16:00:00+00:00;Regular Season - 36;492;Napoli;home;505;Inter;https://media.api-sports.io/football/teams/505.png;3;1;3-1;V;3
135;Serie A;Italy;2022;2022-2023;882125;2023-05-14T13:00:00+00:00;Regular Season - 35;492;Napoli;away;1579;Monza;https://media.api-sports.io/football/teams/1579.png;0;2;0-2;D;4
135;Serie A;Italy;2022;2022-2023;882114;2023-05-07T16:00:00+00:00;Regular Season - 34;492;Napoli;home;502;Fiorentina;https://media.api-sports.io/football/teams/502.png;1;0;1-0;V;5
135;Serie A;Italy;2022;2022-2023;882159;2023-06-04T19:00:00+00:00;Regular Season - 38;494;Udinese;home;496;Juventus;https://media.api-sports.io/football/teams/496.png;0;1;0-1;D;1
135;Serie A;Italy;2022;2022-2023;882143;2023-05-27T13:00:00+00:00;Regular Season - 37;494;Udinese;away;514;Salernitana;https://media.api-sports.io/football/teams/514.png;2;3;2-3;D;2
135;Serie A;Italy;2022;2022-2023;882138;2023-05-21T18:45:00+00:00;Regular Season - 36;494;Udinese;home;487;Lazio;https://media.api-sports.io/football/teams/487.png;0;1;0-1;D;3
135;Serie A;Italy;2022;2022-2023;882121;2023-05-14T13:00:00+00:00;Regular Season - 35;494;Udinese;away;502;Fiorentina;https://media.api-sports.io/football/teams/502.png;0;2;0-2;D;4
135;Serie A;Italy;2022;2022-2023;882119;2023-05-08T16:30:00+00:00;Regular Season - 34;494;Udinese;home;498;Sampdoria;https://media.api-sports.io/football/teams/498.png;2;0;2-0;V;5
135;Serie A;Italy;2022;2022-2023;882159;2023-06-04T19:00:00+00:00;Regular Season - 38;496;Juventus;away;494;Udinese;https://media.api-sports.io/football/teams/494.png;1;0;1-0;V;1
135;Serie A;Italy;2022;2022-2023;882142;2023-05-28T18:45:00+00:00;Regular Season - 37;496;Juventus;home;489;AC Milan;https://media.api-sports.io/football/teams/489.png;0;1;0-1;D;2
135;Serie A;Italy;2022;2022-2023;882131;2023-05-22T18:45:00+00:00;Regular Season - 36;496;Juventus;away;511;Empoli;https://media.api-sports.io/football/teams/511.png;1;4;1-4;D;3
135;Serie A;Italy;2022;2022-2023;882127;2023-05-14T18:45:00+00:00;Regular Season - 35;496;Juventus;home;520;Cremonese;https://media.api-sports.io/football/teams/520.png;2;0;2-0;V;4
135;Serie A;Italy;2022;2022-2023;882110;2023-05-07T10:30:00+00:00;Regular Season - 34;496;Juventus;away;499;Atalanta;https://media.api-sports.io/football/teams/499.png;2;0;2-0;V;5
135;Serie A;Italy;2022;2022-2023;882154;2023-06-04T19:00:00+00:00;Regular Season - 38;497;AS Roma;home;515;Spezia;https://media.api-sports.io/football/teams/515.png;2;1;2-1;V;1
135;Serie A;Italy;2022;2022-2023;882141;2023-05-27T16:00:00+00:00;Regular Season - 37;497;AS Roma;away;502;Fiorentina;https://media.api-sports.io/football/teams/502.png;1;2;1-2;D;2
135;Serie A;Italy;2022;2022-2023;882134;2023-05-22T16:30:00+00:00;Regular Season - 36;497;AS Roma;home;514;Salernitana;https://media.api-sports.io/football/teams/514.png;2;2;2-2;N;3
135;Serie A;Italy;2022;2022-2023;882120;2023-05-14T16:00:00+00:00;Regular Season - 35;497;AS Roma;away;500;Bologna;https://media.api-sports.io/football/teams/500.png;0;0;0-0;N;4
135;Serie A;Italy;2022;2022-2023;882116;2023-05-06T16:00:00+00:00;Regular Season - 34;497;AS Roma;home;505;Inter;https://media.api-sports.io/football/teams/505.png;0;2;0-2;D;5
135;Serie A;Italy;2022;2022-2023;882153;2023-06-04T16:30:00+00:00;Regular Season - 38;498;Sampdoria;away;492;Napoli;https://media.api-sports.io/football/teams/492.png;0;2;0-2;D;1
135;Serie A;Italy;2022;2022-2023;882144;2023-05-26T18:45:00+00:00;Regular Season - 37;498;Sampdoria;home;488;Sassuolo;https://media.api-sports.io/football/teams/488.png;2;2;2-2;N;2
135;Serie A;Italy;2022;2022-2023;882133;2023-05-20T18:45:00+00:00;Regular Season - 36;498;Sampdoria;away;489;AC Milan;https://media.api-sports.io/football/teams/489.png;1;5;1-5;D;3
135;Serie A;Italy;2022;2022-2023;882128;2023-05-15T18:45:00+00:00;Regular Season - 35;498;Sampdoria;home;511;Empoli;https://media.api-sports.io/football/teams/511.png;1;1;1-1;N;4
135;Serie A;Italy;2022;2022-2023;882119;2023-05-08T16:30:00+00:00;Regular Season - 34;498;Sampdoria;away;494;Udinese;https://media.api-sports.io/football/teams/494.png;0;2;0-2;D;5
135;Serie A;Italy;2022;2022-2023;882150;2023-06-04T19:00:00+00:00;Regular Season - 38;499;Atalanta;home;1579;Monza;https://media.api-sports.io/football/teams/1579.png;5;2;5-2;V;1
135;Serie A;Italy;2022;2022-2023;882146;2023-05-27T18:45:00+00:00;Regular Season - 37;499;Atalanta;away;505;Inter;https://media.api-sports.io/football/teams/505.png;2;3;2-3;D;2
135;Serie A;Italy;2022;2022-2023;882130;2023-05-20T16:00:00+00:00;Regular Season - 36;499;Atalanta;home;504;Hellas Verona;https://media.api-sports.io/football/teams/504.png;3;1;3-1;V;3
135;Serie A;Italy;2022;2022-2023;882126;2023-05-13T13:00:00+00:00;Regular Season - 35;499;Atalanta;away;514;Salernitana;https://media.api-sports.io/football/teams/514.png;0;1;0-1;D;4
135;Serie A;Italy;2022;2022-2023;882110;2023-05-07T10:30:00+00:00;Regular Season - 34;499;Atalanta;home;496;Juventus;https://media.api-sports.io/football/teams/496.png;0;2;0-2;D;5
135;Serie A;Italy;2022;2022-2023;882155;2023-06-04T19:00:00+00:00;Regular Season - 38;500;Bologna;away;867;Lecce;https://media.api-sports.io/football/teams/867.png;3;2;3-2;V;1
135;Serie A;Italy;2022;2022-2023;882140;2023-05-28T13:00:00+00:00;Regular Season - 37;500;Bologna;home;492;Napoli;https://media.api-sports.io/football/teams/492.png;2;2;2-2;N;2
135;Serie A;Italy;2022;2022-2023;882135;2023-05-20T13:00:00+00:00;Regular Season - 36;500;Bologna;away;520;Cremonese;https://media.api-sports.io/football/teams/520.png;5;1;5-1;V;3
135;Serie A;Italy;2022;2022-2023;882120;2023-05-14T16:00:00+00:00;Regular Season - 35;500;Bologna;home;497;AS Roma;https://media.api-sports.io/football/teams/497.png;0;0;0-0;N;4
135;Serie A;Italy;2022;2022-2023;882113;2023-05-08T18:45:00+00:00;Regular Season - 34;500;Bologna;away;488;Sassuolo;https://media.api-sports.io/football/teams/488.png;1;1;1-1;N;5
135;Serie A;Italy;2022;2022-2023;882156;2023-06-02T18:30:00+00:00;Regular Season - 38;502;Fiorentina;away;488;Sassuolo;https://media.api-sports.io/football/teams/488.png;3;1;3-1;V;1
135;Serie A;Italy;2022;2022-2023;882141;2023-05-27T16:00:00+00:00;Regular Season - 37;502;Fiorentina;home;497;AS Roma;https://media.api-sports.io/football/teams/497.png;2;1;2-1;V;2
135;Serie A;Italy;2022;2022-2023;882136;2023-05-21T13:00:00+00:00;Regular Season - 36;502;Fiorentina;away;503;Torino;https://media.api-sports.io/football/teams/503.png;1;1;1-1;N;3
135;Serie A;Italy;2022;2022-2023;882121;2023-05-14T13:00:00+00:00;Regular Season - 35;502;Fiorentina;home;494;Udinese;https://media.api-sports.io/football/teams/494.png;2;0;2-0;V;4
135;Serie A;Italy;2022;2022-2023;882114;2023-05-07T16:00:00+00:00;Regular Season - 34;502;Fiorentina;away;492;Napoli;https://media.api-sports.io/football/teams/492.png;0;1;0-1;D;5
135;Serie A;Italy;2022;2022-2023;882158;2023-06-03T16:30:00+00:00;Regular Season - 38;503;Torino;home;505;Inter;https://media.api-sports.io/football/teams/505.png;0;1;0-1;D;1
135;Serie A;Italy;2022;2022-2023;882145;2023-05-27T13:00:00+00:00;Regular Season - 37;503;Torino;away;515;Spezia;https://media.api-sports.io/football/teams/515.png;4;0;4-0;V;2
135;Serie A;Italy;2022;2022-2023;882136;2023-05-21T13:00:00+00:00;Regular Season - 36;503;Torino;home;502;Fiorentina;https://media.api-sports.io/football/teams/502.png;1;1;1-1;N;3
135;Serie A;Italy;2022;2022-2023;882122;2023-05-14T10:30:00+00:00;Regular Season - 35;503;Torino;away;504;Hellas Verona;https://media.api-sports.io/football/teams/504.png;1;0;1-0;V;4
135;Serie A;Italy;2022;2022-2023;882118;2023-05-07T13:00:00+00:00;Regular Season - 34;503;Torino;home;1579;Monza;https://media.api-sports.io/football/teams/1579.png;1;1;1-1;N;5
135;Serie A;Italy;2022;2022-2023;1030674;2023-06-11T18:45:00+00:00;Relegation Decider;504;Hellas Verona;away;515;Spezia;https://media.api-sports.io/football/teams/515.png;3;1;3-1;V;1
135;Serie A;Italy;2022;2022-2023;882157;2023-06-04T19:00:00+00:00;Regular Season - 38;504;Hellas Verona;away;489;AC Milan;https://media.api-sports.io/football/teams/489.png;1;3;1-3;D;2
135;Serie A;Italy;2022;2022-2023;882148;2023-05-28T10:30:00+00:00;Regular Season - 37;504;Hellas Verona;home;511;Empoli;https://media.api-sports.io/football/teams/511.png;1;1;1-1;N;3
135;Serie A;Italy;2022;2022-2023;882130;2023-05-20T16:00:00+00:00;Regular Season - 36;504;Hellas Verona;away;499;Atalanta;https://media.api-sports.io/football/teams/499.png;1;3;1-3;D;4
135;Serie A;Italy;2022;2022-2023;882122;2023-05-14T10:30:00+00:00;Regular Season - 35;504;Hellas Verona;home;503;Torino;https://media.api-sports.io/football/teams/503.png;0;1;0-1;D;5
135;Serie A;Italy;2022;2022-2023;882158;2023-06-03T16:30:00+00:00;Regular Season - 38;505;Inter;away;503;Torino;https://media.api-sports.io/football/teams/503.png;1;0;1-0;V;1
135;Serie A;Italy;2022;2022-2023;882146;2023-05-27T18:45:00+00:00;Regular Season - 37;505;Inter;home;499;Atalanta;https://media.api-sports.io/football/teams/499.png;3;2;3-2;V;2
135;Serie A;Italy;2022;2022-2023;882137;2023-05-21T16:00:00+00:00;Regular Season - 36;505;Inter;away;492;Napoli;https://media.api-sports.io/football/teams/492.png;1;3;1-3;D;3
135;Serie A;Italy;2022;2022-2023;882123;2023-05-13T18:45:00+00:00;Regular Season - 35;505;Inter;home;488;Sassuolo;https://media.api-sports.io/football/teams/488.png;4;2;4-2;V;4
135;Serie A;Italy;2022;2022-2023;882116;2023-05-06T16:00:00+00:00;Regular Season - 34;505;Inter;away;497;AS Roma;https://media.api-sports.io/football/teams/497.png;2;0;2-0;V;5
135;Serie A;Italy;2022;2022-2023;882152;2023-06-03T19:00:00+00:00;Regular Season - 38;511;Empoli;home;487;Lazio;https://media.api-sports.io/football/teams/487.png;0;2;0-2;D;1
135;Serie A;Italy;2022;2022-2023;882148;2023-05-28T10:30:00+00:00;Regular Season - 37;511;Empoli;away;504;Hellas Verona;https://media.api-sports.io/football/teams/504.png;1;1;1-1;N;2
135;Serie A;Italy;2022;2022-2023;882131;2023-05-22T18:45:00+00:00;Regular Season - 36;511;Empoli;home;496;Juventus;https://media.api-sports.io/football/teams/496.png;4;1;4-1;V;3
135;Serie A;Italy;2022;2022-2023;882128;2023-05-15T18:45:00+00:00;Regular Season - 35;511;Empoli;away;498;Sampdoria;https://media.api-sports.io/football/teams/498.png;1;1;1-1;N;4
135;Serie A;Italy;2022;2022-2023;882112;2023-05-08T16:30:00+00:00;Regular Season - 34;511;Empoli;home;514;Salernitana;https://media.api-sports.io/football/teams/514.png;2;1;2-1;V;5
135;Serie A;Italy;2022;2022-2023;882151;2023-06-03T19:00:00+00:00;Regular Season - 38;514;Salernitana;away;520;Cremonese;https://media.api-sports.io/football/teams/520.png;0;2;0-2;D;1
135;Serie A;Italy;2022;2022-2023;882143;2023-05-27T13:00:00+00:00;Regular Season - 37;514;Salernitana;home;494;Udinese;https://media.api-sports.io/football/teams/494.png;3;2;3-2;V;2
135;Serie A;Italy;2022;2022-2023;882134;2023-05-22T16:30:00+00:00;Regular Season - 36;514;Salernitana;away;497;AS Roma;https://media.api-sports.io/football/teams/497.png;2;2;2-2;N;3
135;Serie A;Italy;2022;2022-2023;882126;2023-05-13T13:00:00+00:00;Regular Season - 35;514;Salernitana;home;499;Atalanta;https://media.api-sports.io/football/teams/499.png;1;0;1-0;V;4
135;Serie A;Italy;2022;2022-2023;882112;2023-05-08T16:30:00+00:00;Regular Season - 34;514;Salernitana;away;511;Empoli;https://media.api-sports.io/football/teams/511.png;1;2;1-2;D;5
135;Serie A;Italy;2022;2022-2023;1030674;2023-06-11T18:45:00+00:00;Relegation Decider;515;Spezia;home;504;Hellas Verona;https://media.api-sports.io/football/teams/504.png;1;3;1-3;D;1
135;Serie A;Italy;2022;2022-2023;882154;2023-06-04T19:00:00+00:00;Regular Season - 38;515;Spezia;away;497;AS Roma;https://media.api-sports.io/football/teams/497.png;1;2;1-2;D;2
135;Serie A;Italy;2022;2022-2023;882145;2023-05-27T13:00:00+00:00;Regular Season - 37;515;Spezia;home;503;Torino;https://media.api-sports.io/football/teams/503.png;0;4;0-4;D;3
135;Serie A;Italy;2022;2022-2023;882132;2023-05-21T10:30:00+00:00;Regular Season - 36;515;Spezia;away;867;Lecce;https://media.api-sports.io/football/teams/867.png;0;0;0-0;N;4
135;Serie A;Italy;2022;2022-2023;882129;2023-05-13T16:00:00+00:00;Regular Season - 35;515;Spezia;home;489;AC Milan;https://media.api-sports.io/football/teams/489.png;2;0;2-0;V;5
135;Serie A;Italy;2022;2022-2023;882151;2023-06-03T19:00:00+00:00;Regular Season - 38;520;Cremonese;home;514;Salernitana;https://media.api-sports.io/football/teams/514.png;2;0;2-0;V;1
135;Serie A;Italy;2022;2022-2023;882147;2023-05-28T16:00:00+00:00;Regular Season - 37;520;Cremonese;away;487;Lazio;https://media.api-sports.io/football/teams/487.png;2;3;2-3;D;2
135;Serie A;Italy;2022;2022-2023;882135;2023-05-20T13:00:00+00:00;Regular Season - 36;520;Cremonese;home;500;Bologna;https://media.api-sports.io/football/teams/500.png;1;5;1-5;D;3
135;Serie A;Italy;2022;2022-2023;882127;2023-05-14T18:45:00+00:00;Regular Season - 35;520;Cremonese;away;496;Juventus;https://media.api-sports.io/football/teams/496.png;0;2;0-2;D;4
135;Serie A;Italy;2022;2022-2023;882111;2023-05-06T18:45:00+00:00;Regular Season - 34;520;Cremonese;home;515;Spezia;https://media.api-sports.io/football/teams/515.png;2;0;2-0;V;5
135;Serie A;Italy;2022;2022-2023;882155;2023-06-04T19:00:00+00:00;Regular Season - 38;867;Lecce;home;500;Bologna;https://media.api-sports.io/football/teams/500.png;2;3;2-3;D;1
135;Serie A;Italy;2022;2022-2023;882149;2023-05-28T13:00:00+00:00;Regular Season - 37;867;Lecce;away;1579;Monza;https://media.api-sports.io/football/teams/1579.png;1;0;1-0;V;2
135;Serie A;Italy;2022;2022-2023;882132;2023-05-21T10:30:00+00:00;Regular Season - 36;867;Lecce;home;515;Spezia;https://media.api-sports.io/football/teams/515.png;0;0;0-0;N;3
135;Serie A;Italy;2022;2022-2023;882124;2023-05-12T18:45:00+00:00;Regular Season - 35;867;Lecce;away;487;Lazio;https://media.api-sports.io/football/teams/487.png;2;2;2-2;N;4
135;Serie A;Italy;2022;2022-2023;882115;2023-05-07T18:45:00+00:00;Regular Season - 34;867;Lecce;home;504;Hellas Verona;https://media.api-sports.io/football/teams/504.png;0;1;0-1;D;5
135;Serie A;Italy;2022;2022-2023;882150;2023-06-04T19:00:00+00:00;Regular Season - 38;1579;Monza;away;499;Atalanta;https://media.api-sports.io/football/teams/499.png;2;5;2-5;D;1
135;Serie A;Italy;2022;2022-2023;882149;2023-05-28T13:00:00+00:00;Regular Season - 37;1579;Monza;home;867;Lecce;https://media.api-sports.io/football/teams/867.png;0;1;0-1;D;2
135;Serie A;Italy;2022;2022-2023;882139;2023-05-19T18:45:00+00:00;Regular Season - 36;1579;Monza;away;488;Sassuolo;https://media.api-sports.io/football/teams/488.png;2;1;2-1;V;3
135;Serie A;Italy;2022;2022-2023;882125;2023-05-14T13:00:00+00:00;Regular Season - 35;1579;Monza;home;492;Napoli;https://media.api-sports.io/football/teams/492.png;2;0;2-0;V;4
135;Serie A;Italy;2022;2022-2023;882118;2023-05-07T13:00:00+00:00;Regular Season - 34;1579;Monza;away;503;Torino;https://media.api-sports.io/football/teams/503.png;1;1;1-1;N;5
135;Serie A;Italy;2023;2023-2024;1052630;2024-05-26T18:45:00+00:00;Regular Season - 38;487;Lazio;home;488;Sassuolo;https://media.api-sports.io/football/teams/488.png;1;1;1-1;N;1
135;Serie A;Italy;2023;2023-2024;1052615;2024-05-19T16:00:00+00:00;Regular Season - 37;487;Lazio;away;505;Inter;https://media.api-sports.io/football/teams/505.png;1;1;1-1;N;2
135;Serie A;Italy;2023;2023-2024;1052609;2024-05-12T10:30:00+00:00;Regular Season - 36;487;Lazio;home;511;Empoli;https://media.api-sports.io/football/teams/511.png;2;0;2-0;V;3
135;Serie A;Italy;2023;2023-2024;1052597;2024-05-04T16:00:00+00:00;Regular Season - 35;487;Lazio;away;1579;Monza;https://media.api-sports.io/football/teams/1579.png;2;2;2-2;N;4
135;Serie A;Italy;2023;2023-2024;1052590;2024-04-27T18:45:00+00:00;Regular Season - 34;487;Lazio;home;504;Hellas Verona;https://media.api-sports.io/football/teams/504.png;1;0;1-0;V;5
135;Serie A;Italy;2023;2023-2024;1052630;2024-05-26T18:45:00+00:00;Regular Season - 38;488;Sassuolo;away;487;Lazio;https://media.api-sports.io/football/teams/487.png;1;1;1-1;N;1
135;Serie A;Italy;2023;2023-2024;1052620;2024-05-19T10:30:00+00:00;Regular Season - 37;488;Sassuolo;home;490;Cagliari;https://media.api-sports.io/football/teams/490.png;0;2;0-2;D;2
135;Serie A;Italy;2023;2023-2024;1052606;2024-05-12T13:00:00+00:00;Regular Season - 36;488;Sassuolo;away;495;Genoa;https://media.api-sports.io/football/teams/495.png;1;2;1-2;D;3
135;Serie A;Italy;2023;2023-2024;1052600;2024-05-04T18:45:00+00:00;Regular Season - 35;488;Sassuolo;home;505;Inter;https://media.api-sports.io/football/teams/505.png;1;0;1-0;V;4
135;Serie A;Italy;2023;2023-2024;1052585;2024-04-28T18:45:00+00:00;Regular Season - 34;488;Sassuolo;away;502;Fiorentina;https://media.api-sports.io/football/teams/502.png;1;5;1-5;D;5
135;Serie A;Italy;2023;2023-2024;1052631;2024-05-25T18:45:00+00:00;Regular Season - 38;489;AC Milan;home;514;Salernitana;https://media.api-sports.io/football/teams/514.png;3;3;3-3;N;1
135;Serie A;Italy;2023;2023-2024;1052621;2024-05-18T18:45:00+00:00;Regular Season - 37;489;AC Milan;away;503;Torino;https://media.api-sports.io/football/teams/503.png;1;3;1-3;D;2
135;Serie A;Italy;2023;2023-2024;1052611;2024-05-11T18:45:00+00:00;Regular Season - 36;489;AC Milan;home;490;Cagliari;https://media.api-sports.io/football/teams/490.png;5;1;5-1;V;3
135;Serie A;Italy;2023;2023-2024;1052596;2024-05-05T16:00:00+00:00;Regular Season - 35;489;AC Milan;home;495;Genoa;https://media.api-sports.io/football/teams/495.png;3;3;3-3;N;4
135;Serie A;Italy;2023;2023-2024;1052589;2024-04-27T16:00:00+00:00;Regular Season - 34;489;AC Milan;away;496;Juventus;https://media.api-sports.io/football/teams/496.png;0;0;0-0;N;5
135;Serie A;Italy;2023;2023-2024;1052624;2024-05-23T18:45:00+00:00;Regular Season - 38;490;Cagliari;home;502;Fiorentina;https://media.api-sports.io/football/teams/502.png;2;3;2-3;D;1
135;Serie A;Italy;2023;2023-2024;1052620;2024-05-19T10:30:00+00:00;Regular Season - 37;490;Cagliari;away;488;Sassuolo;https://media.api-sports.io/football/teams/488.png;2;0;2-0;V;2
135;Serie A;Italy;2023;2023-2024;1052611;2024-05-11T18:45:00+00:00;Regular Season - 36;490;Cagliari;away;489;AC Milan;https://media.api-sports.io/football/teams/489.png;1;5;1-5;D;3
135;Serie A;Italy;2023;2023-2024;1052593;2024-05-05T10:30:00+00:00;Regular Season - 35;490;Cagliari;home;867;Lecce;https://media.api-sports.io/football/teams/867.png;1;1;1-1;N;4
135;Serie A;Italy;2023;2023-2024;1052587;2024-04-29T18:45:00+00:00;Regular Season - 34;490;Cagliari;away;495;Genoa;https://media.api-sports.io/football/teams/495.png;0;3;0-3;D;5
135;Serie A;Italy;2023;2023-2024;1052632;2024-05-26T16:00:00+00:00;Regular Season - 38;492;Napoli;home;867;Lecce;https://media.api-sports.io/football/teams/867.png;0;0;0-0;N;1
135;Serie A;Italy;2023;2023-2024;1052614;2024-05-17T18:45:00+00:00;Regular Season - 37;492;Napoli;away;502;Fiorentina;https://media.api-sports.io/football/teams/502.png;2;2;2-2;N;2
135;Serie A;Italy;2023;2023-2024;1052612;2024-05-11T16:00:00+00:00;Regular Season - 36;492;Napoli;home;500;Bologna;https://media.api-sports.io/football/teams/500.png;0;2;0-2;D;3
135;Serie A;Italy;2023;2023-2024;1052602;2024-05-06T18:45:00+00:00;Regular Season - 35;492;Napoli;away;494;Udinese;https://media.api-sports.io/football/teams/494.png;1;1;1-1;N;4
135;Serie A;Italy;2023;2023-2024;1052592;2024-04-28T16:00:00+00:00;Regular Season - 34;492;Napoli;home;497;AS Roma;https://media.api-sports.io/football/teams/497.png;2;2;2-2;N;5
135;Serie A;Italy;2023;2023-2024;1052626;2024-05-26T18:45:00+00:00;Regular Season - 38;494;Udinese;away;512;Frosinone;https://media.api-sports.io/football/teams/512.png;1;0;1-0;V;1
135;Serie A;Italy;2023;2023-2024;1052622;2024-05-19T13:00:00+00:00;Regular Season - 37;494;Udinese;home;511;Empoli;https://media.api-sports.io/football/teams/511.png;1;1;1-1;N;2
135;Serie A;Italy;2023;2023-2024;1052610;2024-05-13T16:30:00+00:00;Regular Season - 36;494;Udinese;away;867;Lecce;https://media.api-sports.io/football/teams/867.png;2;0;2-0;V;3
135;Serie A;Italy;2023;2023-2024;1052602;2024-05-06T18:45:00+00:00;Regular Season - 35;494;Udinese;home;492;Napoli;https://media.api-sports.io/football/teams/492.png;1;1;1-1;N;4
135;Serie A;Italy;2023;2023-2024;1052584;2024-04-28T13:00:00+00:00;Regular Season - 34;494;Udinese;away;500;Bologna;https://media.api-sports.io/football/teams/500.png;1;1;1-1;N;5
135;Serie A;Italy;2023;2023-2024;1052627;2024-05-24T18:45:00+00:00;Regular Season - 38;495;Genoa;home;500;Bologna;https://media.api-sports.io/football/teams/500.png;2;0;2-0;V;1
135;Serie A;Italy;2023;2023-2024;1052618;2024-05-19T18:45:00+00:00;Regular Season - 37;495;Genoa;away;497;AS Roma;https://media.api-sports.io/football/teams/497.png;0;1;0-1;D;2
135;Serie A;Italy;2023;2023-2024;1052606;2024-05-12T13:00:00+00:00;Regular Season - 36;495;Genoa;home;488;Sassuolo;https://media.api-sports.io/football/teams/488.png;2;1;2-1;V;3
135;Serie A;Italy;2023;2023-2024;1052596;2024-05-05T16:00:00+00:00;Regular Season - 35;495;Genoa;away;489;AC Milan;https://media.api-sports.io/football/teams/489.png;3;3;3-3;N;4
135;Serie A;Italy;2023;2023-2024;1052587;2024-04-29T18:45:00+00:00;Regular Season - 34;495;Genoa;home;490;Cagliari;https://media.api-sports.io/football/teams/490.png;3;0;3-0;V;5
135;Serie A;Italy;2023;2023-2024;1052629;2024-05-25T16:00:00+00:00;Regular Season - 38;496;Juventus;home;1579;Monza;https://media.api-sports.io/football/teams/1579.png;2;0;2-0;V;1
135;Serie A;Italy;2023;2023-2024;1052613;2024-05-20T18:45:00+00:00;Regular Season - 37;496;Juventus;away;500;Bologna;https://media.api-sports.io/football/teams/500.png;3;3;3-3;N;2
135;Serie A;Italy;2023;2023-2024;1052608;2024-05-12T16:00:00+00:00;Regular Season - 36;496;Juventus;home;514;Salernitana;https://media.api-sports.io/football/teams/514.png;1;1;1-1;N;3
135;Serie A;Italy;2023;2023-2024;1052598;2024-05-05T18:45:00+00:00;Regular Season - 35;496;Juventus;away;497;AS Roma;https://media.api-sports.io/football/teams/497.png;1;1;1-1;N;4
135;Serie A;Italy;2023;2023-2024;1052589;2024-04-27T16:00:00+00:00;Regular Season - 34;496;Juventus;home;489;AC Milan;https://media.api-sports.io/football/teams/489.png;0;0;0-0;N;5
135;Serie A;Italy;2023;2023-2024;1052625;2024-05-26T18:45:00+00:00;Regular Season - 38;497;AS Roma;away;511;Empoli;https://media.api-sports.io/football/teams/511.png;1;2;1-2;D;1
135;Serie A;Italy;2023;2023-2024;1052618;2024-05-19T18:45:00+00:00;Regular Season - 37;497;AS Roma;home;495;Genoa;https://media.api-sports.io/football/teams/495.png;1;0;1-0;V;2
135;Serie A;Italy;2023;2023-2024;1052603;2024-05-12T18:45:00+00:00;Regular Season - 36;497;AS Roma;away;499;Atalanta;https://media.api-sports.io/football/teams/499.png;1;2;1-2;D;3
135;Serie A;Italy;2023;2023-2024;1052598;2024-05-05T18:45:00+00:00;Regular Season - 35;497;AS Roma;home;496;Juventus;https://media.api-sports.io/football/teams/496.png;1;1;1-1;N;4
135;Serie A;Italy;2023;2023-2024;1052592;2024-04-28T16:00:00+00:00;Regular Season - 34;497;AS Roma;away;492;Napoli;https://media.api-sports.io/football/teams/492.png;2;2;2-2;N;5
135;Serie A;Italy;2023;2023-2024;1052533;2024-06-02T16:00:00+00:00;Regular Season - 29;499;Atalanta;home;502;Fiorentina;https://media.api-sports.io/football/teams/502.png;2;3;2-3;D;1
135;Serie A;Italy;2023;2023-2024;1052623;2024-05-26T16:00:00+00:00;Regular Season - 38;499;Atalanta;home;503;Torino;https://media.api-sports.io/football/teams/503.png;3;0;3-0;V;2
135;Serie A;Italy;2023;2023-2024;1052616;2024-05-18T16:00:00+00:00;Regular Season - 37;499;Atalanta;away;867;Lecce;https://media.api-sports.io/football/teams/867.png;2;0;2-0;V;3
135;Serie A;Italy;2023;2023-2024;1052603;2024-05-12T18:45:00+00:00;Regular Season - 36;499;Atalanta;home;497;AS Roma;https://media.api-sports.io/football/teams/497.png;2;1;2-1;V;4
135;Serie A;Italy;2023;2023-2024;1052599;2024-05-06T16:00:00+00:00;Regular Season - 35;499;Atalanta;away;514;Salernitana;https://media.api-sports.io/football/teams/514.png;2;1;2-1;V;5
135;Serie A;Italy;2023;2023-2024;1052627;2024-05-24T18:45:00+00:00;Regular Season - 38;500;Bologna;away;495;Genoa;https://media.api-sports.io/football/teams/495.png;0;2;0-2;D;1
135;Serie A;Italy;2023;2023-2024;1052613;2024-05-20T18:45:00+00:00;Regular Season - 37;500;Bologna;home;496;Juventus;https://media.api-sports.io/football/teams/496.png;3;3;3-3;N;2
135;Serie A;Italy;2023;2023-2024;1052612;2024-05-11T16:00:00+00:00;Regular Season - 36;500;Bologna;away;492;Napoli;https://media.api-sports.io/football/teams/492.png;2;0;2-0;V;3
135;Serie A;Italy;2023;2023-2024;1052601;2024-05-03T18:45:00+00:00;Regular Season - 35;500;Bologna;away;503;Torino;https://media.api-sports.io/football/teams/503.png;0;0;0-0;N;4
135;Serie A;Italy;2023;2023-2024;1052584;2024-04-28T13:00:00+00:00;Regular Season - 34;500;Bologna;home;494;Udinese;https://media.api-sports.io/football/teams/494.png;1;1;1-1;N;5
135;Serie A;Italy;2023;2023-2024;1052533;2024-06-02T16:00:00+00:00;Regular Season - 29;502;Fiorentina;away;499;Atalanta;https://media.api-sports.io/football/teams/499.png;3;2;3-2;V;1
135;Serie A;Italy;2023;2023-2024;1052624;2024-05-23T18:45:00+00:00;Regular Season - 38;502;Fiorentina;away;490;Cagliari;https://media.api-sports.io/football/teams/490.png;3;2;3-2;V;2
135;Serie A;Italy;2023;2023-2024;1052614;2024-05-17T18:45:00+00:00;Regular Season - 37;502;Fiorentina;home;492;Napoli;https://media.api-sports.io/football/teams/492.png;2;2;2-2;N;3
135;Serie A;Italy;2023;2023-2024;1052604;2024-05-13T18:45:00+00:00;Regular Season - 36;502;Fiorentina;home;1579;Monza;https://media.api-sports.io/football/teams/1579.png;2;1;2-1;V;4
135;Serie A;Italy;2023;2023-2024;1052595;2024-05-05T13:00:00+00:00;Regular Season - 35;502;Fiorentina;away;504;Hellas Verona;https://media.api-sports.io/football/teams/504.png;1;2;1-2;D;5
135;Serie A;Italy;2023;2023-2024;1052623;2024-05-26T16:00:00+00:00;Regular Season - 38;503;Torino;away;499;Atalanta;https://media.api-sports.io/football/teams/499.png;0;3;0-3;D;1
135;Serie A;Italy;2023;2023-2024;1052621;2024-05-18T18:45:00+00:00;Regular Season - 37;503;Torino;home;489;AC Milan;https://media.api-sports.io/football/teams/489.png;3;1;3-1;V;2
135;Serie A;Italy;2023;2023-2024;1052607;2024-05-12T13:00:00+00:00;Regular Season - 36;503;Torino;away;504;Hellas Verona;https://media.api-sports.io/football/teams/504.png;2;1;2-1;V;3
135;Serie A;Italy;2023;2023-2024;1052601;2024-05-03T18:45:00+00:00;Regular Season - 35;503;Torino;home;500;Bologna;https://media.api-sports.io/football/teams/500.png;0;0;0-0;N;4
135;Serie A;Italy;2023;2023-2024;1052588;2024-04-28T10:30:00+00:00;Regular Season - 34;503;Torino;away;505;Inter;https://media.api-sports.io/football/teams/505.png;0;2;0-2;D;5
135;Serie A;Italy;2023;2023-2024;1052628;2024-05-26T18:45:00+00:00;Regular Season - 38;504;Hellas Verona;home;505;Inter;https://media.api-sports.io/football/teams/505.png;2;2;2-2;N;1
135;Serie A;Italy;2023;2023-2024;1052619;2024-05-20T16:30:00+00:00;Regular Season - 37;504;Hellas Verona;away;514;Salernitana;https://media.api-sports.io/football/teams/514.png;2;1;2-1;V;2
135;Serie A;Italy;2023;2023-2024;1052607;2024-05-12T13:00:00+00:00;Regular Season - 36;504;Hellas Verona;home;503;Torino;https://media.api-sports.io/football/teams/503.png;1;2;1-2;D;3
135;Serie A;Italy;2023;2023-2024;1052595;2024-05-05T13:00:00+00:00;Regular Season - 35;504;Hellas Verona;home;502;Fiorentina;https://media.api-sports.io/football/teams/502.png;2;1;2-1;V;4
135;Serie A;Italy;2023;2023-2024;1052590;2024-04-27T18:45:00+00:00;Regular Season - 34;504;Hellas Verona;away;487;Lazio;https://media.api-sports.io/football/teams/487.png;0;1;0-1;D;5
135;Serie A;Italy;2023;2023-2024;1052628;2024-05-26T18:45:00+00:00;Regular Season - 38;505;Inter;away;504;Hellas Verona;https://media.api-sports.io/football/teams/504.png;2;2;2-2;N;1
135;Serie A;Italy;2023;2023-2024;1052615;2024-05-19T16:00:00+00:00;Regular Season - 37;505;Inter;home;487;Lazio;https://media.api-sports.io/football/teams/487.png;1;1;1-1;N;2
135;Serie A;Italy;2023;2023-2024;1052605;2024-05-10T18:45:00+00:00;Regular Season - 36;505;Inter;away;512;Frosinone;https://media.api-sports.io/football/teams/512.png;5;0;5-0;V;3
135;Serie A;Italy;2023;2023-2024;1052600;2024-05-04T18:45:00+00:00;Regular Season - 35;505;Inter;away;488;Sassuolo;https://media.api-sports.io/football/teams/488.png;0;1;0-1;D;4
135;Serie A;Italy;2023;2023-2024;1052588;2024-04-28T10:30:00+00:00;Regular Season - 34;505;Inter;home;503;Torino;https://media.api-sports.io/football/teams/503.png;2;0;2-0;V;5
135;Serie A;Italy;2023;2023-2024;1052625;2024-05-26T18:45:00+00:00;Regular Season - 38;511;Empoli;home;497;AS Roma;https://media.api-sports.io/football/teams/497.png;2;1;2-1;V;1
135;Serie A;Italy;2023;2023-2024;1052622;2024-05-19T13:00:00+00:00;Regular Season - 37;511;Empoli;away;494;Udinese;https://media.api-sports.io/football/teams/494.png;1;1;1-1;N;2
135;Serie A;Italy;2023;2023-2024;1052609;2024-05-12T10:30:00+00:00;Regular Season - 36;511;Empoli;away;487;Lazio;https://media.api-sports.io/football/teams/487.png;0;2;0-2;D;3
135;Serie A;Italy;2023;2023-2024;1052594;2024-05-05T13:00:00+00:00;Regular Season - 35;511;Empoli;home;512;Frosinone;https://media.api-sports.io/football/teams/512.png;0;0;0-0;N;4
135;Serie A;Italy;2023;2023-2024;1052583;2024-04-28T16:00:00+00:00;Regular Season - 34;511;Empoli;away;499;Atalanta;https://media.api-sports.io/football/teams/499.png;0;2;0-2;D;5
135;Serie A;Italy;2023;2023-2024;1052626;2024-05-26T18:45:00+00:00;Regular Season - 38;512;Frosinone;home;494;Udinese;https://media.api-sports.io/football/teams/494.png;0;1;0-1;D;1
135;Serie A;Italy;2023;2023-2024;1052617;2024-05-19T13:00:00+00:00;Regular Season - 37;512;Frosinone;away;1579;Monza;https://media.api-sports.io/football/teams/1579.png;1;0;1-0;V;2
135;Serie A;Italy;2023;2023-2024;1052605;2024-05-10T18:45:00+00:00;Regular Season - 36;512;Frosinone;home;505;Inter;https://media.api-sports.io/football/teams/505.png;0;5;0-5;D;3
135;Serie A;Italy;2023;2023-2024;1052594;2024-05-05T13:00:00+00:00;Regular Season - 35;512;Frosinone;away;511;Empoli;https://media.api-sports.io/football/teams/511.png;0;0;0-0;N;4
135;Serie A;Italy;2023;2023-2024;1052586;2024-04-26T18:45:00+00:00;Regular Season - 34;512;Frosinone;home;514;Salernitana;https://media.api-sports.io/football/teams/514.png;3;0;3-0;V;5
135;Serie A;Italy;2023;2023-2024;1052631;2024-05-25T18:45:00+00:00;Regular Season - 38;514;Salernitana;away;489;AC Milan;https://media.api-sports.io/football/teams/489.png;3;3;3-3;N;1
135;Serie A;Italy;2023;2023-2024;1052619;2024-05-20T16:30:00+00:00;Regular Season - 37;514;Salernitana;home;504;Hellas Verona;https://media.api-sports.io/football/teams/504.png;1;2;1-2;D;2
135;Serie A;Italy;2023;2023-2024;1052608;2024-05-12T16:00:00+00:00;Regular Season - 36;514;Salernitana;away;496;Juventus;https://media.api-sports.io/football/teams/496.png;1;1;1-1;N;3
135;Serie A;Italy;2023;2023-2024;1052599;2024-05-06T16:00:00+00:00;Regular Season - 35;514;Salernitana;home;499;Atalanta;https://media.api-sports.io/football/teams/499.png;1;2;1-2;D;4
135;Serie A;Italy;2023;2023-2024;1052586;2024-04-26T18:45:00+00:00;Regular Season - 34;514;Salernitana;away;512;Frosinone;https://media.api-sports.io/football/teams/512.png;0;3;0-3;D;5
135;Serie A;Italy;2023;2023-2024;1052632;2024-05-26T16:00:00+00:00;Regular Season - 38;867;Lecce;away;492;Napoli;https://media.api-sports.io/football/teams/492.png;0;0;0-0;N;1
135;Serie A;Italy;2023;2023-2024;1052616;2024-05-18T16:00:00+00:00;Regular Season - 37;867;Lecce;home;499;Atalanta;https://media.api-sports.io/football/teams/499.png;0;2;0-2;D;2
135;Serie A;Italy;2023;2023-2024;1052610;2024-05-13T16:30:00+00:00;Regular Season - 36;867;Lecce;home;494;Udinese;https://media.api-sports.io/football/teams/494.png;0;2;0-2;D;3
135;Serie A;Italy;2023;2023-2024;1052593;2024-05-05T10:30:00+00:00;Regular Season - 35;867;Lecce;away;490;Cagliari;https://media.api-sports.io/football/teams/490.png;1;1;1-1;N;4
135;Serie A;Italy;2023;2023-2024;1052591;2024-04-27T13:00:00+00:00;Regular Season - 34;867;Lecce;home;1579;Monza;https://media.api-sports.io/football/teams/1579.png;1;1;1-1;N;5
135;Serie A;Italy;2023;2023-2024;1052629;2024-05-25T16:00:00+00:00;Regular Season - 38;1579;Monza;away;496;Juventus;https://media.api-sports.io/football/teams/496.png;0;2;0-2;D;1
135;Serie A;Italy;2023;2023-2024;1052617;2024-05-19T13:00:00+00:00;Regular Season - 37;1579;Monza;home;512;Frosinone;https://media.api-sports.io/football/teams/512.png;0;1;0-1;D;2
135;Serie A;Italy;2023;2023-2024;1052604;2024-05-13T18:45:00+00:00;Regular Season - 36;1579;Monza;away;502;Fiorentina;https://media.api-sports.io/football/teams/502.png;1;2;1-2;D;3
135;Serie A;Italy;2023;2023-2024;1052597;2024-05-04T16:00:00+00:00;Regular Season - 35;1579;Monza;home;487;Lazio;https://media.api-sports.io/football/teams/487.png;2;2;2-2;N;4
135;Serie A;Italy;2023;2023-2024;1052591;2024-04-27T13:00:00+00:00;Regular Season - 34;1579;Monza;away;867;Lecce;https://media.api-sports.io/football/teams/867.png;1;1;1-1;N;5
135;Serie A;Italy;2024;2024-2025;1223969;2025-05-25T18:45:00+00:00;Regular Season - 38;487;Lazio;home;867;Lecce;https://media.api-sports.io/football/teams/867.png;0;1;0-1;D;1
135;Serie A;Italy;2024;2024-2025;1223959;2025-05-18T18:45:00+00:00;Regular Season - 37;487;Lazio;away;505;Inter;https://media.api-sports.io/football/teams/505.png;2;2;2-2;N;2
135;Serie A;Italy;2024;2024-2025;1223949;2025-05-10T16:00:00+00:00;Regular Season - 36;487;Lazio;home;496;Juventus;https://media.api-sports.io/football/teams/496.png;1;1;1-1;N;3
135;Serie A;Italy;2024;2024-2025;1223937;2025-05-04T10:30:00+00:00;Regular Season - 35;487;Lazio;away;511;Empoli;https://media.api-sports.io/football/teams/511.png;1;0;1-0;V;4
135;Serie A;Italy;2024;2024-2025;1223931;2025-04-28T18:45:00+00:00;Regular Season - 34;487;Lazio;home;523;Parma;https://media.api-sports.io/football/teams/523.png;2;2;2-2;N;5
135;Serie A;Italy;2024;2024-2025;1223970;2025-05-24T18:45:00+00:00;Regular Season - 38;489;AC Milan;home;1579;Monza;https://media.api-sports.io/football/teams/1579.png;2;0;2-0;V;1
135;Serie A;Italy;2024;2024-2025;1223964;2025-05-18T18:45:00+00:00;Regular Season - 37;489;AC Milan;away;497;AS Roma;https://media.api-sports.io/football/teams/497.png;1;3;1-3;D;2
135;Serie A;Italy;2024;2024-2025;1223950;2025-05-09T18:45:00+00:00;Regular Season - 36;489;AC Milan;home;500;Bologna;https://media.api-sports.io/football/teams/500.png;3;1;3-1;V;3
135;Serie A;Italy;2024;2024-2025;1223938;2025-05-05T18:45:00+00:00;Regular Season - 35;489;AC Milan;away;495;Genoa;https://media.api-sports.io/football/teams/495.png;2;1;2-1;V;4
135;Serie A;Italy;2024;2024-2025;1223934;2025-04-27T10:30:00+00:00;Regular Season - 34;489;AC Milan;away;517;Venezia;https://media.api-sports.io/football/teams/517.png;2;0;2-0;V;5
135;Serie A;Italy;2024;2024-2025;1223971;2025-05-23T18:45:00+00:00;Regular Season - 38;490;Cagliari;away;492;Napoli;https://media.api-sports.io/football/teams/492.png;0;2;0-2;D;1
135;Serie A;Italy;2024;2024-2025;1223955;2025-05-18T18:45:00+00:00;Regular Season - 37;490;Cagliari;home;517;Venezia;https://media.api-sports.io/football/teams/517.png;3;0;3-0;V;2
135;Serie A;Italy;2024;2024-2025;1223946;2025-05-10T13:00:00+00:00;Regular Season - 36;490;Cagliari;away;895;Como;https://media.api-sports.io/football/teams/895.png;1;3;1-3;D;3
135;Serie A;Italy;2024;2024-2025;1223936;2025-05-03T13:00:00+00:00;Regular Season - 35;490;Cagliari;home;494;Udinese;https://media.api-sports.io/football/teams/494.png;1;2;1-2;D;4
135;Serie A;Italy;2024;2024-2025;1223928;2025-04-28T18:45:00+00:00;Regular Season - 34;490;Cagliari;away;504;Hellas Verona;https://media.api-sports.io/football/teams/504.png;2;0;2-0;V;5
135;Serie A;Italy;2024;2024-2025;1223971;2025-05-23T18:45:00+00:00;Regular Season - 38;492;Napoli;home;490;Cagliari;https://media.api-sports.io/football/teams/490.png;2;0;2-0;V;1
135;Serie A;Italy;2024;2024-2025;1223963;2025-05-18T18:45:00+00:00;Regular Season - 37;492;Napoli;away;523;Parma;https://media.api-sports.io/football/teams/523.png;0;0;0-0;N;2
135;Serie A;Italy;2024;2024-2025;1223951;2025-05-11T18:45:00+00:00;Regular Season - 36;492;Napoli;home;495;Genoa;https://media.api-sports.io/football/teams/495.png;2;2;2-2;N;3
135;Serie A;Italy;2024;2024-2025;1223940;2025-05-03T16:00:00+00:00;Regular Season - 35;492;Napoli;away;867;Lecce;https://media.api-sports.io/football/teams/867.png;1;0;1-0;V;4
135;Serie A;Italy;2024;2024-2025;1223932;2025-04-27T18:45:00+00:00;Regular Season - 34;492;Napoli;home;503;Torino;https://media.api-sports.io/football/teams/503.png;2;0;2-0;V;5
135;Serie A;Italy;2024;2024-2025;1223973;2025-05-25T18:45:00+00:00;Regular Season - 38;494;Udinese;home;502;Fiorentina;https://media.api-sports.io/football/teams/502.png;2;3;2-3;D;1
135;Serie A;Italy;2024;2024-2025;1223960;2025-05-18T18:45:00+00:00;Regular Season - 37;494;Udinese;away;496;Juventus;https://media.api-sports.io/football/teams/496.png;0;2;0-2;D;2
135;Serie A;Italy;2024;2024-2025;1223953;2025-05-11T10:30:00+00:00;Regular Season - 36;494;Udinese;home;1579;Monza;https://media.api-sports.io/football/teams/1579.png;1;2;1-2;D;3
135;Serie A;Italy;2024;2024-2025;1223936;2025-05-03T13:00:00+00:00;Regular Season - 35;494;Udinese;away;490;Cagliari;https://media.api-sports.io/football/teams/490.png;2;1;2-1;V;4
135;Serie A;Italy;2024;2024-2025;1223933;2025-04-28T16:30:00+00:00;Regular Season - 34;494;Udinese;home;500;Bologna;https://media.api-sports.io/football/teams/500.png;0;0;0-0;N;5
135;Serie A;Italy;2024;2024-2025;1223966;2025-05-24T16:00:00+00:00;Regular Season - 38;495;Genoa;away;500;Bologna;https://media.api-sports.io/football/teams/500.png;3;1;3-1;V;1
135;Serie A;Italy;2024;2024-2025;1223957;2025-05-17T18:45:00+00:00;Regular Season - 37;495;Genoa;home;499;Atalanta;https://media.api-sports.io/football/teams/499.png;2;3;2-3;D;2
135;Serie A;Italy;2024;2024-2025;1223951;2025-05-11T18:45:00+00:00;Regular Season - 36;495;Genoa;away;492;Napoli;https://media.api-sports.io/football/teams/492.png;2;2;2-2;N;3
135;Serie A;Italy;2024;2024-2025;1223938;2025-05-05T18:45:00+00:00;Regular Season - 35;495;Genoa;home;489;AC Milan;https://media.api-sports.io/football/teams/489.png;1;2;1-2;D;4
135;Serie A;Italy;2024;2024-2025;1223926;2025-04-27T10:30:00+00:00;Regular Season - 34;495;Genoa;away;895;Como;https://media.api-sports.io/football/teams/895.png;0;1;0-1;D;5
135;Serie A;Italy;2024;2024-2025;1223974;2025-05-25T18:45:00+00:00;Regular Season - 38;496;Juventus;away;517;Venezia;https://media.api-sports.io/football/teams/517.png;3;2;3-2;V;1
135;Serie A;Italy;2024;2024-2025;1223960;2025-05-18T18:45:00+00:00;Regular Season - 37;496;Juventus;home;494;Udinese;https://media.api-sports.io/football/teams/494.png;2;0;2-0;V;2
135;Serie A;Italy;2024;2024-2025;1223949;2025-05-10T16:00:00+00:00;Regular Season - 36;496;Juventus;away;487;Lazio;https://media.api-sports.io/football/teams/487.png;1;1;1-1;N;3
135;Serie A;Italy;2024;2024-2025;1223935;2025-05-04T18:45:00+00:00;Regular Season - 35;496;Juventus;away;500;Bologna;https://media.api-sports.io/football/teams/500.png;1;1;1-1;N;4
135;Serie A;Italy;2024;2024-2025;1223930;2025-04-27T16:00:00+00:00;Regular Season - 34;496;Juventus;home;1579;Monza;https://media.api-sports.io/football/teams/1579.png;2;0;2-0;V;5
135;Serie A;Italy;2024;2024-2025;1223972;2025-05-25T18:45:00+00:00;Regular Season - 38;497;AS Roma;away;503;Torino;https://media.api-sports.io/football/teams/503.png;2;0;2-0;V;1
135;Serie A;Italy;2024;2024-2025;1223964;2025-05-18T18:45:00+00:00;Regular Season - 37;497;AS Roma;home;489;AC Milan;https://media.api-sports.io/football/teams/489.png;3;1;3-1;V;2
135;Serie A;Italy;2024;2024-2025;1223945;2025-05-12T18:45:00+00:00;Regular Season - 36;497;AS Roma;away;499;Atalanta;https://media.api-sports.io/football/teams/499.png;1;2;1-2;D;3
135;Serie A;Italy;2024;2024-2025;1223943;2025-05-04T16:00:00+00:00;Regular Season - 35;497;AS Roma;home;502;Fiorentina;https://media.api-sports.io/football/teams/502.png;1;0;1-0;V;4
135;Serie A;Italy;2024;2024-2025;1223929;2025-04-27T13:00:00+00:00;Regular Season - 34;497;AS Roma;away;505;Inter;https://media.api-sports.io/football/teams/505.png;1;0;1-0;V;5
135;Serie A;Italy;2024;2024-2025;1223965;2025-05-25T18:45:00+00:00;Regular Season - 38;499;Atalanta;home;523;Parma;https://media.api-sports.io/football/teams/523.png;2;3;2-3;D;1
135;Serie A;Italy;2024;2024-2025;1223957;2025-05-17T18:45:00+00:00;Regular Season - 37;499;Atalanta;away;495;Genoa;https://media.api-sports.io/football/teams/495.png;3;2;3-2;V;2
135;Serie A;Italy;2024;2024-2025;1223945;2025-05-12T18:45:00+00:00;Regular Season - 36;499;Atalanta;home;497;AS Roma;https://media.api-sports.io/football/teams/497.png;2;1;2-1;V;3
135;Serie A;Italy;2024;2024-2025;1223941;2025-05-04T13:00:00+00:00;Regular Season - 35;499;Atalanta;away;1579;Monza;https://media.api-sports.io/football/teams/1579.png;4;0;4-0;V;4
135;Serie A;Italy;2024;2024-2025;1223925;2025-04-27T18:45:00+00:00;Regular Season - 34;499;Atalanta;home;867;Lecce;https://media.api-sports.io/football/teams/867.png;1;1;1-1;N;5
135;Serie A;Italy;2024;2024-2025;1223966;2025-05-24T16:00:00+00:00;Regular Season - 38;500;Bologna;home;495;Genoa;https://media.api-sports.io/football/teams/495.png;1;3;1-3;D;1
135;Serie A;Italy;2024;2024-2025;1223956;2025-05-18T18:45:00+00:00;Regular Season - 37;500;Bologna;away;502;Fiorentina;https://media.api-sports.io/football/teams/502.png;2;3;2-3;D;2
135;Serie A;Italy;2024;2024-2025;1223950;2025-05-09T18:45:00+00:00;Regular Season - 36;500;Bologna;away;489;AC Milan;https://media.api-sports.io/football/teams/489.png;1;3;1-3;D;3
135;Serie A;Italy;2024;2024-2025;1223935;2025-05-04T18:45:00+00:00;Regular Season - 35;500;Bologna;home;496;Juventus;https://media.api-sports.io/football/teams/496.png;1;1;1-1;N;4
135;Serie A;Italy;2024;2024-2025;1223933;2025-04-28T16:30:00+00:00;Regular Season - 34;500;Bologna;away;494;Udinese;https://media.api-sports.io/football/teams/494.png;0;0;0-0;N;5
135;Serie A;Italy;2024;2024-2025;1223973;2025-05-25T18:45:00+00:00;Regular Season - 38;502;Fiorentina;away;494;Udinese;https://media.api-sports.io/football/teams/494.png;3;2;3-2;V;1
135;Serie A;Italy;2024;2024-2025;1223956;2025-05-18T18:45:00+00:00;Regular Season - 37;502;Fiorentina;home;500;Bologna;https://media.api-sports.io/football/teams/500.png;3;2;3-2;V;2
135;Serie A;Italy;2024;2024-2025;1223954;2025-05-12T16:30:00+00:00;Regular Season - 36;502;Fiorentina;away;517;Venezia;https://media.api-sports.io/football/teams/517.png;1;2;1-2;D;3
135;Serie A;Italy;2024;2024-2025;1223943;2025-05-04T16:00:00+00:00;Regular Season - 35;502;Fiorentina;away;497;AS Roma;https://media.api-sports.io/football/teams/497.png;0;1;0-1;D;4
135;Serie A;Italy;2024;2024-2025;1223927;2025-04-27T13:00:00+00:00;Regular Season - 34;502;Fiorentina;home;511;Empoli;https://media.api-sports.io/football/teams/511.png;2;1;2-1;V;5
135;Serie A;Italy;2024;2024-2025;1223972;2025-05-25T18:45:00+00:00;Regular Season - 38;503;Torino;home;497;AS Roma;https://media.api-sports.io/football/teams/497.png;0;2;0-2;D;1
135;Serie A;Italy;2024;2024-2025;1223961;2025-05-18T18:45:00+00:00;Regular Season - 37;503;Torino;away;867;Lecce;https://media.api-sports.io/football/teams/867.png;0;1;0-1;D;2
135;Serie A;Italy;2024;2024-2025;1223952;2025-05-11T16:00:00+00:00;Regular Season - 36;503;Torino;home;505;Inter;https://media.api-sports.io/football/teams/505.png;0;2;0-2;D;3
135;Serie A;Italy;2024;2024-2025;1223944;2025-05-02T18:45:00+00:00;Regular Season - 35;503;Torino;home;517;Venezia;https://media.api-sports.io/football/teams/517.png;1;1;1-1;N;4
135;Serie A;Italy;2024;2024-2025;1223932;2025-04-27T18:45:00+00:00;Regular Season - 34;503;Torino;away;492;Napoli;https://media.api-sports.io/football/teams/492.png;0;2;0-2;D;5
135;Serie A;Italy;2024;2024-2025;1223968;2025-05-25T18:45:00+00:00;Regular Season - 38;504;Hellas Verona;away;511;Empoli;https://media.api-sports.io/football/teams/511.png;2;1;2-1;V;1
135;Serie A;Italy;2024;2024-2025;1223958;2025-05-18T18:45:00+00:00;Regular Season - 37;504;Hellas Verona;home;895;Como;https://media.api-sports.io/football/teams/895.png;1;1;1-1;N;2
135;Serie A;Italy;2024;2024-2025;1223948;2025-05-11T13:00:00+00:00;Regular Season - 36;504;Hellas Verona;home;867;Lecce;https://media.api-sports.io/football/teams/867.png;1;1;1-1;N;3
135;Serie A;Italy;2024;2024-2025;1223939;2025-05-03T18:45:00+00:00;Regular Season - 35;504;Hellas Verona;away;505;Inter;https://media.api-sports.io/football/teams/505.png;0;1;0-1;D;4
135;Serie A;Italy;2024;2024-2025;1223928;2025-04-28T18:45:00+00:00;Regular Season - 34;504;Hellas Verona;home;490;Cagliari;https://media.api-sports.io/football/teams/490.png;0;2;0-2;D;5
135;Serie A;Italy;2024;2024-2025;1223967;2025-05-23T18:45:00+00:00;Regular Season - 38;505;Inter;away;895;Como;https://media.api-sports.io/football/teams/895.png;2;0;2-0;V;1
135;Serie A;Italy;2024;2024-2025;1223959;2025-05-18T18:45:00+00:00;Regular Season - 37;505;Inter;home;487;Lazio;https://media.api-sports.io/football/teams/487.png;2;2;2-2;N;2
135;Serie A;Italy;2024;2024-2025;1223952;2025-05-11T16:00:00+00:00;Regular Season - 36;505;Inter;away;503;Torino;https://media.api-sports.io/football/teams/503.png;2;0;2-0;V;3
135;Serie A;Italy;2024;2024-2025;1223939;2025-05-03T18:45:00+00:00;Regular Season - 35;505;Inter;home;504;Hellas Verona;https://media.api-sports.io/football/teams/504.png;1;0;1-0;V;4
135;Serie A;Italy;2024;2024-2025;1223929;2025-04-27T13:00:00+00:00;Regular Season - 34;505;Inter;home;497;AS Roma;https://media.api-sports.io/football/teams/497.png;0;1;0-1;D;5
135;Serie A;Italy;2024;2024-2025;1223968;2025-05-25T18:45:00+00:00;Regular Season - 38;511;Empoli;home;504;Hellas Verona;https://media.api-sports.io/football/teams/504.png;1;2;1-2;D;1
135;Serie A;Italy;2024;2024-2025;1223962;2025-05-18T18:45:00+00:00;Regular Season - 37;511;Empoli;away;1579;Monza;https://media.api-sports.io/football/teams/1579.png;3;1;3-1;V;2
135;Serie A;Italy;2024;2024-2025;1223947;2025-05-10T18:45:00+00:00;Regular Season - 36;511;Empoli;home;523;Parma;https://media.api-sports.io/football/teams/523.png;2;1;2-1;V;3
135;Serie A;Italy;2024;2024-2025;1223937;2025-05-04T10:30:00+00:00;Regular Season - 35;511;Empoli;home;487;Lazio;https://media.api-sports.io/football/teams/487.png;0;1;0-1;D;4
135;Serie A;Italy;2024;2024-2025;1223927;2025-04-27T13:00:00+00:00;Regular Season - 34;511;Empoli;away;502;Fiorentina;https://media.api-sports.io/football/teams/502.png;1;2;1-2;D;5
135;Serie A;Italy;2024;2024-2025;1223974;2025-05-25T18:45:00+00:00;Regular Season - 38;517;Venezia;home;496;Juventus;https://media.api-sports.io/football/teams/496.png;2;3;2-3;D;1
135;Serie A;Italy;2024;2024-2025;1223955;2025-05-18T18:45:00+00:00;Regular Season - 37;517;Venezia;away;490;Cagliari;https://media.api-sports.io/football/teams/490.png;0;3;0-3;D;2
135;Serie A;Italy;2024;2024-2025;1223954;2025-05-12T16:30:00+00:00;Regular Season - 36;517;Venezia;home;502;Fiorentina;https://media.api-sports.io/football/teams/502.png;2;1;2-1;V;3
135;Serie A;Italy;2024;2024-2025;1223944;2025-05-02T18:45:00+00:00;Regular Season - 35;517;Venezia;away;503;Torino;https://media.api-sports.io/football/teams/503.png;1;1;1-1;N;4
135;Serie A;Italy;2024;2024-2025;1223934;2025-04-27T10:30:00+00:00;Regular Season - 34;517;Venezia;home;489;AC Milan;https://media.api-sports.io/football/teams/489.png;0;2;0-2;D;5
135;Serie A;Italy;2024;2024-2025;1223965;2025-05-25T18:45:00+00:00;Regular Season - 38;523;Parma;away;499;Atalanta;https://media.api-sports.io/football/teams/499.png;3;2;3-2;V;1
135;Serie A;Italy;2024;2024-2025;1223963;2025-05-18T18:45:00+00:00;Regular Season - 37;523;Parma;home;492;Napoli;https://media.api-sports.io/football/teams/492.png;0;0;0-0;N;2
135;Serie A;Italy;2024;2024-2025;1223947;2025-05-10T18:45:00+00:00;Regular Season - 36;523;Parma;away;511;Empoli;https://media.api-sports.io/football/teams/511.png;1;2;1-2;D;3
135;Serie A;Italy;2024;2024-2025;1223942;2025-05-03T13:00:00+00:00;Regular Season - 35;523;Parma;home;895;Como;https://media.api-sports.io/football/teams/895.png;0;1;0-1;D;4
135;Serie A;Italy;2024;2024-2025;1223931;2025-04-28T18:45:00+00:00;Regular Season - 34;523;Parma;away;487;Lazio;https://media.api-sports.io/football/teams/487.png;2;2;2-2;N;5
135;Serie A;Italy;2024;2024-2025;1223969;2025-05-25T18:45:00+00:00;Regular Season - 38;867;Lecce;away;487;Lazio;https://media.api-sports.io/football/teams/487.png;1;0;1-0;V;1
135;Serie A;Italy;2024;2024-2025;1223961;2025-05-18T18:45:00+00:00;Regular Season - 37;867;Lecce;home;503;Torino;https://media.api-sports.io/football/teams/503.png;1;0;1-0;V;2
135;Serie A;Italy;2024;2024-2025;1223948;2025-05-11T13:00:00+00:00;Regular Season - 36;867;Lecce;away;504;Hellas Verona;https://media.api-sports.io/football/teams/504.png;1;1;1-1;N;3
135;Serie A;Italy;2024;2024-2025;1223940;2025-05-03T16:00:00+00:00;Regular Season - 35;867;Lecce;home;492;Napoli;https://media.api-sports.io/football/teams/492.png;0;1;0-1;D;4
135;Serie A;Italy;2024;2024-2025;1223925;2025-04-27T18:45:00+00:00;Regular Season - 34;867;Lecce;away;499;Atalanta;https://media.api-sports.io/football/teams/499.png;1;1;1-1;N;5
135;Serie A;Italy;2024;2024-2025;1223967;2025-05-23T18:45:00+00:00;Regular Season - 38;895;Como;home;505;Inter;https://media.api-sports.io/football/teams/505.png;0;2;0-2;D;1
135;Serie A;Italy;2024;2024-2025;1223958;2025-05-18T18:45:00+00:00;Regular Season - 37;895;Como;away;504;Hellas Verona;https://media.api-sports.io/football/teams/504.png;1;1;1-1;N;2
135;Serie A;Italy;2024;2024-2025;1223946;2025-05-10T13:00:00+00:00;Regular Season - 36;895;Como;home;490;Cagliari;https://media.api-sports.io/football/teams/490.png;3;1;3-1;V;3
135;Serie A;Italy;2024;2024-2025;1223942;2025-05-03T13:00:00+00:00;Regular Season - 35;895;Como;away;523;Parma;https://media.api-sports.io/football/teams/523.png;1;0;1-0;V;4
135;Serie A;Italy;2024;2024-2025;1223926;2025-04-27T10:30:00+00:00;Regular Season - 34;895;Como;home;495;Genoa;https://media.api-sports.io/football/teams/495.png;1;0;1-0;V;5
135;Serie A;Italy;2024;2024-2025;1223970;2025-05-24T18:45:00+00:00;Regular Season - 38;1579;Monza;away;489;AC Milan;https://media.api-sports.io/football/teams/489.png;0;2;0-2;D;1
135;Serie A;Italy;2024;2024-2025;1223962;2025-05-18T18:45:00+00:00;Regular Season - 37;1579;Monza;home;511;Empoli;https://media.api-sports.io/football/teams/511.png;1;3;1-3;D;2
135;Serie A;Italy;2024;2024-2025;1223953;2025-05-11T10:30:00+00:00;Regular Season - 36;1579;Monza;away;494;Udinese;https://media.api-sports.io/football/teams/494.png;2;1;2-1;V;3
135;Serie A;Italy;2024;2024-2025;1223941;2025-05-04T13:00:00+00:00;Regular Season - 35;1579;Monza;home;499;Atalanta;https://media.api-sports.io/football/teams/499.png;0;4;0-4;D;4
135;Serie A;Italy;2024;2024-2025;1223930;2025-04-27T16:00:00+00:00;Regular Season - 34;1579;Monza;away;496;Juventus;https://media.api-sports.io/football/teams/496.png;0;2;0-2;D;5
78;Bundesliga;Germany;2022;2022-2023;871464;2023-05-27T13:30:00+00:00;Regular Season - 34;157;Bayern Munich;away;192;1. FC Köln;https://media.api-sports.io/football/teams/192.png;2;1;2-1;V;1
78;Bundesliga;Germany;2022;2022-2023;871452;2023-05-20T16:30:00+00:00;Regular Season - 33;157;Bayern Munich;home;173;RB Leipzig;https://media.api-sports.io/football/teams/173.png;1;3;1-3;D;2
78;Bundesliga;Germany;2022;2022-2023;871443;2023-05-13T13:30:00+00:00;Regular Season - 32;157;Bayern Munich;home;174;FC Schalke 04;https://media.api-sports.io/football/teams/174.png;6;0;6-0;V;3
78;Bundesliga;Germany;2022;2022-2023;871442;2023-05-06T16:30:00+00:00;Regular Season - 31;157;Bayern Munich;away;162;Werder Bremen;https://media.api-sports.io/football/teams/162.png;2;1;2-1;V;4
78;Bundesliga;Germany;2022;2022-2023;871425;2023-04-30T13:30:00+00:00;Regular Season - 30;157;Bayern Munich;home;159;Hertha Berlin;https://media.api-sports.io/football/teams/159.png;2;0;2-0;V;5
78;Bundesliga;Germany;2022;2022-2023;871467;2023-05-27T13:30:00+00:00;Regular Season - 34;159;Hertha Berlin;away;161;VfL Wolfsburg;https://media.api-sports.io/football/teams/161.png;2;1;2-1;V;1
78;Bundesliga;Germany;2022;2022-2023;871458;2023-05-20T13:30:00+00:00;Regular Season - 33;159;Hertha Berlin;home;176;Vfl Bochum;https://media.api-sports.io/football/teams/176.png;1;1;1-1;N;2
78;Bundesliga;Germany;2022;2022-2023;871447;2023-05-12T18:30:00+00:00;Regular Season - 32;159;Hertha Berlin;away;192;1. FC Köln;https://media.api-sports.io/football/teams/192.png;2;5;2-5;D;3
78;Bundesliga;Germany;2022;2022-2023;871441;2023-05-06T13:30:00+00:00;Regular Season - 31;159;Hertha Berlin;home;172;VfB Stuttgart;https://media.api-sports.io/football/teams/172.png;2;1;2-1;V;4
78;Bundesliga;Germany;2022;2022-2023;871425;2023-04-30T13:30:00+00:00;Regular Season - 30;159;Hertha Berlin;away;157;Bayern Munich;https://media.api-sports.io/football/teams/157.png;0;2;0-2;D;5
78;Bundesliga;Germany;2022;2022-2023;871466;2023-05-27T13:30:00+00:00;Regular Season - 34;160;SC Freiburg;away;169;Eintracht Frankfurt;https://media.api-sports.io/football/teams/169.png;1;2;1-2;D;1
78;Bundesliga;Germany;2022;2022-2023;871454;2023-05-19T18:30:00+00:00;Regular Season - 33;160;SC Freiburg;home;161;VfL Wolfsburg;https://media.api-sports.io/football/teams/161.png;2;0;2-0;V;2
78;Bundesliga;Germany;2022;2022-2023;871446;2023-05-13T13:30:00+00:00;Regular Season - 32;160;SC Freiburg;away;182;Union Berlin;https://media.api-sports.io/football/teams/182.png;2;4;2-4;D;3
78;Bundesliga;Germany;2022;2022-2023;871436;2023-05-06T13:30:00+00:00;Regular Season - 31;160;SC Freiburg;home;173;RB Leipzig;https://media.api-sports.io/football/teams/173.png;0;1;0-1;D;4
78;Bundesliga;Germany;2022;2022-2023;871428;2023-04-29T13:30:00+00:00;Regular Season - 30;160;SC Freiburg;away;192;1. FC Köln;https://media.api-sports.io/football/teams/192.png;1;0;1-0;V;5
78;Bundesliga;Germany;2022;2022-2023;871467;2023-05-27T13:30:00+00:00;Regular Season - 34;161;VfL Wolfsburg;home;159;Hertha Berlin;https://media.api-sports.io/football/teams/159.png;1;2;1-2;D;1
78;Bundesliga;Germany;2022;2022-2023;871454;2023-05-19T18:30:00+00:00;Regular Season - 33;161;VfL Wolfsburg;away;160;SC Freiburg;https://media.api-sports.io/football/teams/160.png;0;2;0-2;D;2
78;Bundesliga;Germany;2022;2022-2023;871449;2023-05-13T13:30:00+00:00;Regular Season - 32;161;VfL Wolfsburg;home;167;1899 Hoffenheim;https://media.api-sports.io/football/teams/167.png;2;1;2-1;V;3
78;Bundesliga;Germany;2022;2022-2023;871434;2023-05-07T15:30:00+00:00;Regular Season - 31;161;VfL Wolfsburg;away;165;Borussia Dortmund;https://media.api-sports.io/football/teams/165.png;0;6;0-6;D;4
78;Bundesliga;Germany;2022;2022-2023;871430;2023-04-30T15:30:00+00:00;Regular Season - 30;161;VfL Wolfsburg;home;164;FSV Mainz 05;https://media.api-sports.io/football/teams/164.png;3;0;3-0;V;5
78;Bundesliga;Germany;2022;2022-2023;871463;2023-05-27T13:30:00+00:00;Regular Season - 34;162;Werder Bremen;away;182;Union Berlin;https://media.api-sports.io/football/teams/182.png;0;1;0-1;D;1
78;Bundesliga;Germany;2022;2022-2023;871460;2023-05-20T13:30:00+00:00;Regular Season - 33;162;Werder Bremen;home;192;1. FC Köln;https://media.api-sports.io/football/teams/192.png;1;1;1-1;N;2
78;Bundesliga;Germany;2022;2022-2023;871445;2023-05-14T15:30:00+00:00;Regular Season - 32;162;Werder Bremen;away;173;RB Leipzig;https://media.api-sports.io/football/teams/173.png;1;2;1-2;D;3
78;Bundesliga;Germany;2022;2022-2023;871442;2023-05-06T16:30:00+00:00;Regular Season - 31;162;Werder Bremen;home;157;Bayern Munich;https://media.api-sports.io/football/teams/157.png;1;2;1-2;D;4
78;Bundesliga;Germany;2022;2022-2023;871433;2023-04-29T16:30:00+00:00;Regular Season - 30;162;Werder Bremen;away;174;FC Schalke 04;https://media.api-sports.io/football/teams/174.png;1;2;1-2;D;5
78;Bundesliga;Germany;2022;2022-2023;871465;2023-05-27T13:30:00+00:00;Regular Season - 34;163;Borussia Monchengladbach;home;170;FC Augsburg;https://media.api-sports.io/football/teams/170.png;2;0;2-0;V;1
78;Bundesliga;Germany;2022;2022-2023;871453;2023-05-21T17:30:00+00:00;Regular Season - 33;163;Borussia Monchengladbach;away;168;Bayer Leverkusen;https://media.api-sports.io/football/teams/168.png;2;2;2-2;N;2
78;Bundesliga;Germany;2022;2022-2023;871444;2023-05-13T16:30:00+00:00;Regular Season - 32;163;Borussia Monchengladbach;away;165;Borussia Dortmund;https://media.api-sports.io/football/teams/165.png;2;5;2-5;D;3
78;Bundesliga;Germany;2022;2022-2023;871439;2023-05-06T13:30:00+00:00;Regular Season - 31;163;Borussia Monchengladbach;home;176;Vfl Bochum;https://media.api-sports.io/football/teams/176.png;2;0;2-0;V;4
78;Bundesliga;Germany;2022;2022-2023;871432;2023-04-29T13:30:00+00:00;Regular Season - 30;163;Borussia Monchengladbach;away;172;VfB Stuttgart;https://media.api-sports.io/football/teams/172.png;1;2;1-2;D;5
78;Bundesliga;Germany;2022;2022-2023;871461;2023-05-27T13:30:00+00:00;Regular Season - 34;164;FSV Mainz 05;away;165;Borussia Dortmund;https://media.api-sports.io/football/teams/165.png;2;2;2-2;N;1
78;Bundesliga;Germany;2022;2022-2023;871455;2023-05-21T13:30:00+00:00;Regular Season - 33;164;FSV Mainz 05;home;172;VfB Stuttgart;https://media.api-sports.io/football/teams/172.png;1;4;1-4;D;2
78;Bundesliga;Germany;2022;2022-2023;871448;2023-05-13T13:30:00+00:00;Regular Season - 32;164;FSV Mainz 05;away;169;Eintracht Frankfurt;https://media.api-sports.io/football/teams/169.png;0;3;0-3;D;3
78;Bundesliga;Germany;2022;2022-2023;871437;2023-05-05T18:30:00+00:00;Regular Season - 31;164;FSV Mainz 05;home;174;FC Schalke 04;https://media.api-sports.io/football/teams/174.png;2;3;2-3;D;4
78;Bundesliga;Germany;2022;2022-2023;871430;2023-04-30T15:30:00+00:00;Regular Season - 30;164;FSV Mainz 05;away;161;VfL Wolfsburg;https://media.api-sports.io/football/teams/161.png;0;3;0-3;D;5
78;Bundesliga;Germany;2022;2022-2023;871461;2023-05-27T13:30:00+00:00;Regular Season - 34;165;Borussia Dortmund;home;164;FSV Mainz 05;https://media.api-sports.io/football/teams/164.png;2;2;2-2;N;1
78;Bundesliga;Germany;2022;2022-2023;871457;2023-05-21T15:30:00+00:00;Regular Season - 33;165;Borussia Dortmund;away;170;FC Augsburg;https://media.api-sports.io/football/teams/170.png;3;0;3-0;V;2
78;Bundesliga;Germany;2022;2022-2023;871444;2023-05-13T16:30:00+00:00;Regular Season - 32;165;Borussia Dortmund;home;163;Borussia Monchengladbach;https://media.api-sports.io/football/teams/163.png;5;2;5-2;V;3
78;Bundesliga;Germany;2022;2022-2023;871434;2023-05-07T15:30:00+00:00;Regular Season - 31;165;Borussia Dortmund;home;161;VfL Wolfsburg;https://media.api-sports.io/football/teams/161.png;6;0;6-0;V;4
78;Bundesliga;Germany;2022;2022-2023;871431;2023-04-28T18:30:00+00:00;Regular Season - 30;165;Borussia Dortmund;away;176;Vfl Bochum;https://media.api-sports.io/football/teams/176.png;1;1;1-1;N;5
78;Bundesliga;Germany;2022;2022-2023;871469;2023-05-27T13:30:00+00:00;Regular Season - 34;167;1899 Hoffenheim;away;172;VfB Stuttgart;https://media.api-sports.io/football/teams/172.png;1;1;1-1;N;1
78;Bundesliga;Germany;2022;2022-2023;871456;2023-05-20T13:30:00+00:00;Regular Season - 33;167;1899 Hoffenheim;home;182;Union Berlin;https://media.api-sports.io/football/teams/182.png;4;2;4-2;V;2
78;Bundesliga;Germany;2022;2022-2023;871449;2023-05-13T13:30:00+00:00;Regular Season - 32;167;1899 Hoffenheim;away;161;VfL Wolfsburg;https://media.api-sports.io/football/teams/161.png;1;2;1-2;D;3
78;Bundesliga;Germany;2022;2022-2023;871438;2023-05-06T13:30:00+00:00;Regular Season - 31;167;1899 Hoffenheim;home;169;Eintracht Frankfurt;https://media.api-sports.io/football/teams/169.png;3;1;3-1;V;4
78;Bundesliga;Germany;2022;2022-2023;871426;2023-04-29T13:30:00+00:00;Regular Season - 30;167;1899 Hoffenheim;away;173;RB Leipzig;https://media.api-sports.io/football/teams/173.png;0;1;0-1;D;5
78;Bundesliga;Germany;2022;2022-2023;871468;2023-05-27T13:30:00+00:00;Regular Season - 34;168;Bayer Leverkusen;away;176;Vfl Bochum;https://media.api-sports.io/football/teams/176.png;0;3;0-3;D;1
78;Bundesliga;Germany;2022;2022-2023;871453;2023-05-21T17:30:00+00:00;Regular Season - 33;168;Bayer Leverkusen;home;163;Borussia Monchengladbach;https://media.api-sports.io/football/teams/163.png;2;2;2-2;N;2
78;Bundesliga;Germany;2022;2022-2023;871451;2023-05-14T13:30:00+00:00;Regular Season - 32;168;Bayer Leverkusen;away;172;VfB Stuttgart;https://media.api-sports.io/football/teams/172.png;1;1;1-1;N;3
78;Bundesliga;Germany;2022;2022-2023;871435;2023-05-05T18:30:00+00:00;Regular Season - 31;168;Bayer Leverkusen;home;192;1. FC Köln;https://media.api-sports.io/football/teams/192.png;1;2;1-2;D;4
78;Bundesliga;Germany;2022;2022-2023;871427;2023-04-29T13:30:00+00:00;Regular Season - 30;168;Bayer Leverkusen;away;182;Union Berlin;https://media.api-sports.io/football/teams/182.png;0;0;0-0;N;5
78;Bundesliga;Germany;2022;2022-2023;871466;2023-05-27T13:30:00+00:00;Regular Season - 34;169;Eintracht Frankfurt;home;160;SC Freiburg;https://media.api-sports.io/football/teams/160.png;2;1;2-1;V;1
78;Bundesliga;Germany;2022;2022-2023;871459;2023-05-20T13:30:00+00:00;Regular Season - 33;169;Eintracht Frankfurt;away;174;FC Schalke 04;https://media.api-sports.io/football/teams/174.png;2;2;2-2;N;2
78;Bundesliga;Germany;2022;2022-2023;871448;2023-05-13T13:30:00+00:00;Regular Season - 32;169;Eintracht Frankfurt;home;164;FSV Mainz 05;https://media.api-sports.io/football/teams/164.png;3;0;3-0;V;3
78;Bundesliga;Germany;2022;2022-2023;871438;2023-05-06T13:30:00+00:00;Regular Season - 31;169;Eintracht Frankfurt;away;167;1899 Hoffenheim;https://media.api-sports.io/football/teams/167.png;1;3;1-3;D;4
78;Bundesliga;Germany;2022;2022-2023;871429;2023-04-29T13:30:00+00:00;Regular Season - 30;169;Eintracht Frankfurt;home;170;FC Augsburg;https://media.api-sports.io/football/teams/170.png;1;1;1-1;N;5
78;Bundesliga;Germany;2022;2022-2023;871465;2023-05-27T13:30:00+00:00;Regular Season - 34;170;FC Augsburg;away;163;Borussia Monchengladbach;https://media.api-sports.io/football/teams/163.png;0;2;0-2;D;1
78;Bundesliga;Germany;2022;2022-2023;871457;2023-05-21T15:30:00+00:00;Regular Season - 33;170;FC Augsburg;home;165;Borussia Dortmund;https://media.api-sports.io/football/teams/165.png;0;3;0-3;D;2
78;Bundesliga;Germany;2022;2022-2023;871450;2023-05-13T13:30:00+00:00;Regular Season - 32;170;FC Augsburg;away;176;Vfl Bochum;https://media.api-sports.io/football/teams/176.png;2;3;2-3;D;3
78;Bundesliga;Germany;2022;2022-2023;871440;2023-05-06T13:30:00+00:00;Regular Season - 31;170;FC Augsburg;home;182;Union Berlin;https://media.api-sports.io/football/teams/182.png;1;0;1-0;V;4
78;Bundesliga;Germany;2022;2022-2023;871429;2023-04-29T13:30:00+00:00;Regular Season - 30;170;FC Augsburg;away;169;Eintracht Frankfurt;https://media.api-sports.io/football/teams/169.png;1;1;1-1;N;5
78;Bundesliga;Germany;2022;2022-2023;1029008;2023-06-05T18:45:00+00:00;Relegation Round;172;VfB Stuttgart;away;175;Hamburger SV;https://media.api-sports.io/football/teams/175.png;3;1;3-1;V;1
78;Bundesliga;Germany;2022;2022-2023;1029007;2023-06-01T18:45:00+00:00;Relegation Round;172;VfB Stuttgart;home;175;Hamburger SV;https://media.api-sports.io/football/teams/175.png;3;0;3-0;V;2
78;Bundesliga;Germany;2022;2022-2023;871469;2023-05-27T13:30:00+00:00;Regular Season - 34;172;VfB Stuttgart;home;167;1899 Hoffenheim;https://media.api-sports.io/football/teams/167.png;1;1;1-1;N;3
78;Bundesliga;Germany;2022;2022-2023;871455;2023-05-21T13:30:00+00:00;Regular Season - 33;172;VfB Stuttgart;away;164;FSV Mainz 05;https://media.api-sports.io/football/teams/164.png;4;1;4-1;V;4
78;Bundesliga;Germany;2022;2022-2023;871451;2023-05-14T13:30:00+00:00;Regular Season - 32;172;VfB Stuttgart;home;168;Bayer Leverkusen;https://media.api-sports.io/football/teams/168.png;1;1;1-1;N;5
78;Bundesliga;Germany;2022;2022-2023;871462;2023-05-27T13:30:00+00:00;Regular Season - 34;173;RB Leipzig;home;174;FC Schalke 04;https://media.api-sports.io/football/teams/174.png;4;2;4-2;V;1
78;Bundesliga;Germany;2022;2022-2023;871452;2023-05-20T16:30:00+00:00;Regular Season - 33;173;RB Leipzig;away;157;Bayern Munich;https://media.api-sports.io/football/teams/157.png;3;1;3-1;V;2
78;Bundesliga;Germany;2022;2022-2023;871445;2023-05-14T15:30:00+00:00;Regular Season - 32;173;RB Leipzig;home;162;Werder Bremen;https://media.api-sports.io/football/teams/162.png;2;1;2-1;V;3
78;Bundesliga;Germany;2022;2022-2023;871436;2023-05-06T13:30:00+00:00;Regular Season - 31;173;RB Leipzig;away;160;SC Freiburg;https://media.api-sports.io/football/teams/160.png;1;0;1-0;V;4
78;Bundesliga;Germany;2022;2022-2023;871426;2023-04-29T13:30:00+00:00;Regular Season - 30;173;RB Leipzig;home;167;1899 Hoffenheim;https://media.api-sports.io/football/teams/167.png;1;0;1-0;V;5
78;Bundesliga;Germany;2022;2022-2023;871462;2023-05-27T13:30:00+00:00;Regular Season - 34;174;FC Schalke 04;away;173;RB Leipzig;https://media.api-sports.io/football/teams/173.png;2;4;2-4;D;1
78;Bundesliga;Germany;2022;2022-2023;871459;2023-05-20T13:30:00+00:00;Regular Season - 33;174;FC Schalke 04;home;169;Eintracht Frankfurt;https://media.api-sports.io/football/teams/169.png;2;2;2-2;N;2
78;Bundesliga;Germany;2022;2022-2023;871443;2023-05-13T13:30:00+00:00;Regular Season - 32;174;FC Schalke 04;away;157;Bayern Munich;https://media.api-sports.io/football/teams/157.png;0;6;0-6;D;3
78;Bundesliga;Germany;2022;2022-2023;871437;2023-05-05T18:30:00+00:00;Regular Season - 31;174;FC Schalke 04;away;164;FSV Mainz 05;https://media.api-sports.io/football/teams/164.png;3;2;3-2;V;4
78;Bundesliga;Germany;2022;2022-2023;871433;2023-04-29T16:30:00+00:00;Regular Season - 30;174;FC Schalke 04;home;162;Werder Bremen;https://media.api-sports.io/football/teams/162.png;2;1;2-1;V;5
78;Bundesliga;Germany;2022;2022-2023;1029008;2023-06-05T18:45:00+00:00;Relegation Round;175;Hamburger SV;home;172;VfB Stuttgart;https://media.api-sports.io/football/teams/172.png;1;3;1-3;D;1
78;Bundesliga;Germany;2022;2022-2023;1029007;2023-06-01T18:45:00+00:00;Relegation Round;175;Hamburger SV;away;172;VfB Stuttgart;https://media.api-sports.io/football/teams/172.png;0;3;0-3;D;2
78;Bundesliga;Germany;2022;2022-2023;871468;2023-05-27T13:30:00+00:00;Regular Season - 34;176;Vfl Bochum;home;168;Bayer Leverkusen;https://media.api-sports.io/football/teams/168.png;3;0;3-0;V;1
78;Bundesliga;Germany;2022;2022-2023;871458;2023-05-20T13:30:00+00:00;Regular Season - 33;176;Vfl Bochum;away;159;Hertha Berlin;https://media.api-sports.io/football/teams/159.png;1;1;1-1;N;2
78;Bundesliga;Germany;2022;2022-2023;871450;2023-05-13T13:30:00+00:00;Regular Season - 32;176;Vfl Bochum;home;170;FC Augsburg;https://media.api-sports.io/football/teams/170.png;3;2;3-2;V;3
78;Bundesliga;Germany;2022;2022-2023;871439;2023-05-06T13:30:00+00:00;Regular Season - 31;176;Vfl Bochum;away;163;Borussia Monchengladbach;https://media.api-sports.io/football/teams/163.png;0;2;0-2;D;4
78;Bundesliga;Germany;2022;2022-2023;871431;2023-04-28T18:30:00+00:00;Regular Season - 30;176;Vfl Bochum;home;165;Borussia Dortmund;https://media.api-sports.io/football/teams/165.png;1;1;1-1;N;5
78;Bundesliga;Germany;2022;2022-2023;871463;2023-05-27T13:30:00+00:00;Regular Season - 34;182;Union Berlin;home;162;Werder Bremen;https://media.api-sports.io/football/teams/162.png;1;0;1-0;V;1
78;Bundesliga;Germany;2022;2022-2023;871456;2023-05-20T13:30:00+00:00;Regular Season - 33;182;Union Berlin;away;167;1899 Hoffenheim;https://media.api-sports.io/football/teams/167.png;2;4;2-4;D;2
78;Bundesliga;Germany;2022;2022-2023;871446;2023-05-13T13:30:00+00:00;Regular Season - 32;182;Union Berlin;home;160;SC Freiburg;https://media.api-sports.io/football/teams/160.png;4;2;4-2;V;3
78;Bundesliga;Germany;2022;2022-2023;871440;2023-05-06T13:30:00+00:00;Regular Season - 31;182;Union Berlin;away;170;FC Augsburg;https://media.api-sports.io/football/teams/170.png;0;1;0-1;D;4
78;Bundesliga;Germany;2022;2022-2023;871427;2023-04-29T13:30:00+00:00;Regular Season - 30;182;Union Berlin;home;168;Bayer Leverkusen;https://media.api-sports.io/football/teams/168.png;0;0;0-0;N;5
78;Bundesliga;Germany;2022;2022-2023;871464;2023-05-27T13:30:00+00:00;Regular Season - 34;192;1. FC Köln;home;157;Bayern Munich;https://media.api-sports.io/football/teams/157.png;1;2;1-2;D;1
78;Bundesliga;Germany;2022;2022-2023;871460;2023-05-20T13:30:00+00:00;Regular Season - 33;192;1. FC Köln;away;162;Werder Bremen;https://media.api-sports.io/football/teams/162.png;1;1;1-1;N;2
78;Bundesliga;Germany;2022;2022-2023;871447;2023-05-12T18:30:00+00:00;Regular Season - 32;192;1. FC Köln;home;159;Hertha Berlin;https://media.api-sports.io/football/teams/159.png;5;2;5-2;V;3
78;Bundesliga;Germany;2022;2022-2023;871435;2023-05-05T18:30:00+00:00;Regular Season - 31;192;1. FC Köln;away;168;Bayer Leverkusen;https://media.api-sports.io/football/teams/168.png;2;1;2-1;V;4
78;Bundesliga;Germany;2022;2022-2023;871428;2023-04-29T13:30:00+00:00;Regular Season - 30;192;1. FC Köln;home;160;SC Freiburg;https://media.api-sports.io/football/teams/160.png;0;1;0-1;D;5
78;Bundesliga;Germany;2023;2023-2024;1049183;2024-05-18T13:30:00+00:00;Regular Season - 34;157;Bayern Munich;away;167;1899 Hoffenheim;https://media.api-sports.io/football/teams/167.png;2;4;2-4;D;1
78;Bundesliga;Germany;2023;2023-2024;1049169;2024-05-12T15:30:00+00:00;Regular Season - 33;157;Bayern Munich;home;161;VfL Wolfsburg;https://media.api-sports.io/football/teams/161.png;2;0;2-0;V;2
78;Bundesliga;Germany;2023;2023-2024;1049167;2024-05-04T13:30:00+00:00;Regular Season - 32;157;Bayern Munich;away;172;VfB Stuttgart;https://media.api-sports.io/football/teams/172.png;1;3;1-3;D;3
78;Bundesliga;Germany;2023;2023-2024;1049151;2024-04-27T13:30:00+00:00;Regular Season - 31;157;Bayern Munich;home;169;Eintracht Frankfurt;https://media.api-sports.io/football/teams/169.png;2;1;2-1;V;4
78;Bundesliga;Germany;2023;2023-2024;1049143;2024-04-20T16:30:00+00:00;Regular Season - 30;157;Bayern Munich;away;182;Union Berlin;https://media.api-sports.io/football/teams/182.png;5;1;5-1;V;5
78;Bundesliga;Germany;2023;2023-2024;1200849;2024-05-23T18:30:00+00:00;Relegation Round;158;Fortuna Dusseldorf;away;176;Vfl Bochum;https://media.api-sports.io/football/teams/176.png;3;0;3-0;V;1
78;Bundesliga;Germany;2023;2023-2024;1049179;2024-05-18T13:30:00+00:00;Regular Season - 34;160;SC Freiburg;away;182;Union Berlin;https://media.api-sports.io/football/teams/182.png;1;2;1-2;D;1
78;Bundesliga;Germany;2023;2023-2024;1049171;2024-05-11T13:30:00+00:00;Regular Season - 33;160;SC Freiburg;home;180;FC Heidenheim;https://media.api-sports.io/football/teams/180.png;1;1;1-1;N;2
78;Bundesliga;Germany;2023;2023-2024;1049164;2024-05-04T16:30:00+00:00;Regular Season - 32;160;SC Freiburg;away;192;1. FC Köln;https://media.api-sports.io/football/teams/192.png;0;0;0-0;N;3
78;Bundesliga;Germany;2023;2023-2024;1049153;2024-04-27T13:30:00+00:00;Regular Season - 31;160;SC Freiburg;home;161;VfL Wolfsburg;https://media.api-sports.io/football/teams/161.png;1;2;1-2;D;4
78;Bundesliga;Germany;2023;2023-2024;1049144;2024-04-21T17:30:00+00:00;Regular Season - 30;160;SC Freiburg;home;164;FSV Mainz 05;https://media.api-sports.io/football/teams/164.png;1;1;1-1;N;5
78;Bundesliga;Germany;2023;2023-2024;1049182;2024-05-18T13:30:00+00:00;Regular Season - 34;161;VfL Wolfsburg;home;164;FSV Mainz 05;https://media.api-sports.io/football/teams/164.png;1;3;1-3;D;1
78;Bundesliga;Germany;2023;2023-2024;1049169;2024-05-12T15:30:00+00:00;Regular Season - 33;161;VfL Wolfsburg;away;157;Bayern Munich;https://media.api-sports.io/football/teams/157.png;0;2;0-2;D;2
78;Bundesliga;Germany;2023;2023-2024;1049163;2024-05-04T13:30:00+00:00;Regular Season - 32;161;VfL Wolfsburg;home;181;SV Darmstadt 98;https://media.api-sports.io/football/teams/181.png;3;0;3-0;V;3
78;Bundesliga;Germany;2023;2023-2024;1049153;2024-04-27T13:30:00+00:00;Regular Season - 31;161;VfL Wolfsburg;away;160;SC Freiburg;https://media.api-sports.io/football/teams/160.png;2;1;2-1;V;4
78;Bundesliga;Germany;2023;2023-2024;1049146;2024-04-20T13:30:00+00:00;Regular Season - 30;161;VfL Wolfsburg;home;176;Vfl Bochum;https://media.api-sports.io/football/teams/176.png;1;0;1-0;V;5
78;Bundesliga;Germany;2023;2023-2024;1049184;2024-05-18T13:30:00+00:00;Regular Season - 34;162;Werder Bremen;home;176;Vfl Bochum;https://media.api-sports.io/football/teams/176.png;4;1;4-1;V;1
78;Bundesliga;Germany;2023;2023-2024;1049170;2024-05-11T13:30:00+00:00;Regular Season - 33;162;Werder Bremen;away;173;RB Leipzig;https://media.api-sports.io/football/teams/173.png;1;1;1-1;N;2
78;Bundesliga;Germany;2023;2023-2024;1049166;2024-05-04T13:30:00+00:00;Regular Season - 32;162;Werder Bremen;home;163;Borussia Monchengladbach;https://media.api-sports.io/football/teams/163.png;2;2;2-2;N;3
78;Bundesliga;Germany;2023;2023-2024;1049158;2024-04-27T13:30:00+00:00;Regular Season - 31;162;Werder Bremen;away;170;FC Augsburg;https://media.api-sports.io/football/teams/170.png;3;0;3-0;V;4
78;Bundesliga;Germany;2023;2023-2024;1049149;2024-04-21T13:30:00+00:00;Regular Season - 30;162;Werder Bremen;home;172;VfB Stuttgart;https://media.api-sports.io/football/teams/172.png;2;1;2-1;V;5
78;Bundesliga;Germany;2023;2023-2024;1049185;2024-05-18T13:30:00+00:00;Regular Season - 34;163;Borussia Monchengladbach;away;172;VfB Stuttgart;https://media.api-sports.io/football/teams/172.png;0;4;0-4;D;1
78;Bundesliga;Germany;2023;2023-2024;1049173;2024-05-11T13:30:00+00:00;Regular Season - 33;163;Borussia Monchengladbach;home;169;Eintracht Frankfurt;https://media.api-sports.io/football/teams/169.png;1;1;1-1;N;2
78;Bundesliga;Germany;2023;2023-2024;1049166;2024-05-04T13:30:00+00:00;Regular Season - 32;163;Borussia Monchengladbach;away;162;Werder Bremen;https://media.api-sports.io/football/teams/162.png;2;2;2-2;N;3
78;Bundesliga;Germany;2023;2023-2024;1049156;2024-04-28T13:30:00+00:00;Regular Season - 31;163;Borussia Monchengladbach;home;182;Union Berlin;https://media.api-sports.io/football/teams/182.png;0;0;0-0;N;4
78;Bundesliga;Germany;2023;2023-2024;1049148;2024-04-20T13:30:00+00:00;Regular Season - 30;163;Borussia Monchengladbach;away;167;1899 Hoffenheim;https://media.api-sports.io/football/teams/167.png;3;4;3-4;D;5
78;Bundesliga;Germany;2023;2023-2024;1049182;2024-05-18T13:30:00+00:00;Regular Season - 34;164;FSV Mainz 05;away;161;VfL Wolfsburg;https://media.api-sports.io/football/teams/161.png;3;1;3-1;V;1
78;Bundesliga;Germany;2023;2023-2024;1049172;2024-05-11T16:30:00+00:00;Regular Season - 33;164;FSV Mainz 05;home;165;Borussia Dortmund;https://media.api-sports.io/football/teams/165.png;3;0;3-0;V;2
78;Bundesliga;Germany;2023;2023-2024;1049168;2024-05-05T17:30:00+00:00;Regular Season - 32;164;FSV Mainz 05;away;180;FC Heidenheim;https://media.api-sports.io/football/teams/180.png;1;1;1-1;N;3
78;Bundesliga;Germany;2023;2023-2024;1049155;2024-04-28T15:30:00+00:00;Regular Season - 31;164;FSV Mainz 05;home;192;1. FC Köln;https://media.api-sports.io/football/teams/192.png;1;1;1-1;N;4
78;Bundesliga;Germany;2023;2023-2024;1049144;2024-04-21T17:30:00+00:00;Regular Season - 30;164;FSV Mainz 05;away;160;SC Freiburg;https://media.api-sports.io/football/teams/160.png;1;1;1-1;N;5
78;Bundesliga;Germany;2023;2023-2024;1049178;2024-05-18T13:30:00+00:00;Regular Season - 34;165;Borussia Dortmund;home;181;SV Darmstadt 98;https://media.api-sports.io/football/teams/181.png;4;0;4-0;V;1
78;Bundesliga;Germany;2023;2023-2024;1049172;2024-05-11T16:30:00+00:00;Regular Season - 33;165;Borussia Dortmund;away;164;FSV Mainz 05;https://media.api-sports.io/football/teams/164.png;0;3;0-3;D;2
78;Bundesliga;Germany;2023;2023-2024;1049160;2024-05-04T13:30:00+00:00;Regular Season - 32;165;Borussia Dortmund;home;170;FC Augsburg;https://media.api-sports.io/football/teams/170.png;5;1;5-1;V;3
78;Bundesliga;Germany;2023;2023-2024;1049152;2024-04-27T13:30:00+00:00;Regular Season - 31;165;Borussia Dortmund;away;173;RB Leipzig;https://media.api-sports.io/football/teams/173.png;1;4;1-4;D;4
78;Bundesliga;Germany;2023;2023-2024;1049142;2024-04-21T15:30:00+00:00;Regular Season - 30;165;Borussia Dortmund;home;168;Bayer Leverkusen;https://media.api-sports.io/football/teams/168.png;1;1;1-1;N;5
78;Bundesliga;Germany;2023;2023-2024;1049183;2024-05-18T13:30:00+00:00;Regular Season - 34;167;1899 Hoffenheim;home;157;Bayern Munich;https://media.api-sports.io/football/teams/157.png;4;2;4-2;V;1
78;Bundesliga;Germany;2023;2023-2024;1049177;2024-05-12T13:30:00+00:00;Regular Season - 33;167;1899 Hoffenheim;away;181;SV Darmstadt 98;https://media.api-sports.io/football/teams/181.png;6;0;6-0;V;2
78;Bundesliga;Germany;2023;2023-2024;1049165;2024-05-03T18:30:00+00:00;Regular Season - 32;167;1899 Hoffenheim;home;173;RB Leipzig;https://media.api-sports.io/football/teams/173.png;1;1;1-1;N;3
78;Bundesliga;Germany;2023;2023-2024;1049157;2024-04-26T18:30:00+00:00;Regular Season - 31;167;1899 Hoffenheim;away;176;Vfl Bochum;https://media.api-sports.io/football/teams/176.png;2;3;2-3;D;4
78;Bundesliga;Germany;2023;2023-2024;1049148;2024-04-20T13:30:00+00:00;Regular Season - 30;167;1899 Hoffenheim;home;163;Borussia Monchengladbach;https://media.api-sports.io/football/teams/163.png;4;3;4-3;V;5
78;Bundesliga;Germany;2023;2023-2024;1049180;2024-05-18T13:30:00+00:00;Regular Season - 34;168;Bayer Leverkusen;home;170;FC Augsburg;https://media.api-sports.io/football/teams/170.png;2;1;2-1;V;1
78;Bundesliga;Germany;2023;2023-2024;1049175;2024-05-12T17:30:00+00:00;Regular Season - 33;168;Bayer Leverkusen;away;176;Vfl Bochum;https://media.api-sports.io/football/teams/176.png;5;0;5-0;V;2
78;Bundesliga;Germany;2023;2023-2024;1049162;2024-05-05T15:30:00+00:00;Regular Season - 32;168;Bayer Leverkusen;away;169;Eintracht Frankfurt;https://media.api-sports.io/football/teams/169.png;5;1;5-1;V;3
78;Bundesliga;Germany;2023;2023-2024;1049154;2024-04-27T16:30:00+00:00;Regular Season - 31;168;Bayer Leverkusen;home;172;VfB Stuttgart;https://media.api-sports.io/football/teams/172.png;2;2;2-2;N;4
78;Bundesliga;Germany;2023;2023-2024;1049142;2024-04-21T15:30:00+00:00;Regular Season - 30;168;Bayer Leverkusen;away;165;Borussia Dortmund;https://media.api-sports.io/football/teams/165.png;1;1;1-1;N;5
78;Bundesliga;Germany;2023;2023-2024;1049181;2024-05-18T13:30:00+00:00;Regular Season - 34;169;Eintracht Frankfurt;home;173;RB Leipzig;https://media.api-sports.io/football/teams/173.png;2;2;2-2;N;1
78;Bundesliga;Germany;2023;2023-2024;1049173;2024-05-11T13:30:00+00:00;Regular Season - 33;169;Eintracht Frankfurt;away;163;Borussia Monchengladbach;https://media.api-sports.io/football/teams/163.png;1;1;1-1;N;2
78;Bundesliga;Germany;2023;2023-2024;1049162;2024-05-05T15:30:00+00:00;Regular Season - 32;169;Eintracht Frankfurt;home;168;Bayer Leverkusen;https://media.api-sports.io/football/teams/168.png;1;5;1-5;D;3
78;Bundesliga;Germany;2023;2023-2024;1049151;2024-04-27T13:30:00+00:00;Regular Season - 31;169;Eintracht Frankfurt;away;157;Bayern Munich;https://media.api-sports.io/football/teams/157.png;1;2;1-2;D;4
78;Bundesliga;Germany;2023;2023-2024;1049145;2024-04-19T18:30:00+00:00;Regular Season - 30;169;Eintracht Frankfurt;home;170;FC Augsburg;https://media.api-sports.io/football/teams/170.png;3;1;3-1;V;5
78;Bundesliga;Germany;2023;2023-2024;1049180;2024-05-18T13:30:00+00:00;Regular Season - 34;170;FC Augsburg;away;168;Bayer Leverkusen;https://media.api-sports.io/football/teams/168.png;1;2;1-2;D;1
78;Bundesliga;Germany;2023;2023-2024;1049176;2024-05-10T18:30:00+00:00;Regular Season - 33;170;FC Augsburg;home;172;VfB Stuttgart;https://media.api-sports.io/football/teams/172.png;0;1;0-1;D;2
78;Bundesliga;Germany;2023;2023-2024;1049160;2024-05-04T13:30:00+00:00;Regular Season - 32;170;FC Augsburg;away;165;Borussia Dortmund;https://media.api-sports.io/football/teams/165.png;1;5;1-5;D;3
78;Bundesliga;Germany;2023;2023-2024;1049158;2024-04-27T13:30:00+00:00;Regular Season - 31;170;FC Augsburg;home;162;Werder Bremen;https://media.api-sports.io/football/teams/162.png;0;3;0-3;D;4
78;Bundesliga;Germany;2023;2023-2024;1049145;2024-04-19T18:30:00+00:00;Regular Season - 30;170;FC Augsburg;away;169;Eintracht Frankfurt;https://media.api-sports.io/football/teams/169.png;1;3;1-3;D;5
78;Bundesliga;Germany;2023;2023-2024;1049185;2024-05-18T13:30:00+00:00;Regular Season - 34;172;VfB Stuttgart;home;163;Borussia Monchengladbach;https://media.api-sports.io/football/teams/163.png;4;0;4-0;V;1
78;Bundesliga;Germany;2023;2023-2024;1049176;2024-05-10T18:30:00+00:00;Regular Season - 33;172;VfB Stuttgart;away;170;FC Augsburg;https://media.api-sports.io/football/teams/170.png;1;0;1-0;V;2
78;Bundesliga;Germany;2023;2023-2024;1049167;2024-05-04T13:30:00+00:00;Regular Season - 32;172;VfB Stuttgart;home;157;Bayern Munich;https://media.api-sports.io/football/teams/157.png;3;1;3-1;V;3
78;Bundesliga;Germany;2023;2023-2024;1049154;2024-04-27T16:30:00+00:00;Regular Season - 31;172;VfB Stuttgart;away;168;Bayer Leverkusen;https://media.api-sports.io/football/teams/168.png;2;2;2-2;N;4
78;Bundesliga;Germany;2023;2023-2024;1049149;2024-04-21T13:30:00+00:00;Regular Season - 30;172;VfB Stuttgart;away;162;Werder Bremen;https://media.api-sports.io/football/teams/162.png;1;2;1-2;D;5
78;Bundesliga;Germany;2023;2023-2024;1049181;2024-05-18T13:30:00+00:00;Regular Season - 34;173;RB Leipzig;away;169;Eintracht Frankfurt;https://media.api-sports.io/football/teams/169.png;2;2;2-2;N;1
78;Bundesliga;Germany;2023;2023-2024;1049170;2024-05-11T13:30:00+00:00;Regular Season - 33;173;RB Leipzig;home;162;Werder Bremen;https://media.api-sports.io/football/teams/162.png;1;1;1-1;N;2
78;Bundesliga;Germany;2023;2023-2024;1049165;2024-05-03T18:30:00+00:00;Regular Season - 32;173;RB Leipzig;away;167;1899 Hoffenheim;https://media.api-sports.io/football/teams/167.png;1;1;1-1;N;3
78;Bundesliga;Germany;2023;2023-2024;1049152;2024-04-27T13:30:00+00:00;Regular Season - 31;173;RB Leipzig;home;165;Borussia Dortmund;https://media.api-sports.io/football/teams/165.png;4;1;4-1;V;4
78;Bundesliga;Germany;2023;2023-2024;1049150;2024-04-20T13:30:00+00:00;Regular Season - 30;173;RB Leipzig;away;180;FC Heidenheim;https://media.api-sports.io/football/teams/180.png;2;1;2-1;V;5
78;Bundesliga;Germany;2023;2023-2024;1200849;2024-05-23T18:30:00+00:00;Relegation Round;176;Vfl Bochum;home;158;Fortuna Dusseldorf;https://media.api-sports.io/football/teams/158.png;0;3;0-3;D;1
78;Bundesliga;Germany;2023;2023-2024;1049184;2024-05-18T13:30:00+00:00;Regular Season - 34;176;Vfl Bochum;away;162;Werder Bremen;https://media.api-sports.io/football/teams/162.png;1;4;1-4;D;2
78;Bundesliga;Germany;2023;2023-2024;1049175;2024-05-12T17:30:00+00:00;Regular Season - 33;176;Vfl Bochum;home;168;Bayer Leverkusen;https://media.api-sports.io/football/teams/168.png;0;5;0-5;D;3
78;Bundesliga;Germany;2023;2023-2024;1049161;2024-05-05T13:30:00+00:00;Regular Season - 32;176;Vfl Bochum;away;182;Union Berlin;https://media.api-sports.io/football/teams/182.png;4;3;4-3;V;4
78;Bundesliga;Germany;2023;2023-2024;1049157;2024-04-26T18:30:00+00:00;Regular Season - 31;176;Vfl Bochum;home;167;1899 Hoffenheim;https://media.api-sports.io/football/teams/167.png;3;2;3-2;V;5
78;Bundesliga;Germany;2023;2023-2024;1049186;2024-05-18T13:30:00+00:00;Regular Season - 34;180;FC Heidenheim;home;192;1. FC Köln;https://media.api-sports.io/football/teams/192.png;4;1;4-1;V;1
78;Bundesliga;Germany;2023;2023-2024;1049171;2024-05-11T13:30:00+00:00;Regular Season - 33;180;FC Heidenheim;away;160;SC Freiburg;https://media.api-sports.io/football/teams/160.png;1;1;1-1;N;2
78;Bundesliga;Germany;2023;2023-2024;1049168;2024-05-05T17:30:00+00:00;Regular Season - 32;180;FC Heidenheim;home;164;FSV Mainz 05;https://media.api-sports.io/football/teams/164.png;1;1;1-1;N;3
78;Bundesliga;Germany;2023;2023-2024;1049159;2024-04-28T17:30:00+00:00;Regular Season - 31;180;FC Heidenheim;away;181;SV Darmstadt 98;https://media.api-sports.io/football/teams/181.png;1;0;1-0;V;4
78;Bundesliga;Germany;2023;2023-2024;1049150;2024-04-20T13:30:00+00:00;Regular Season - 30;180;FC Heidenheim;home;173;RB Leipzig;https://media.api-sports.io/football/teams/173.png;1;2;1-2;D;5
78;Bundesliga;Germany;2023;2023-2024;1049178;2024-05-18T13:30:00+00:00;Regular Season - 34;181;SV Darmstadt 98;away;165;Borussia Dortmund;https://media.api-sports.io/football/teams/165.png;0;4;0-4;D;1
78;Bundesliga;Germany;2023;2023-2024;1049177;2024-05-12T13:30:00+00:00;Regular Season - 33;181;SV Darmstadt 98;home;167;1899 Hoffenheim;https://media.api-sports.io/football/teams/167.png;0;6;0-6;D;2
78;Bundesliga;Germany;2023;2023-2024;1049163;2024-05-04T13:30:00+00:00;Regular Season - 32;181;SV Darmstadt 98;away;161;VfL Wolfsburg;https://media.api-sports.io/football/teams/161.png;0;3;0-3;D;3
78;Bundesliga;Germany;2023;2023-2024;1049159;2024-04-28T17:30:00+00:00;Regular Season - 31;181;SV Darmstadt 98;home;180;FC Heidenheim;https://media.api-sports.io/football/teams/180.png;0;1;0-1;D;4
78;Bundesliga;Germany;2023;2023-2024;1049147;2024-04-20T13:30:00+00:00;Regular Season - 30;181;SV Darmstadt 98;away;192;1. FC Köln;https://media.api-sports.io/football/teams/192.png;2;0;2-0;V;5
78;Bundesliga;Germany;2023;2023-2024;1049179;2024-05-18T13:30:00+00:00;Regular Season - 34;182;Union Berlin;home;160;SC Freiburg;https://media.api-sports.io/football/teams/160.png;2;1;2-1;V;1
78;Bundesliga;Germany;2023;2023-2024;1049174;2024-05-11T13:30:00+00:00;Regular Season - 33;182;Union Berlin;away;192;1. FC Köln;https://media.api-sports.io/football/teams/192.png;2;3;2-3;D;2
78;Bundesliga;Germany;2023;2023-2024;1049161;2024-05-05T13:30:00+00:00;Regular Season - 32;182;Union Berlin;home;176;Vfl Bochum;https://media.api-sports.io/football/teams/176.png;3;4;3-4;D;3
78;Bundesliga;Germany;2023;2023-2024;1049156;2024-04-28T13:30:00+00:00;Regular Season - 31;182;Union Berlin;away;163;Borussia Monchengladbach;https://media.api-sports.io/football/teams/163.png;0;0;0-0;N;4
78;Bundesliga;Germany;2023;2023-2024;1049143;2024-04-20T16:30:00+00:00;Regular Season - 30;182;Union Berlin;home;157;Bayern Munich;https://media.api-sports.io/football/teams/157.png;1;5;1-5;D;5
78;Bundesliga;Germany;2023;2023-2024;1049186;2024-05-18T13:30:00+00:00;Regular Season - 34;192;1. FC Köln;away;180;FC Heidenheim;https://media.api-sports.io/football/teams/180.png;1;4;1-4;D;1
78;Bundesliga;Germany;2023;2023-2024;1049174;2024-05-11T13:30:00+00:00;Regular Season - 33;192;1. FC Köln;home;182;Union Berlin;https://media.api-sports.io/football/teams/182.png;3;2;3-2;V;2
78;Bundesliga;Germany;2023;2023-2024;1049164;2024-05-04T16:30:00+00:00;Regular Season - 32;192;1. FC Köln;home;160;SC Freiburg;https://media.api-sports.io/football/teams/160.png;0;0;0-0;N;3
78;Bundesliga;Germany;2023;2023-2024;1049155;2024-04-28T15:30:00+00:00;Regular Season - 31;192;1. FC Köln;away;164;FSV Mainz 05;https://media.api-sports.io/football/teams/164.png;1;1;1-1;N;4
78;Bundesliga;Germany;2023;2023-2024;1049147;2024-04-20T13:30:00+00:00;Regular Season - 30;192;1. FC Köln;home;181;SV Darmstadt 98;https://media.api-sports.io/football/teams/181.png;0;2;0-2;D;5
78;Bundesliga;Germany;2024;2024-2025;1224274;2025-05-17T13:30:00+00:00;Regular Season - 34;157;Bayern München;away;167;1899 Hoffenheim;https://media.api-sports.io/football/teams/167.png;4;0;4-0;V;1
78;Bundesliga;Germany;2024;2024-2025;1224265;2025-05-10T16:30:00+00:00;Regular Season - 33;157;Bayern München;home;163;Borussia Mönchengladbach;https://media.api-sports.io/football/teams/163.png;2;0;2-0;V;2
78;Bundesliga;Germany;2024;2024-2025;1224254;2025-05-03T13:30:00+00:00;Regular Season - 32;157;Bayern München;away;173;RB Leipzig;https://media.api-sports.io/football/teams/173.png;3;3;3-3;N;3
78;Bundesliga;Germany;2024;2024-2025;1224247;2025-04-26T13:30:00+00:00;Regular Season - 31;157;Bayern München;home;164;FSV Mainz 05;https://media.api-sports.io/football/teams/164.png;3;0;3-0;V;4
78;Bundesliga;Germany;2024;2024-2025;1224238;2025-04-19T13:30:00+00:00;Regular Season - 30;157;Bayern München;away;180;1. FC Heidenheim;https://media.api-sports.io/football/teams/180.png;4;0;4-0;V;5
78;Bundesliga;Germany;2024;2024-2025;1224276;2025-05-17T13:30:00+00:00;Regular Season - 34;160;SC Freiburg;home;169;Eintracht Frankfurt;https://media.api-sports.io/football/teams/169.png;1;3;1-3;D;1
78;Bundesliga;Germany;2024;2024-2025;1224271;2025-05-10T13:30:00+00:00;Regular Season - 33;160;SC Freiburg;away;191;Holstein Kiel;https://media.api-sports.io/football/teams/191.png;2;1;2-1;V;2
78;Bundesliga;Germany;2024;2024-2025;1224257;2025-05-04T15:30:00+00:00;Regular Season - 32;160;SC Freiburg;home;168;Bayer Leverkusen;https://media.api-sports.io/football/teams/168.png;2;2;2-2;N;3
78;Bundesliga;Germany;2024;2024-2025;1224251;2025-04-26T13:30:00+00:00;Regular Season - 31;160;SC Freiburg;away;161;VfL Wolfsburg;https://media.api-sports.io/football/teams/161.png;1;0;1-0;V;4
78;Bundesliga;Germany;2024;2024-2025;1224240;2025-04-19T13:30:00+00:00;Regular Season - 30;160;SC Freiburg;home;167;1899 Hoffenheim;https://media.api-sports.io/football/teams/167.png;3;2;3-2;V;5
78;Bundesliga;Germany;2024;2024-2025;1224279;2025-05-17T13:30:00+00:00;Regular Season - 34;161;VfL Wolfsburg;away;163;Borussia Mönchengladbach;https://media.api-sports.io/football/teams/163.png;1;0;1-0;V;1
78;Bundesliga;Germany;2024;2024-2025;1224268;2025-05-09T18:30:00+00:00;Regular Season - 33;161;VfL Wolfsburg;home;167;1899 Hoffenheim;https://media.api-sports.io/football/teams/167.png;2;2;2-2;N;2
78;Bundesliga;Germany;2024;2024-2025;1224255;2025-05-03T16:30:00+00:00;Regular Season - 32;161;VfL Wolfsburg;away;165;Borussia Dortmund;https://media.api-sports.io/football/teams/165.png;0;4;0-4;D;3
78;Bundesliga;Germany;2024;2024-2025;1224251;2025-04-26T13:30:00+00:00;Regular Season - 31;161;VfL Wolfsburg;home;160;SC Freiburg;https://media.api-sports.io/football/teams/160.png;0;1;0-1;D;4
78;Bundesliga;Germany;2024;2024-2025;1224242;2025-04-19T13:30:00+00:00;Regular Season - 30;161;VfL Wolfsburg;away;164;FSV Mainz 05;https://media.api-sports.io/football/teams/164.png;2;2;2-2;N;5
78;Bundesliga;Germany;2024;2024-2025;1224275;2025-05-17T13:30:00+00:00;Regular Season - 34;162;Werder Bremen;away;180;1. FC Heidenheim;https://media.api-sports.io/football/teams/180.png;4;1;4-1;V;1
78;Bundesliga;Germany;2024;2024-2025;1224267;2025-05-10T13:30:00+00:00;Regular Season - 33;162;Werder Bremen;home;173;RB Leipzig;https://media.api-sports.io/football/teams/173.png;0;0;0-0;N;2
78;Bundesliga;Germany;2024;2024-2025;1224261;2025-05-03T13:30:00+00:00;Regular Season - 32;162;Werder Bremen;away;182;Union Berlin;https://media.api-sports.io/football/teams/182.png;2;2;2-2;N;3
78;Bundesliga;Germany;2024;2024-2025;1224250;2025-04-27T15:30:00+00:00;Regular Season - 31;162;Werder Bremen;home;186;FC St. Pauli;https://media.api-sports.io/football/teams/186.png;0;0;0-0;N;4
78;Bundesliga;Germany;2024;2024-2025;1224239;2025-04-19T13:30:00+00:00;Regular Season - 30;162;Werder Bremen;home;176;VfL Bochum;https://media.api-sports.io/football/teams/176.png;1;0;1-0;V;5
78;Bundesliga;Germany;2024;2024-2025;1224279;2025-05-17T13:30:00+00:00;Regular Season - 34;163;Borussia Mönchengladbach;home;161;VfL Wolfsburg;https://media.api-sports.io/football/teams/161.png;0;1;0-1;D;1
78;Bundesliga;Germany;2024;2024-2025;1224265;2025-05-10T16:30:00+00:00;Regular Season - 33;163;Borussia Mönchengladbach;away;157;Bayern München;https://media.api-sports.io/football/teams/157.png;0;2;0-2;D;2
78;Bundesliga;Germany;2024;2024-2025;1224260;2025-05-03T13:30:00+00:00;Regular Season - 32;163;Borussia Mönchengladbach;home;167;1899 Hoffenheim;https://media.api-sports.io/football/teams/167.png;4;4;4-4;N;3
78;Bundesliga;Germany;2024;2024-2025;1224253;2025-04-26T13:30:00+00:00;Regular Season - 31;163;Borussia Mönchengladbach;away;191;Holstein Kiel;https://media.api-sports.io/football/teams/191.png;3;4;3-4;D;4
78;Bundesliga;Germany;2024;2024-2025;1224237;2025-04-20T15:30:00+00:00;Regular Season - 30;163;Borussia Mönchengladbach;away;165;Borussia Dortmund;https://media.api-sports.io/football/teams/165.png;2;3;2-3;D;5
78;Bundesliga;Germany;2024;2024-2025;1224278;2025-05-17T13:30:00+00:00;Regular Season - 34;164;FSV Mainz 05;home;168;Bayer Leverkusen;https://media.api-sports.io/football/teams/168.png;2;2;2-2;N;1
78;Bundesliga;Germany;2024;2024-2025;1224270;2025-05-10T13:30:00+00:00;Regular Season - 33;164;FSV Mainz 05;away;176;VfL Bochum;https://media.api-sports.io/football/teams/176.png;4;1;4-1;V;2
78;Bundesliga;Germany;2024;2024-2025;1224259;2025-05-04T17:30:00+00:00;Regular Season - 32;164;FSV Mainz 05;home;169;Eintracht Frankfurt;https://media.api-sports.io/football/teams/169.png;1;1;1-1;N;3
78;Bundesliga;Germany;2024;2024-2025;1224247;2025-04-26T13:30:00+00:00;Regular Season - 31;164;FSV Mainz 05;away;157;Bayern München;https://media.api-sports.io/football/teams/157.png;0;3;0-3;D;4
78;Bundesliga;Germany;2024;2024-2025;1224242;2025-04-19T13:30:00+00:00;Regular Season - 30;164;FSV Mainz 05;home;161;VfL Wolfsburg;https://media.api-sports.io/football/teams/161.png;2;2;2-2;N;5
78;Bundesliga;Germany;2024;2024-2025;1224273;2025-05-17T13:30:00+00:00;Regular Season - 34;165;Borussia Dortmund;home;191;Holstein Kiel;https://media.api-sports.io/football/teams/191.png;3;0;3-0;V;1
78;Bundesliga;Germany;2024;2024-2025;1224263;2025-05-11T13:30:00+00:00;Regular Season - 33;165;Borussia Dortmund;away;168;Bayer Leverkusen;https://media.api-sports.io/football/teams/168.png;4;2;4-2;V;2
78;Bundesliga;Germany;2024;2024-2025;1224255;2025-05-03T16:30:00+00:00;Regular Season - 32;165;Borussia Dortmund;home;161;VfL Wolfsburg;https://media.api-sports.io/football/teams/161.png;4;0;4-0;V;3
78;Bundesliga;Germany;2024;2024-2025;1224249;2025-04-26T13:30:00+00:00;Regular Season - 31;165;Borussia Dortmund;away;167;1899 Hoffenheim;https://media.api-sports.io/football/teams/167.png;3;2;3-2;V;4
78;Bundesliga;Germany;2024;2024-2025;1224237;2025-04-20T15:30:00+00:00;Regular Season - 30;165;Borussia Dortmund;home;163;Borussia Mönchengladbach;https://media.api-sports.io/football/teams/163.png;3;2;3-2;V;5
78;Bundesliga;Germany;2024;2024-2025;1224274;2025-05-17T13:30:00+00:00;Regular Season - 34;167;1899 Hoffenheim;home;157;Bayern München;https://media.api-sports.io/football/teams/157.png;0;4;0-4;D;1
78;Bundesliga;Germany;2024;2024-2025;1224268;2025-05-09T18:30:00+00:00;Regular Season - 33;167;1899 Hoffenheim;away;161;VfL Wolfsburg;https://media.api-sports.io/football/teams/161.png;2;2;2-2;N;2
78;Bundesliga;Germany;2024;2024-2025;1224260;2025-05-03T13:30:00+00:00;Regular Season - 32;167;1899 Hoffenheim;away;163;Borussia Mönchengladbach;https://media.api-sports.io/football/teams/163.png;4;4;4-4;N;3
78;Bundesliga;Germany;2024;2024-2025;1224249;2025-04-26T13:30:00+00:00;Regular Season - 31;167;1899 Hoffenheim;home;165;Borussia Dortmund;https://media.api-sports.io/football/teams/165.png;2;3;2-3;D;4
78;Bundesliga;Germany;2024;2024-2025;1224240;2025-04-19T13:30:00+00:00;Regular Season - 30;167;1899 Hoffenheim;away;160;SC Freiburg;https://media.api-sports.io/football/teams/160.png;2;3;2-3;D;5
78;Bundesliga;Germany;2024;2024-2025;1224278;2025-05-17T13:30:00+00:00;Regular Season - 34;168;Bayer Leverkusen;away;164;FSV Mainz 05;https://media.api-sports.io/football/teams/164.png;2;2;2-2;N;1
78;Bundesliga;Germany;2024;2024-2025;1224263;2025-05-11T13:30:00+00:00;Regular Season - 33;168;Bayer Leverkusen;home;165;Borussia Dortmund;https://media.api-sports.io/football/teams/165.png;2;4;2-4;D;2
78;Bundesliga;Germany;2024;2024-2025;1224257;2025-05-04T15:30:00+00:00;Regular Season - 32;168;Bayer Leverkusen;away;160;SC Freiburg;https://media.api-sports.io/football/teams/160.png;2;2;2-2;N;3
78;Bundesliga;Germany;2024;2024-2025;1224245;2025-04-26T13:30:00+00:00;Regular Season - 31;168;Bayer Leverkusen;home;170;FC Augsburg;https://media.api-sports.io/football/teams/170.png;2;0;2-0;V;4
78;Bundesliga;Germany;2024;2024-2025;1224244;2025-04-20T17:30:00+00:00;Regular Season - 30;168;Bayer Leverkusen;away;186;FC St. Pauli;https://media.api-sports.io/football/teams/186.png;1;1;1-1;N;5
78;Bundesliga;Germany;2024;2024-2025;1224276;2025-05-17T13:30:00+00:00;Regular Season - 34;169;Eintracht Frankfurt;away;160;SC Freiburg;https://media.api-sports.io/football/teams/160.png;3;1;3-1;V;1
78;Bundesliga;Germany;2024;2024-2025;1224266;2025-05-11T15:30:00+00:00;Regular Season - 33;169;Eintracht Frankfurt;home;186;FC St. Pauli;https://media.api-sports.io/football/teams/186.png;2;2;2-2;N;2
78;Bundesliga;Germany;2024;2024-2025;1224259;2025-05-04T17:30:00+00:00;Regular Season - 32;169;Eintracht Frankfurt;away;164;FSV Mainz 05;https://media.api-sports.io/football/teams/164.png;1;1;1-1;N;3
78;Bundesliga;Germany;2024;2024-2025;1224248;2025-04-26T16:30:00+00:00;Regular Season - 31;169;Eintracht Frankfurt;home;173;RB Leipzig;https://media.api-sports.io/football/teams/173.png;4;0;4-0;V;4
78;Bundesliga;Germany;2024;2024-2025;1224241;2025-04-20T13:30:00+00:00;Regular Season - 30;169;Eintracht Frankfurt;away;170;FC Augsburg;https://media.api-sports.io/football/teams/170.png;0;0;0-0;N;5
78;Bundesliga;Germany;2024;2024-2025;1224277;2025-05-17T13:30:00+00:00;Regular Season - 34;170;FC Augsburg;home;182;Union Berlin;https://media.api-sports.io/football/teams/182.png;1;2;1-2;D;1
78;Bundesliga;Germany;2024;2024-2025;1224264;2025-05-11T17:30:00+00:00;Regular Season - 33;170;FC Augsburg;away;172;VfB Stuttgart;https://media.api-sports.io/football/teams/172.png;0;4;0-4;D;2
78;Bundesliga;Germany;2024;2024-2025;1224258;2025-05-04T13:30:00+00:00;Regular Season - 32;170;FC Augsburg;home;191;Holstein Kiel;https://media.api-sports.io/football/teams/191.png;1;3;1-3;D;3
78;Bundesliga;Germany;2024;2024-2025;1224245;2025-04-26T13:30:00+00:00;Regular Season - 31;170;FC Augsburg;away;168;Bayer Leverkusen;https://media.api-sports.io/football/teams/168.png;0;2;0-2;D;4
78;Bundesliga;Germany;2024;2024-2025;1224241;2025-04-20T13:30:00+00:00;Regular Season - 30;170;FC Augsburg;home;169;Eintracht Frankfurt;https://media.api-sports.io/football/teams/169.png;0;0;0-0;N;5
78;Bundesliga;Germany;2024;2024-2025;1224272;2025-05-17T13:30:00+00:00;Regular Season - 34;172;VfB Stuttgart;away;173;RB Leipzig;https://media.api-sports.io/football/teams/173.png;3;2;3-2;V;1
78;Bundesliga;Germany;2024;2024-2025;1224264;2025-05-11T17:30:00+00:00;Regular Season - 33;172;VfB Stuttgart;home;170;FC Augsburg;https://media.api-sports.io/football/teams/170.png;4;0;4-0;V;2
78;Bundesliga;Germany;2024;2024-2025;1224262;2025-05-03T13:30:00+00:00;Regular Season - 32;172;VfB Stuttgart;away;186;FC St. Pauli;https://media.api-sports.io/football/teams/186.png;1;0;1-0;V;3
78;Bundesliga;Germany;2024;2024-2025;1224246;2025-04-25T18:30:00+00:00;Regular Season - 31;172;VfB Stuttgart;home;180;1. FC Heidenheim;https://media.api-sports.io/football/teams/180.png;0;1;0-1;D;4
78;Bundesliga;Germany;2024;2024-2025;1224243;2025-04-19T16:30:00+00:00;Regular Season - 30;172;VfB Stuttgart;away;182;Union Berlin;https://media.api-sports.io/football/teams/182.png;4;4;4-4;N;5
78;Bundesliga;Germany;2024;2024-2025;1224272;2025-05-17T13:30:00+00:00;Regular Season - 34;173;RB Leipzig;home;172;VfB Stuttgart;https://media.api-sports.io/football/teams/172.png;2;3;2-3;D;1
78;Bundesliga;Germany;2024;2024-2025;1224267;2025-05-10T13:30:00+00:00;Regular Season - 33;173;RB Leipzig;away;162;Werder Bremen;https://media.api-sports.io/football/teams/162.png;0;0;0-0;N;2
78;Bundesliga;Germany;2024;2024-2025;1224254;2025-05-03T13:30:00+00:00;Regular Season - 32;173;RB Leipzig;home;157;Bayern München;https://media.api-sports.io/football/teams/157.png;3;3;3-3;N;3
78;Bundesliga;Germany;2024;2024-2025;1224248;2025-04-26T16:30:00+00:00;Regular Season - 31;173;RB Leipzig;away;169;Eintracht Frankfurt;https://media.api-sports.io/football/teams/169.png;0;4;0-4;D;4
78;Bundesliga;Germany;2024;2024-2025;1224236;2025-04-19T13:30:00+00:00;Regular Season - 30;173;RB Leipzig;home;191;Holstein Kiel;https://media.api-sports.io/football/teams/191.png;1;1;1-1;N;5
78;Bundesliga;Germany;2024;2024-2025;1224280;2025-05-17T13:30:00+00:00;Regular Season - 34;176;VfL Bochum;away;186;FC St. Pauli;https://media.api-sports.io/football/teams/186.png;2;0;2-0;V;1
78;Bundesliga;Germany;2024;2024-2025;1224270;2025-05-10T13:30:00+00:00;Regular Season - 33;176;VfL Bochum;home;164;FSV Mainz 05;https://media.api-sports.io/football/teams/164.png;1;4;1-4;D;2
78;Bundesliga;Germany;2024;2024-2025;1224256;2025-05-02T18:30:00+00:00;Regular Season - 32;176;VfL Bochum;away;180;1. FC Heidenheim;https://media.api-sports.io/football/teams/180.png;0;0;0-0;N;3
78;Bundesliga;Germany;2024;2024-2025;1224252;2025-04-27T13:30:00+00:00;Regular Season - 31;176;VfL Bochum;home;182;Union Berlin;https://media.api-sports.io/football/teams/182.png;1;1;1-1;N;4
78;Bundesliga;Germany;2024;2024-2025;1224239;2025-04-19T13:30:00+00:00;Regular Season - 30;176;VfL Bochum;away;162;Werder Bremen;https://media.api-sports.io/football/teams/162.png;0;1;0-1;D;5
78;Bundesliga;Germany;2024;2024-2025;1375863;2025-05-26T18:30:00+00:00;Relegation Round;180;1. FC Heidenheim;away;1660;SV Elversberg;https://media.api-sports.io/football/teams/1660.png;2;1;2-1;V;1
78;Bundesliga;Germany;2024;2024-2025;1375862;2025-05-22T18:30:00+00:00;Relegation Round;180;1. FC Heidenheim;home;1660;SV Elversberg;https://media.api-sports.io/football/teams/1660.png;2;2;2-2;N;2
78;Bundesliga;Germany;2024;2024-2025;1224275;2025-05-17T13:30:00+00:00;Regular Season - 34;180;1. FC Heidenheim;home;162;Werder Bremen;https://media.api-sports.io/football/teams/162.png;1;4;1-4;D;3
78;Bundesliga;Germany;2024;2024-2025;1224269;2025-05-10T13:30:00+00:00;Regular Season - 33;180;1. FC Heidenheim;away;182;Union Berlin;https://media.api-sports.io/football/teams/182.png;3;0;3-0;V;4
78;Bundesliga;Germany;2024;2024-2025;1224256;2025-05-02T18:30:00+00:00;Regular Season - 32;180;1. FC Heidenheim;home;176;VfL Bochum;https://media.api-sports.io/football/teams/176.png;0;0;0-0;N;5
78;Bundesliga;Germany;2024;2024-2025;1224277;2025-05-17T13:30:00+00:00;Regular Season - 34;182;Union Berlin;away;170;FC Augsburg;https://media.api-sports.io/football/teams/170.png;2;1;2-1;V;1
78;Bundesliga;Germany;2024;2024-2025;1224269;2025-05-10T13:30:00+00:00;Regular Season - 33;182;Union Berlin;home;180;1. FC Heidenheim;https://media.api-sports.io/football/teams/180.png;0;3;0-3;D;2
78;Bundesliga;Germany;2024;2024-2025;1224261;2025-05-03T13:30:00+00:00;Regular Season - 32;182;Union Berlin;home;162;Werder Bremen;https://media.api-sports.io/football/teams/162.png;2;2;2-2;N;3
78;Bundesliga;Germany;2024;2024-2025;1224252;2025-04-27T13:30:00+00:00;Regular Season - 31;182;Union Berlin;away;176;VfL Bochum;https://media.api-sports.io/football/teams/176.png;1;1;1-1;N;4
78;Bundesliga;Germany;2024;2024-2025;1224243;2025-04-19T16:30:00+00:00;Regular Season - 30;182;Union Berlin;home;172;VfB Stuttgart;https://media.api-sports.io/football/teams/172.png;4;4;4-4;N;5
78;Bundesliga;Germany;2024;2024-2025;1224280;2025-05-17T13:30:00+00:00;Regular Season - 34;186;FC St. Pauli;home;176;VfL Bochum;https://media.api-sports.io/football/teams/176.png;0;2;0-2;D;1
78;Bundesliga;Germany;2024;2024-2025;1224266;2025-05-11T15:30:00+00:00;Regular Season - 33;186;FC St. Pauli;away;169;Eintracht Frankfurt;https://media.api-sports.io/football/teams/169.png;2;2;2-2;N;2
78;Bundesliga;Germany;2024;2024-2025;1224262;2025-05-03T13:30:00+00:00;Regular Season - 32;186;FC St. Pauli;home;172;VfB Stuttgart;https://media.api-sports.io/football/teams/172.png;0;1;0-1;D;3
78;Bundesliga;Germany;2024;2024-2025;1224250;2025-04-27T15:30:00+00:00;Regular Season - 31;186;FC St. Pauli;away;162;Werder Bremen;https://media.api-sports.io/football/teams/162.png;0;0;0-0;N;4
78;Bundesliga;Germany;2024;2024-2025;1224244;2025-04-20T17:30:00+00:00;Regular Season - 30;186;FC St. Pauli;home;168;Bayer Leverkusen;https://media.api-sports.io/football/teams/168.png;1;1;1-1;N;5
78;Bundesliga;Germany;2024;2024-2025;1224273;2025-05-17T13:30:00+00:00;Regular Season - 34;191;Holstein Kiel;away;165;Borussia Dortmund;https://media.api-sports.io/football/teams/165.png;0;3;0-3;D;1
78;Bundesliga;Germany;2024;2024-2025;1224271;2025-05-10T13:30:00+00:00;Regular Season - 33;191;Holstein Kiel;home;160;SC Freiburg;https://media.api-sports.io/football/teams/160.png;1;2;1-2;D;2
78;Bundesliga;Germany;2024;2024-2025;1224258;2025-05-04T13:30:00+00:00;Regular Season - 32;191;Holstein Kiel;away;170;FC Augsburg;https://media.api-sports.io/football/teams/170.png;3;1;3-1;V;3
78;Bundesliga;Germany;2024;2024-2025;1224253;2025-04-26T13:30:00+00:00;Regular Season - 31;191;Holstein Kiel;home;163;Borussia Mönchengladbach;https://media.api-sports.io/football/teams/163.png;4;3;4-3;V;4
78;Bundesliga;Germany;2024;2024-2025;1224236;2025-04-19T13:30:00+00:00;Regular Season - 30;191;Holstein Kiel;away;173;RB Leipzig;https://media.api-sports.io/football/teams/173.png;1;1;1-1;N;5
78;Bundesliga;Germany;2024;2024-2025;1375863;2025-05-26T18:30:00+00:00;Relegation Round;1660;SV Elversberg;home;180;1. FC Heidenheim;https://media.api-sports.io/football/teams/180.png;1;2;1-2;D;1
78;Bundesliga;Germany;2024;2024-2025;1375862;2025-05-22T18:30:00+00:00;Relegation Round;1660;SV Elversberg;away;180;1. FC Heidenheim;https://media.api-sports.io/football/teams/180.png;2;2;2-2;N;2
