player_id;player_name;team_id;team_name;clubs_in_season;position;minutes;reliability;official_rating;provisional_rating;shooting;passing;creation;technique;defensive_contribution;physical_impact;profile_score;performance_score;overall_precalibrated;calibration_adjustment;overall;form;form_trend;form_label;form_reliability;matches_in_form;club_form;club_form_trend;club_form_label;competition_id;competition_name;season;season_label
343027;D. Doué;85;Paris Saint Germain;Paris Saint Germain / Rennes;Attacker;1734.0;high;True;False;86.3;92.6;92.8;82.1;79.3;81.6;86.2;82.4;84.7;2.4;87.1;72.8;5.5;En hausse;Élevée;5.0;60.9;15.0;En hausse;61;Ligue 1;2024;2024-2025
153;O. Dembélé;85;Paris Saint Germain;Paris Saint Germain;Attacker;1736.0;high;True;False;92.3;92.9;88.9;71.9;47.6;51.5;80.5;88.7;83.8;2.4;86.2;67.2;-12.0;En baisse;Moyenne;3.0;60.9;15.0;En hausse;61;Ligue 1;2024;2024-2025
483;K. Kvaratskhelia;85;Paris Saint Germain;Paris Saint Germain;Attacker;920.0;medium;True;False;85.3;89.9;88.1;79.4;61.6;72.9;82.6;84.9;83.5;2.3;85.8;88.0;12.0;En hausse;Moyenne;3.0;60.9;15.0;En hausse;61;Ligue 1;2024;2024-2025
25008;J. Clauss;84;Nice;Nice / Marseille;Defender;2311.0;high;True;False;71.1;93.6;87.1;63.5;86.1;76.3;82.6;84.0;83.1;2.3;85.4;71.8;0.8;Stable;Élevée;5.0;68.3;-12.0;En baisse;61;Ligue 1;2024;2024-2025
326068;K. Doumbia;106;Stade Brestois 29;Stade Brestois 29 / Reims;Midfielder;1316.0;medium;True;False;80.8;91.8;90.6;87.3;86.3;81.3;87.2;75.3;82.4;2.4;84.8;76.2;3.6;En hausse;Élevée;5.0;48.8;4.0;En hausse;61;Ligue 1;2024;2024-2025
137303;E. Guessand;84;Nice;Nice;Attacker;2575.0;high;True;False;88.4;74.9;83.4;82.5;64.1;75.4;83.0;80.3;81.9;2.4;84.3;81.4;12.0;En hausse;Moyenne;4.0;68.3;-12.0;En baisse;61;Ligue 1;2024;2024-2025
156477;R. Cherki;80;Lyon;Lyon;Midfielder;2054.0;high;True;False;86.8;93.4;91.4;83.8;47.0;62.2;78.1;87.6;81.9;2.3;84.2;84.4;1.5;Stable;Élevée;5.0;51.3;4.0;En hausse;61;Ligue 1;2024;2024-2025
129695;D. Bakwa;95;Strasbourg;Strasbourg;Attacker;2509.0;high;True;False;81.4;86.4;88.5;74.3;56.6;78.9;81.1;82.6;81.7;2.3;83.9;71.7;-7.7;En baisse;Élevée;5.0;44.5;-15.0;En baisse;61;Ligue 1;2024;2024-2025
927;Lee Kang-In;85;Paris Saint Germain;Paris Saint Germain;Midfielder;1665.0;high;True;False;78.5;92.3;89.1;85.6;53.4;67.0;78.7;86.0;81.7;2.2;83.8;74.9;-6.9;En baisse;Moyenne;3.0;60.9;15.0;En hausse;61;Ligue 1;2024;2024-2025
85041;A. Gouiri;81;Marseille;Marseille / Rennes;Attacker;2102.0;high;True;False;93.3;91.1;83.0;67.2;36.9;41.3;77.0;87.5;81.2;2.2;83.4;85.6;-6.1;En baisse;Élevée;5.0;75.6;5.3;En hausse;61;Ligue 1;2024;2024-2025
325594;F. Lemaréchal;95;Strasbourg;Strasbourg / Monaco;Midfielder;1788.0;high;True;False;82.0;93.1;90.1;82.6;85.1;71.1;84.9;75.6;81.2;2.1;83.3;77.5;-2.4;Stable;Élevée;5.0;44.5;-15.0;En baisse;61;Ligue 1;2024;2024-2025
335051;João Neves;85;Paris Saint Germain;Paris Saint Germain;Midfielder;1857.0;high;True;False;77.4;67.2;83.7;77.0;81.5;87.2;78.4;85.0;81.0;2.1;83.1;67.0;-3.0;En baisse;Moyenne;4.0;60.9;15.0;En hausse;61;Ligue 1;2024;2024-2025
161747;G. Doué;95;Strasbourg;Strasbourg / Rennes;Defender;2716.0;high;True;False;62.5;54.9;75.3;81.7;90.2;87.9;83.2;75.9;80.3;2.1;82.4;69.6;4.6;En hausse;Élevée;5.0;44.5;-15.0;En baisse;61;Ligue 1;2024;2024-2025
20732;G. Perrin;108;Auxerre;Auxerre;Attacker;2704.0;high;True;False;86.6;91.6;88.3;75.4;54.3;53.9;79.1;81.5;80.1;2.1;82.2;75.9;-6.2;En baisse;Élevée;5.0;36.7;-4.0;En baisse;61;Ligue 1;2024;2024-2025
162466;S. Diomandé;108;Auxerre;Auxerre / Lyon;Defender;1945.0;high;True;False;75.9;54.9;69.4;82.2;92.4;87.8;84.2;73.5;79.9;2.1;82.1;62.3;-5.0;En baisse;Élevée;5.0;36.7;-4.0;En baisse;61;Ligue 1;2024;2024-2025
109;A. Golovin;91;Monaco;Monaco;Midfielder;1161.0;medium;True;False;77.8;85.7;75.4;86.1;78.0;76.8;80.5;78.8;79.8;2.1;81.9;;;;;;54.2;-1.3;Stable;61;Ligue 1;2024;2024-2025
22093;R. Cabella;79;Lille;Lille;Midfielder;1012.0;medium;True;False;67.4;88.9;85.0;78.9;74.6;81.3;80.7;78.3;79.7;2.1;81.8;77.7;;Non disponible;Faible;2.0;58.7;-6.7;En baisse;61;Ligue 1;2024;2024-2025
291649;Vanderson;91;Monaco;Monaco;Defender;2077.0;high;True;False;71.1;73.3;75.2;78.3;84.5;81.5;81.2;77.4;79.7;2.0;81.7;64.8;-6.8;En baisse;Élevée;5.0;54.2;-1.3;Stable;61;Ligue 1;2024;2024-2025
2781;M. Simon;83;Nantes;Nantes;Attacker;2626.0;high;True;False;84.0;88.5;90.1;77.6;49.3;64.4;80.4;77.8;79.4;2.0;81.4;73.8;7.0;En hausse;Élevée;5.0;53.1;10.7;En hausse;61;Ligue 1;2024;2024-2025
274300;M. Akliouche;91;Monaco;Monaco;Midfielder;2409.0;high;True;False;72.4;88.1;89.1;80.1;61.0;67.5;77.6;81.8;79.3;2.0;81.3;83.0;-6.3;En baisse;Élevée;5.0;54.2;-1.3;Stable;61;Ligue 1;2024;2024-2025
22097;A. Nordin;82;Montpellier;Montpellier;Attacker;1171.0;medium;True;False;84.6;74.3;77.0;80.3;64.2;85.4;81.8;74.9;79.0;2.0;81.0;;;;;;25.0;-2.7;Stable;61;Ligue 1;2024;2024-2025
9;A. Hakimi;85;Paris Saint Germain;Paris Saint Germain;Defender;2067.0;high;True;False;77.1;74.4;86.1;78.7;70.6;70.4;72.3;88.9;78.9;2.0;80.9;71.4;-4.2;En baisse;Faible;2.0;60.9;15.0;En hausse;61;Ligue 1;2024;2024-2025
283026;M. Biereth;91;Monaco;Monaco;Attacker;1237.0;medium;True;False;91.8;82.7;74.2;50.4;47.1;61.4;75.2;83.7;78.6;2.0;80.6;71.4;-0.5;Stable;Moyenne;4.0;54.2;-1.3;Stable;61;Ligue 1;2024;2024-2025
67889;H. Haraldsson;79;Lille;Lille;Midfielder;1765.0;high;True;False;80.4;86.2;82.9;82.5;61.3;70.3;77.8;79.7;78.5;2.0;80.5;71.4;1.1;Stable;Élevée;5.0;58.7;-6.7;En baisse;61;Ligue 1;2024;2024-2025
161904;B. Barcola;85;Paris Saint Germain;Paris Saint Germain;Attacker;2192.0;high;True;False;91.0;89.7;87.4;58.6;56.5;50.5;77.2;80.6;78.5;1.9;80.4;68.6;-12.0;En baisse;Élevée;5.0;60.9;15.0;En hausse;61;Ligue 1;2024;2024-2025
21497;L. Blas;94;Rennes;Rennes;Midfielder;2302.0;high;True;False;84.4;87.0;88.6;71.0;61.7;69.4;77.2;80.4;78.5;1.9;80.3;70.9;-5.0;En baisse;Moyenne;4.0;42.7;4.0;En hausse;61;Ligue 1;2024;2024-2025
21592;G. Laborde;84;Nice;Nice;Attacker;1838.0;high;True;False;86.5;79.4;78.2;70.9;55.9;62.9;77.4;80.0;78.4;1.9;80.3;82.8;12.0;En hausse;Élevée;5.0;68.3;-12.0;En baisse;61;Ligue 1;2024;2024-2025
25287;K. Danso;116;Lens;Lens;Defender;1080.0;medium;True;False;54.4;86.2;56.6;59.8;79.8;75.3;76.9;80.3;78.3;1.9;80.1;;;;;;64.8;0.0;Stable;61;Ligue 1;2024;2024-2025
22261;A. Thomasson;116;Lens;Lens;Midfielder;2623.0;high;True;False;73.5;88.7;84.8;69.4;72.7;72.7;77.9;78.6;78.2;1.8;80.0;81.2;5.1;En hausse;Élevée;5.0;64.8;0.0;Stable;61;Ligue 1;2024;2024-2025
361348;M. Fofana;80;Lyon;Lyon;Attacker;1597.0;high;True;False;85.0;81.4;83.5;72.4;55.3;70.3;79.4;76.3;78.2;1.8;80.0;75.0;-4.0;En baisse;Élevée;5.0;51.3;4.0;En hausse;61;Ligue 1;2024;2024-2025
662;T. Ndombélé;84;Nice;Nice;Midfielder;1139.0;medium;True;False;64.7;80.8;82.6;85.5;74.1;84.3;79.7;75.7;78.1;1.8;79.9;;;;;;68.3;-12.0;En baisse;61;Ligue 1;2024;2024-2025
8489;J. David;79;Lille;Lille;Attacker;2558.0;high;True;False;91.7;78.9;77.7;71.7;45.8;51.5;77.3;79.1;78.0;1.8;79.8;69.1;-1.2;Stable;Élevée;5.0;58.7;-6.7;En baisse;61;Ligue 1;2024;2024-2025
84128;Y. Gboho;96;Toulouse;Toulouse;Attacker;2340.0;high;True;False;84.9;75.5;81.4;73.6;52.3;71.1;78.9;76.6;78.0;1.8;79.8;81.3;8.4;En hausse;Élevée;5.0;62.7;5.3;En hausse;61;Ligue 1;2024;2024-2025
21443;T. Savanier;82;Montpellier;Montpellier;Midfielder;2339.0;high;True;False;69.6;92.1;87.7;73.0;57.8;74.4;77.1;79.0;77.9;1.7;79.6;64.4;-1.6;Stable;Moyenne;3.0;25.0;-2.7;Stable;61;Ligue 1;2024;2024-2025
11421;G. Suazo;96;Toulouse;Toulouse;Defender;2160.0;high;True;False;57.8;85.3;83.5;84.6;76.3;72.4;77.2;78.7;77.8;1.7;79.5;69.6;-0.3;Stable;Moyenne;3.0;62.7;5.3;En hausse;61;Ligue 1;2024;2024-2025
2214;R. Del Castillo;106;Stade Brestois 29;Stade Brestois 29;Midfielder;1266.0;medium;True;False;87.1;91.3;86.7;70.0;62.7;69.5;78.1;77.3;77.8;1.7;79.5;76.0;-8.2;En baisse;Élevée;5.0;48.8;4.0;En hausse;61;Ligue 1;2024;2024-2025
322560;L. Stassin;1063;Saint Etienne;Saint Etienne;Attacker;1875.0;high;True;False;91.3;69.8;75.9;73.2;43.9;55.0;77.1;78.5;77.7;1.7;79.4;75.7;;Non disponible;Faible;2.0;43.0;4.0;En hausse;61;Ligue 1;2024;2024-2025
39115;A. Dønnum;96;Toulouse;Toulouse;Midfielder;2697.0;high;True;False;62.7;84.0;80.0;79.7;69.8;75.8;76.7;78.9;77.6;1.7;79.3;75.1;-3.6;En baisse;Moyenne;4.0;62.7;5.3;En hausse;61;Ligue 1;2024;2024-2025
22170;P. Lees-Melou;106;Stade Brestois 29;Stade Brestois 29;Midfielder;1528.0;high;True;False;71.5;75.6;74.5;78.9;72.3;76.9;75.2;80.1;77.2;1.7;78.9;76.6;-2.1;Stable;Moyenne;4.0;48.8;4.0;En hausse;61;Ligue 1;2024;2024-2025
374058;L. Camara;91;Monaco;Monaco;Midfielder;2064.0;high;True;False;70.8;58.7;83.1;73.6;79.8;80.0;73.8;82.1;77.1;1.7;78.8;68.1;-3.0;En baisse;Moyenne;4.0;54.2;-1.3;Stable;61;Ligue 1;2024;2024-2025
305834;Andrey Santos;95;Strasbourg;Strasbourg;Midfielder;2857.0;high;True;False;77.8;46.5;71.5;73.0;82.4;90.7;71.6;84.8;76.9;1.7;78.6;80.5;-1.4;Stable;Élevée;5.0;44.5;-15.0;En baisse;61;Ligue 1;2024;2024-2025
128384;Vitinha;85;Paris Saint Germain;Paris Saint Germain;Midfielder;2035.0;high;True;False;81.5;69.5;72.0;79.0;63.4;62.0;70.7;86.2;76.9;1.7;78.6;83.9;2.1;Stable;Moyenne;3.0;60.9;15.0;En hausse;61;Ligue 1;2024;2024-2025
263482;Nuno Mendes;85;Paris Saint Germain;Paris Saint Germain;Defender;1676.0;high;True;False;75.0;73.9;82.8;83.3;70.5;74.9;73.6;81.3;76.7;1.7;78.4;86.8;12.0;En hausse;Moyenne;3.0;60.9;15.0;En hausse;61;Ligue 1;2024;2024-2025
10077;Luis Henrique;81;Marseille;Marseille;Attacker;2621.0;high;True;False;79.4;87.2;82.4;79.3;42.4;49.5;74.7;79.7;76.7;1.7;78.3;70.2;-0.8;Stable;Moyenne;4.0;75.6;5.3;En hausse;61;Ligue 1;2024;2024-2025
50956;C. Cásseres;96;Toulouse;Toulouse;Midfielder;2705.0;high;True;False;59.0;71.2;72.9;80.9;83.3;84.9;76.1;77.3;76.6;1.6;78.2;73.4;5.6;En hausse;Élevée;5.0;62.7;5.3;En hausse;61;Ligue 1;2024;2024-2025
22264;L. Ajorque;106;Stade Brestois 29;Stade Brestois 29;Attacker;2504.0;high;True;False;86.7;78.7;68.8;60.3;57.2;70.7;75.4;78.3;76.6;1.6;78.2;70.9;0.2;Stable;Élevée;5.0;48.8;4.0;En hausse;61;Ligue 1;2024;2024-2025
162465;M. Bard;84;Nice;Nice;Defender;1941.0;high;True;False;68.0;66.3;68.9;69.7;81.1;76.6;76.4;76.6;76.5;1.6;78.1;76.7;-8.4;En baisse;Élevée;5.0;68.3;-12.0;En baisse;61;Ligue 1;2024;2024-2025
47480;M. Salisu;91;Monaco;Monaco;Defender;1035.0;medium;True;False;73.5;83.0;53.0;64.2;79.9;75.8;77.1;75.4;76.4;1.6;78.0;;;;;;54.2;-1.3;Stable;61;Ligue 1;2024;2024-2025
191392;P. Joly;108;Auxerre;Auxerre;Defender;1024.0;medium;True;False;62.8;79.2;74.8;59.8;84.7;87.2;82.1;67.9;76.4;1.6;78.0;60.0;-4.2;En baisse;Élevée;5.0;36.7;-4.0;En baisse;61;Ligue 1;2024;2024-2025
24743;Z. Davitashvili;1063;Saint Etienne;Saint Etienne;Attacker;2761.0;high;True;False;84.7;86.8;86.3;67.6;48.2;52.5;76.0;76.8;76.4;1.5;77.9;74.9;-7.9;En baisse;Élevée;5.0;43.0;4.0;En hausse;61;Ligue 1;2024;2024-2025
21153;B. Santamaría;84;Nice;Nice / Rennes;Midfielder;1411.0;high;True;False;54.5;74.6;70.0;83.6;85.2;89.4;77.4;74.8;76.4;1.5;77.9;64.6;1.0;Stable;Moyenne;3.0;68.3;-12.0;En baisse;61;Ligue 1;2024;2024-2025
49583;A. Abdi;84;Nice;Nice;Defender;1417.0;high;True;False;78.0;77.1;74.7;64.4;79.8;73.2;76.2;76.5;76.3;1.4;77.8;70.6;-4.1;En baisse;Élevée;5.0;68.3;-12.0;En baisse;61;Ligue 1;2024;2024-2025
30531;J. Boga;84;Nice;Nice;Attacker;1065.0;medium;True;False;80.3;87.8;84.6;73.3;52.9;66.8;77.7;74.4;76.3;1.5;77.8;69.7;-0.7;Stable;Faible;2.0;68.3;-12.0;En baisse;61;Ligue 1;2024;2024-2025
1467;A. Lacazette;80;Lyon;Lyon;Attacker;2061.0;high;True;False;93.1;75.1;72.7;69.3;48.0;50.8;76.3;76.4;76.3;1.4;77.7;80.8;8.4;En hausse;Moyenne;4.0;51.3;4.0;En hausse;61;Ligue 1;2024;2024-2025
85914;J. Le Cardinal;106;Stade Brestois 29;Stade Brestois 29 / Lens;Defender;1378.0;high;True;False;59.0;78.3;58.9;70.5;78.9;74.2;76.1;76.6;76.3;1.4;77.7;66.5;;Non disponible;Faible;2.0;48.8;4.0;En hausse;61;Ligue 1;2024;2024-2025
156465;I. Soumaré;111;Le Havre;Le Havre / Auxerre;Attacker;1904.0;high;True;False;78.5;79.5;80.4;61.2;66.7;82.3;76.5;75.7;76.2;1.4;77.6;70.9;-5.8;En baisse;Élevée;5.0;57.1;1.3;Stable;61;Ligue 1;2024;2024-2025
37236;A. Matusiwa;94;Rennes;Rennes;Midfielder;2078.0;high;True;False;56.7;66.1;71.5;82.0;83.5;85.6;74.9;78.1;76.2;1.3;77.5;67.1;7.2;En hausse;Élevée;5.0;42.7;4.0;En hausse;61;Ligue 1;2024;2024-2025
23637;Y. Zouaoui;111;Le Havre;Le Havre;Defender;982.0;medium;True;False;60.8;90.3;83.7;83.5;66.3;77.7;74.6;78.5;76.2;1.3;77.5;69.4;0.0;Stable;Faible;2.0;57.1;1.3;Stable;61;Ligue 1;2024;2024-2025
529;N. Tagliafico;80;Lyon;Lyon;Defender;1911.0;high;True;False;73.7;67.2;54.5;55.2;80.5;74.0;74.0;79.3;76.1;1.3;77.4;72.4;1.6;Stable;Moyenne;4.0;51.3;4.0;En hausse;61;Ligue 1;2024;2024-2025
24147;M. Camara;94;Rennes;Rennes / Stade Brestois 29;Midfielder;5338.0;high;True;False;75.7;70.8;74.7;78.3;75.5;76.6;75.0;77.6;76.1;1.2;77.3;;;;;;42.7;4.0;En hausse;61;Ligue 1;2024;2024-2025
135068;E. Agbadou;93;Reims;Reims;Defender;1260.0;medium;True;False;55.2;84.2;59.3;75.8;74.4;66.5;73.1;80.6;76.1;1.3;77.3;;;;;;31.3;1.3;Stable;61;Ligue 1;2024;2024-2025
1942;J. Ito;93;Reims;Reims;Attacker;2701.0;high;True;False;71.1;93.9;85.9;72.6;60.5;63.5;74.0;78.7;75.9;1.2;77.1;61.6;-2.6;Stable;Moyenne;3.0;31.3;1.3;Stable;61;Ligue 1;2024;2024-2025
15286;Mousa Tamari;82;Montpellier;Montpellier / Rennes;Attacker;1683.0;high;True;False;80.9;78.1;81.4;70.5;59.7;76.7;78.1;72.5;75.8;1.2;77.1;;;;;;25.0;-2.7;Stable;61;Ligue 1;2024;2024-2025
4399;H. Boudaoui;84;Nice;Nice;Midfielder;2438.0;high;True;False;75.9;68.1;73.6;68.2;77.8;79.1;73.2;79.7;75.8;1.2;77.0;73.4;2.6;Stable;Élevée;5.0;68.3;-12.0;En baisse;61;Ligue 1;2024;2024-2025
350856;E. Nuamah;80;Lyon;Lyon;Attacker;1053.0;medium;True;False;81.6;81.1;77.8;78.9;66.5;66.3;77.6;73.2;75.8;1.2;77.0;;;;;;51.3;4.0;En hausse;61;Ligue 1;2024;2024-2025
99576;O. Sahraoui;79;Lille;Lille;Attacker;1292.0;medium;True;False;80.6;87.4;84.8;72.8;55.5;57.3;76.0;75.4;75.8;1.2;76.9;65.0;-2.0;Stable;Moyenne;4.0;58.7;-6.7;En baisse;61;Ligue 1;2024;2024-2025
343359;N. Zézé;83;Nantes;Nantes;Defender;1513.0;high;True;False;54.7;75.0;48.2;68.2;77.6;77.0;75.2;76.3;75.7;1.2;76.8;71.8;-4.5;En baisse;Élevée;5.0;53.1;10.7;En hausse;61;Ligue 1;2024;2024-2025
30504;W. Singo;91;Monaco;Monaco;Defender;2102.0;high;True;False;63.6;63.6;60.0;63.9;76.6;81.6;74.5;77.1;75.5;1.1;76.7;68.6;-4.3;En baisse;Élevée;5.0;54.2;-1.3;Stable;61;Ligue 1;2024;2024-2025
387120;R. Nzingoula;82;Montpellier;Montpellier / Strasbourg;Midfielder;1697.0;high;True;False;69.9;69.0;70.3;87.2;90.8;85.4;78.8;70.8;75.6;1.2;76.7;67.8;-5.0;En baisse;Moyenne;4.0;25.0;-2.7;Stable;61;Ligue 1;2024;2024-2025
180496;G. Mikautadze;80;Lyon;Lyon;Attacker;1445.0;high;True;False;90.6;78.4;82.2;59.8;45.0;53.7;76.0;75.0;75.6;1.1;76.7;78.9;-11.8;En baisse;Élevée;5.0;51.3;4.0;En hausse;61;Ligue 1;2024;2024-2025
193952;J. Lepenant;83;Nantes;Nantes / Lyon;Midfielder;2054.0;high;True;False;68.6;67.4;75.3;84.7;86.8;82.9;77.7;72.3;75.5;1.1;76.6;68.4;0.5;Stable;Moyenne;4.0;53.1;10.7;En hausse;61;Ligue 1;2024;2024-2025
174915;J. Casimir;111;Le Havre;Le Havre;Attacker;2009.0;high;True;False;73.2;75.4;79.0;78.7;55.8;73.0;75.1;76.0;75.4;1.1;76.5;78.2;3.7;En hausse;Élevée;5.0;57.1;1.3;Stable;61;Ligue 1;2024;2024-2025
107;S. Diop;84;Nice;Nice;Midfielder;1066.0;medium;True;False;86.2;87.6;84.4;63.5;71.7;63.6;76.2;74.3;75.4;1.1;76.5;62.6;5.2;En hausse;Élevée;5.0;68.3;-12.0;En baisse;61;Ligue 1;2024;2024-2025
272;A. Rabiot;81;Marseille;Marseille;Midfielder;2483.0;high;True;False;87.1;55.5;76.9;73.8;63.8;68.8;69.2;84.5;75.3;1.1;76.4;89.3;6.9;En hausse;Élevée;5.0;75.6;5.3;En hausse;61;Ligue 1;2024;2024-2025
129169;A. Zaroury;116;Lens;Lens;Attacker;1407.0;high;True;False;75.8;89.3;82.6;74.2;55.7;66.4;75.7;74.7;75.3;1.1;76.4;78.3;-1.3;Stable;Élevée;5.0;64.8;0.0;Stable;61;Ligue 1;2024;2024-2025
48392;E. Zhegrova;79;Lille;Lille;Attacker;985.0;medium;True;False;78.9;79.7;78.0;71.4;50.6;55.0;73.0;78.5;75.2;1.1;76.2;;;;;;58.7;-6.7;En baisse;61;Ligue 1;2024;2024-2025
277003;N. El Aynaoui;116;Lens;Lens;Midfielder;1606.0;high;True;False;82.0;77.0;69.9;57.5;79.9;72.8;72.6;78.6;75.0;1.1;76.0;86.7;12.0;En hausse;Élevée;5.0;64.8;0.0;Stable;61;Ligue 1;2024;2024-2025
386481;M. Diakhon;93;Reims;Reims;Attacker;922.0;medium;True;False;80.3;77.5;79.8;73.6;62.4;72.4;77.3;71.1;74.8;1.1;75.9;63.1;;Non disponible;Moyenne;3.0;31.3;1.3;Stable;61;Ligue 1;2024;2024-2025
7578;G. Mensah;108;Auxerre;Auxerre;Defender;2284.0;high;True;False;50.0;70.2;71.0;80.5;80.8;70.6;75.9;73.0;74.7;1.1;75.8;67.9;-0.6;Stable;Élevée;5.0;36.7;-4.0;En baisse;61;Ligue 1;2024;2024-2025
334879;B. Bouanani;84;Nice;Nice;Attacker;1095.0;medium;True;False;82.8;82.8;82.4;69.3;60.2;54.6;75.1;74.2;74.7;1.0;75.8;77.8;-2.7;Stable;Élevée;5.0;68.3;-12.0;En baisse;61;Ligue 1;2024;2024-2025
41585;Gonçalo Ramos;85;Paris Saint Germain;Paris Saint Germain;Attacker;1062.0;medium;True;False;89.8;77.9;72.9;48.7;49.9;60.1;73.3;76.9;74.8;1.1;75.8;84.1;12.0;En hausse;Élevée;5.0;60.9;15.0;En hausse;61;Ligue 1;2024;2024-2025
323625;K. Danois;108;Auxerre;Auxerre;Midfielder;1466.0;high;True;False;53.3;82.2;72.0;77.5;79.0;72.3;74.6;74.9;74.7;1.0;75.7;;;;;;36.7;-4.0;En baisse;61;Ligue 1;2024;2024-2025
21568;R. Aguilar;116;Lens;Lens;Defender;1129.0;medium;True;False;67.3;70.0;73.0;70.1;74.7;72.9;73.1;77.1;74.7;1.0;75.7;73.7;0.0;Stable;Moyenne;3.0;64.8;0.0;Stable;61;Ligue 1;2024;2024-2025
21102;V. Rongier;94;Rennes;Rennes / Marseille;Midfielder;3150.0;high;True;False;76.3;72.7;64.8;77.3;84.2;68.1;73.7;75.9;74.6;1.0;75.6;;;;;;42.7;4.0;En hausse;61;Ligue 1;2024;2024-2025
277191;A. Sima;106;Stade Brestois 29;Stade Brestois 29;Attacker;1238.0;medium;True;False;88.6;71.6;72.4;60.4;56.1;73.7;76.8;71.3;74.6;1.0;75.6;63.2;-1.2;Stable;Élevée;5.0;48.8;4.0;En hausse;61;Ligue 1;2024;2024-2025
41300;Jubal;108;Auxerre;Auxerre;Defender;2643.0;high;True;False;70.5;44.7;42.1;61.1;75.6;78.7;69.9;81.5;74.5;0.9;75.5;71.4;4.0;En hausse;Moyenne;4.0;36.7;-4.0;En baisse;61;Ligue 1;2024;2024-2025
71545;J. Okumu;93;Reims;Reims;Defender;1909.0;high;True;False;54.7;48.0;53.6;79.2;76.1;78.3;72.1;78.2;74.6;1.0;75.5;73.0;5.9;En hausse;Élevée;5.0;31.3;1.3;Stable;61;Ligue 1;2024;2024-2025
41146;F. Hanin;77;Angers;Angers;Defender;2677.0;high;True;False;48.3;68.8;66.4;65.5;77.0;73.3;73.3;76.2;74.5;0.9;75.4;71.0;1.0;Stable;Élevée;5.0;50.3;4.0;En hausse;61;Ligue 1;2024;2024-2025
147831;A. Kalimuendo;94;Rennes;Rennes;Attacker;2589.0;high;True;False;93.1;63.8;69.8;59.3;43.0;49.3;73.0;76.5;74.4;0.9;75.3;74.9;7.7;En hausse;Élevée;5.0;42.7;4.0;En hausse;61;Ligue 1;2024;2024-2025
274312;M. Cho;84;Nice;Nice;Attacker;1635.0;high;True;False;77.3;83.8;84.0;64.1;51.5;66.4;74.4;74.3;74.4;0.9;75.3;69.4;-7.5;En baisse;Moyenne;3.0;68.3;-12.0;En baisse;61;Ligue 1;2024;2024-2025
3333;M. Haïdara;116;Lens;Lens / Stade Brestois 29;Defender;3360.0;high;True;False;37.2;55.7;56.7;86.2;70.9;89.3;74.2;74.3;74.3;0.9;75.2;;;;;;64.8;0.0;Stable;61;Ligue 1;2024;2024-2025
2810;D. Zakaria;91;Monaco;Monaco;Midfielder;2149.0;high;True;False;74.9;63.7;71.6;77.6;71.6;66.5;70.5;79.8;74.2;0.9;75.1;81.0;4.7;En hausse;Élevée;5.0;54.2;-1.3;Stable;61;Ligue 1;2024;2024-2025
20780;Mathias Pereira Lage;106;Stade Brestois 29;Stade Brestois 29;Midfielder;1596.0;high;True;False;75.7;78.6;80.2;62.5;73.2;73.0;73.9;74.6;74.2;0.9;75.1;66.6;-4.3;En baisse;Élevée;5.0;48.8;4.0;En hausse;61;Ligue 1;2024;2024-2025
519;C. Tolisso;80;Lyon;Lyon;Midfielder;2334.0;high;True;False;80.6;48.3;75.5;67.1;76.2;80.3;69.4;81.2;74.1;0.9;75.0;72.2;-5.0;En baisse;Moyenne;4.0;51.3;4.0;En hausse;61;Ligue 1;2024;2024-2025
10316;Caio Henrique;91;Monaco;Monaco;Defender;1932.0;high;True;False;50.5;84.3;80.6;78.7;67.2;66.7;70.6;79.0;73.9;0.9;74.8;76.3;-7.5;En baisse;Élevée;5.0;54.2;-1.3;Stable;61;Ligue 1;2024;2024-2025
371916;C. Mawissa Elebi;91;Monaco;Monaco / Toulouse;Defender;1521.0;high;True;False;59.8;44.2;55.5;64.9;91.3;78.5;77.8;68.2;73.9;0.8;74.8;63.1;1.6;Stable;Moyenne;4.0;54.2;-1.3;Stable;61;Ligue 1;2024;2024-2025
32940;A. Onaiwu;108;Auxerre;Auxerre;Attacker;990.0;medium;True;False;88.0;70.9;71.9;69.5;58.3;71.9;77.7;68.3;74.0;0.9;74.8;74.1;0.2;Stable;Moyenne;4.0;36.7;-4.0;En baisse;61;Ligue 1;2024;2024-2025
326176;S. Magassa;91;Monaco;Monaco;Midfielder;1024.0;medium;True;False;63.0;63.7;71.4;85.5;85.8;80.1;75.2;71.6;73.7;0.8;74.6;64.5;-4.4;En baisse;Moyenne;4.0;54.2;-1.3;Stable;61;Ligue 1;2024;2024-2025
6067;T. Almada;80;Lyon;Lyon;Midfielder;953.0;medium;True;False;66.5;88.3;82.7;73.5;55.4;53.3;71.6;77.0;73.8;0.8;74.6;81.2;-1.9;Stable;Élevée;5.0;51.3;4.0;En hausse;61;Ligue 1;2024;2024-2025
22087;M. Nadé;1063;Saint Etienne;Saint Etienne;Defender;2305.0;high;True;False;60.7;66.1;55.9;58.3;77.8;76.6;73.5;74.1;73.7;0.8;74.5;74.2;8.1;En hausse;Élevée;5.0;43.0;4.0;En hausse;61;Ligue 1;2024;2024-2025
161622;M. Abline;83;Nantes;Nantes / Rennes;Attacker;2789.0;high;True;False;82.2;70.4;73.4;69.6;45.2;63.9;74.1;73.0;73.6;0.8;74.4;71.6;2.9;Stable;Élevée;5.0;53.1;10.7;En hausse;61;Ligue 1;2024;2024-2025
84082;R. Faivre;106;Stade Brestois 29;Stade Brestois 29;Midfielder;900.0;medium;True;False;84.3;72.4;79.3;74.3;60.6;79.3;74.2;72.7;73.6;0.8;74.4;66.9;;Non disponible;Faible;1.0;48.8;4.0;En hausse;61;Ligue 1;2024;2024-2025
31057;H. Traorè;108;Auxerre;Auxerre;Midfielder;2106.0;high;True;False;86.2;76.7;77.4;66.7;57.4;64.1;70.8;77.5;73.5;0.8;74.3;65.8;;Non disponible;Faible;2.0;36.7;-4.0;En baisse;61;Ligue 1;2024;2024-2025
264;T. Meunier;79;Lille;Lille;Defender;1951.0;high;True;False;73.0;62.5;56.1;65.4;78.4;65.5;71.0;77.1;73.4;0.8;74.2;76.3;0.9;Stable;Élevée;5.0;58.7;-6.7;En baisse;61;Ligue 1;2024;2024-2025
10036;Douglas Augusto;83;Nantes;Nantes;Midfielder;2315.0;high;True;False;76.0;60.3;64.9;76.0;78.9;76.3;71.1;76.8;73.4;0.8;74.1;75.0;-1.6;Stable;Moyenne;4.0;53.1;10.7;En hausse;61;Ligue 1;2024;2024-2025
421;B. Embolo;91;Monaco;Monaco;Attacker;1842.0;high;True;False;80.6;83.2;80.9;62.7;50.3;68.0;75.2;70.5;73.4;0.7;74.1;73.7;11.1;En hausse;Moyenne;4.0;54.2;-1.3;Stable;61;Ligue 1;2024;2024-2025
679;Ismaily;79;Lille;Lille;Defender;905.0;medium;True;False;67.6;61.4;66.5;64.0;77.4;69.4;71.5;76.1;73.4;0.7;74.1;70.3;3.5;En hausse;Moyenne;4.0;58.7;-6.7;En baisse;61;Ligue 1;2024;2024-2025
90617;L. Sinayoko;108;Auxerre;Auxerre;Attacker;2306.0;high;True;False;73.4;81.9;83.6;67.1;57.4;57.8;71.7;75.7;73.3;0.7;74.0;81.7;-2.1;Stable;Élevée;5.0;36.7;-4.0;En baisse;61;Ligue 1;2024;2024-2025
3080;M. Munetsi;93;Reims;Reims;Midfielder;1694.0;high;True;False;72.0;73.5;70.6;65.9;71.0;79.2;71.9;75.4;73.3;0.7;74.0;;;;;;31.3;1.3;Stable;61;Ligue 1;2024;2024-2025
41323;Mama Baldé;106;Stade Brestois 29;Stade Brestois 29 / Lyon;Attacker;1185.0;medium;True;False;72.2;90.1;91.0;69.6;69.8;74.1;76.5;68.4;73.3;0.7;73.9;60.3;-0.9;Stable;Moyenne;4.0;48.8;4.0;En hausse;61;Ligue 1;2024;2024-2025
437482;A. Koné;93;Reims;Reims;Midfielder;1430.0;high;True;False;56.0;61.9;65.0;84.6;82.3;91.7;73.9;71.9;73.1;0.7;73.8;69.5;-3.0;En baisse;Élevée;5.0;31.3;1.3;Stable;61;Ligue 1;2024;2024-2025
21103;A. Touré;111;Le Havre;Le Havre;Midfielder;2329.0;high;True;False;77.0;49.0;61.4;79.9;81.5;82.5;70.2;77.3;73.0;0.7;73.7;72.9;7.9;En hausse;Élevée;5.0;57.1;1.3;Stable;61;Ligue 1;2024;2024-2025
282549;J. Mwanga;111;Le Havre;Le Havre / Strasbourg;Midfielder;1245.0;medium;True;False;65.2;74.4;77.9;66.9;82.4;69.9;73.5;72.4;73.0;0.7;73.7;69.8;-12.0;En baisse;Moyenne;4.0;57.1;1.3;Stable;61;Ligue 1;2024;2024-2025
18967;L. Østigård;94;Rennes;Rennes;Defender;1227.0;medium;True;False;62.6;81.0;48.4;59.9;72.4;72.5;71.8;74.7;73.0;0.6;73.6;;;;;;42.7;4.0;En hausse;61;Ligue 1;2024;2024-2025
1456;A. Maitland-Niles;80;Lyon;Lyon;Midfielder;2013.0;high;True;False;63.7;76.8;74.3;62.3;76.2;67.7;71.0;75.7;72.8;0.6;73.5;79.6;4.8;En hausse;Élevée;5.0;51.3;4.0;En hausse;61;Ligue 1;2024;2024-2025
328074;J. James;94;Rennes;Rennes;Midfielder;1193.0;medium;True;False;55.0;86.0;75.9;67.8;69.5;66.8;72.1;73.9;72.8;0.6;73.5;68.3;-1.0;Stable;Moyenne;3.0;42.7;4.0;En hausse;61;Ligue 1;2024;2024-2025
328;Fabián Ruiz;85;Paris Saint Germain;Paris Saint Germain;Midfielder;1929.0;high;True;False;74.6;63.9;78.5;72.7;59.8;55.2;67.2;81.1;72.8;0.6;73.4;78.1;-2.3;Stable;Moyenne;4.0;60.9;15.0;En hausse;61;Ligue 1;2024;2024-2025
257;Marquinhos;85;Paris Saint Germain;Paris Saint Germain;Defender;1725.0;high;True;False;64.0;80.3;51.3;63.6;64.6;64.6;66.3;82.6;72.8;0.6;73.4;81.8;9.6;En hausse;Moyenne;3.0;60.9;15.0;En hausse;61;Ligue 1;2024;2024-2025
162267;A. Truffert;94;Rennes;Rennes;Defender;2763.0;high;True;False;72.9;79.8;72.0;61.2;68.1;71.1;70.2;76.6;72.8;0.6;73.3;71.3;-7.1;En baisse;Élevée;5.0;42.7;4.0;En hausse;61;Ligue 1;2024;2024-2025
16367;W. Pacho;85;Paris Saint Germain;Paris Saint Germain;Defender;2130.0;high;True;False;46.8;68.2;47.2;50.2;79.5;64.7;70.3;76.4;72.7;0.6;73.3;68.2;1.8;Stable;Moyenne;3.0;60.9;15.0;En hausse;61;Ligue 1;2024;2024-2025
102;D. Sidibé;96;Toulouse;Toulouse;Defender;2116.0;high;True;False;45.8;67.1;68.4;68.9;71.1;75.3;71.2;74.8;72.6;0.5;73.2;72.2;-0.8;Stable;Élevée;5.0;62.7;5.3;En hausse;61;Ligue 1;2024;2024-2025
343792;D. Cissé;94;Rennes;Rennes;Midfielder;1129.0;medium;True;False;73.3;59.5;62.3;82.2;75.1;69.7;69.7;77.1;72.6;0.5;73.2;64.2;-1.7;Stable;Élevée;5.0;42.7;4.0;En hausse;61;Ligue 1;2024;2024-2025
21635;J. Gradit;116;Lens;Lens;Defender;2115.0;high;True;False;49.3;65.6;51.0;54.8;74.3;74.3;70.6;75.6;72.6;0.5;73.1;70.4;4.1;En hausse;Élevée;5.0;64.8;0.0;Stable;61;Ligue 1;2024;2024-2025
289555;L. Mouton;1063;Saint Etienne;Saint Etienne / Angers;Midfielder;2087.0;high;True;False;49.5;82.1;75.5;71.5;79.0;70.5;73.5;71.3;72.6;0.5;73.1;68.3;1.8;Stable;Moyenne;4.0;43.0;4.0;En hausse;61;Ligue 1;2024;2024-2025
68;Clinton Mata;80;Lyon;Lyon;Defender;2370.0;high;True;False;42.0;59.9;66.8;67.8;74.8;73.1;71.1;74.6;72.5;0.5;73.0;69.9;-4.6;En baisse;Moyenne;3.0;51.3;4.0;En hausse;61;Ligue 1;2024;2024-2025
20836;C. Operi;111;Le Havre;Le Havre;Defender;1170.0;medium;True;False;55.5;85.5;80.9;74.9;65.2;69.8;70.4;75.3;72.4;0.5;72.9;;;;;;57.1;1.3;Stable;61;Ligue 1;2024;2024-2025
360114;A. Khusanov;116;Lens;Lens;Defender;975.0;medium;True;False;68.5;52.7;51.7;58.8;76.0;66.1;67.9;79.2;72.4;0.5;72.9;;;;;;64.8;0.0;Stable;61;Ligue 1;2024;2024-2025
20761;F. Sotoca;116;Lens;Lens;Attacker;1797.0;high;True;False;71.3;71.0;69.7;67.7;60.1;70.3;70.1;75.7;72.3;0.4;72.8;62.6;3.5;En hausse;Moyenne;4.0;64.8;0.0;Stable;61;Ligue 1;2024;2024-2025
21146;A. Fulgini;116;Lens;Lens;Midfielder;1059.0;medium;True;False;73.2;89.5;80.6;63.5;56.4;66.6;72.5;72.2;72.4;0.4;72.8;66.9;;Non disponible;Faible;1.0;64.8;0.0;Stable;61;Ligue 1;2024;2024-2025
191189;C. Akpa;108;Auxerre;Auxerre;Defender;2495.0;high;True;False;43.4;49.5;56.9;58.5;77.7;79.9;71.8;73.1;72.3;0.4;72.7;67.3;0.4;Stable;Élevée;5.0;36.7;-4.0;En baisse;61;Ligue 1;2024;2024-2025
142691;Alexsandro Ribeiro;79;Lille;Lille;Defender;2700.0;high;True;False;53.5;62.1;55.2;66.2;64.0;76.1;66.8;80.3;72.2;0.4;72.6;77.4;4.9;En hausse;Élevée;5.0;58.7;-6.7;En baisse;61;Ligue 1;2024;2024-2025
203762;E. Emegha;95;Strasbourg;Strasbourg;Attacker;2302.0;high;True;False;92.3;65.1;66.8;48.9;42.7;48.6;70.3;75.0;72.2;0.4;72.6;65.2;;Non disponible;Moyenne;3.0;44.5;-15.0;En baisse;61;Ligue 1;2024;2024-2025
261;T. Kehrer;91;Monaco;Monaco;Defender;2385.0;high;True;False;76.1;65.9;42.5;55.9;69.7;71.0;67.7;78.7;72.1;0.4;72.5;72.8;2.1;Stable;Faible;2.0;54.2;-1.3;Stable;61;Ligue 1;2024;2024-2025
8683;I. Cardona;1063;Saint Etienne;Saint Etienne;Attacker;1072.0;medium;True;False;86.0;75.9;73.2;56.6;50.6;47.1;70.8;74.3;72.2;0.4;72.5;68.8;12.0;En hausse;Élevée;5.0;43.0;4.0;En hausse;61;Ligue 1;2024;2024-2025
19546;C. Kipré;93;Reims;Reims;Defender;2409.0;high;True;False;54.5;51.9;57.0;68.3;75.4;70.2;69.4;75.8;71.9;0.4;72.3;78.6;2.5;Stable;Élevée;5.0;31.3;1.3;Stable;61;Ligue 1;2024;2024-2025
47969;G. Gudmundsson;79;Lille;Lille;Defender;1806.0;high;True;False;66.1;67.6;65.6;71.3;70.2;78.4;72.0;71.7;71.9;0.4;72.2;73.8;4.6;En hausse;Moyenne;4.0;58.7;-6.7;En baisse;61;Ligue 1;2024;2024-2025
57446;A. Adams;82;Montpellier;Montpellier;Attacker;1079.0;medium;True;False;80.1;72.7;69.3;68.1;48.0;56.4;71.1;72.9;71.8;0.3;72.2;;;;;;25.0;-2.7;Stable;61;Ligue 1;2024;2024-2025
20537;I. Niane;77;Angers;Angers;Attacker;934.0;medium;True;False;80.7;69.7;72.1;65.5;58.4;76.2;74.8;67.0;71.7;0.4;72.1;67.5;;Non disponible;Faible;1.0;50.3;4.0;En hausse;61;Ligue 1;2024;2024-2025
2204;B. André;79;Lille;Lille;Midfielder;2693.0;high;True;False;45.0;50.8;66.8;60.2;85.1;84.0;65.6;80.8;71.7;0.3;72.0;78.1;-6.9;En baisse;Moyenne;4.0;58.7;-6.7;En baisse;61;Ligue 1;2024;2024-2025
157146;L. Pétrot;1063;Saint Etienne;Saint Etienne;Defender;2637.0;high;True;False;51.3;59.7;61.7;60.3;78.6;70.2;71.4;72.1;71.7;0.3;72.0;76.3;2.5;Stable;Élevée;5.0;43.0;4.0;En hausse;61;Ligue 1;2024;2024-2025
8624;F. Tardieu;1063;Saint Etienne;Saint Etienne;Midfielder;1253.0;medium;True;False;67.0;81.3;75.8;52.7;67.3;65.8;69.0;75.7;71.7;0.3;72.0;80.9;11.0;En hausse;Élevée;5.0;43.0;4.0;En hausse;61;Ligue 1;2024;2024-2025
307835;Beraldo;85;Paris Saint Germain;Paris Saint Germain;Defender;2011.0;high;True;False;59.9;76.5;47.5;59.2;67.4;68.3;67.6;77.8;71.7;0.3;71.9;71.2;3.5;En hausse;Élevée;5.0;60.9;15.0;En hausse;61;Ligue 1;2024;2024-2025
2483;D. Machado;116;Lens;Lens;Defender;1805.0;high;True;False;59.7;73.2;78.6;77.3;67.9;73.1;71.1;72.5;71.6;0.3;71.9;67.6;1.6;Stable;Moyenne;3.0;64.8;0.0;Stable;61;Ligue 1;2024;2024-2025
226803;S. Nanasi;95;Strasbourg;Strasbourg;Midfielder;2121.0;high;True;False;78.0;84.1;78.6;69.7;47.0;49.8;68.4;76.2;71.5;0.2;71.8;80.6;2.5;Stable;Moyenne;4.0;44.5;-15.0;En baisse;61;Ligue 1;2024;2024-2025
20916;C. Wooh;94;Rennes;Rennes;Defender;1458.0;high;True;False;60.5;45.2;50.7;68.9;79.3;75.0;71.5;71.7;71.6;0.2;71.8;65.7;;Non disponible;Faible;1.0;42.7;4.0;En hausse;61;Ligue 1;2024;2024-2025
22247;K. Lala;106;Stade Brestois 29;Stade Brestois 29;Defender;2685.0;high;True;False;73.4;80.9;69.9;72.0;66.2;61.9;67.7;77.1;71.5;0.2;71.7;65.8;-3.8;En baisse;Moyenne;4.0;48.8;4.0;En hausse;61;Ligue 1;2024;2024-2025
3099;Y. Ndayishimiye;84;Nice;Nice;Midfielder;1934.0;high;True;False;67.7;72.6;48.7;69.7;72.7;70.5;67.0;78.3;71.5;0.2;71.7;70.2;;Non disponible;Faible;2.0;68.3;-12.0;En baisse;61;Ligue 1;2024;2024-2025
264383;W. Kamanzi;96;Toulouse;Toulouse;Defender;1058.0;medium;True;False;69.7;73.0;73.9;78.4;71.5;72.5;72.6;69.7;71.4;0.2;71.6;67.6;-1.2;Stable;Moyenne;3.0;62.7;5.3;En hausse;61;Ligue 1;2024;2024-2025
22163;Dante;84;Nice;Nice;Defender;1966.0;high;True;False;52.3;70.6;47.8;60.6;73.4;68.8;69.8;73.6;71.3;0.2;71.5;74.1;5.7;En hausse;Moyenne;3.0;68.3;-12.0;En baisse;61;Ligue 1;2024;2024-2025
203483;"A. N&apos;Diaye";106;Stade Brestois 29;Stade Brestois 29;Defender;1712.0;high;True;False;58.8;38.1;45.4;52.0;76.6;80.9;69.3;74.2;71.3;0.2;71.4;69.4;-3.3;En baisse;Moyenne;4.0;48.8;4.0;En hausse;61;Ligue 1;2024;2024-2025
20546;B. Chardonnet;106;Stade Brestois 29;Stade Brestois 29;Defender;2417.0;high;True;False;50.2;50.8;47.5;58.7;73.3;71.5;67.5;76.7;71.2;0.2;71.3;72.0;;Non disponible;Moyenne;3.0;48.8;4.0;En hausse;61;Ligue 1;2024;2024-2025
174927;A. Sangante;111;Le Havre;Le Havre;Defender;1251.0;medium;True;False;75.8;80.1;55.1;74.5;76.0;77.0;76.1;63.6;71.1;0.2;71.3;62.9;-12.0;En baisse;Moyenne;3.0;57.1;1.3;Stable;61;Ligue 1;2024;2024-2025
336657;W. Zaïre-Emery;85;Paris Saint Germain;Paris Saint Germain;Midfielder;2052.0;high;True;False;72.0;64.2;69.8;72.9;70.6;61.2;68.2;75.3;71.1;0.1;71.2;74.6;12.0;En hausse;Élevée;5.0;60.9;15.0;En hausse;61;Ligue 1;2024;2024-2025
2973;A. Murillo;81;Marseille;Marseille;Defender;2436.0;high;True;False;59.5;56.3;70.6;67.1;66.2;76.7;67.8;75.3;70.8;0.2;71.0;69.5;-6.8;En baisse;Élevée;5.0;75.6;5.3;En hausse;61;Ligue 1;2024;2024-2025
270509;A. Diouf;116;Lens;Lens;Midfielder;2240.0;high;True;False;56.3;80.6;77.2;80.2;59.9;58.4;70.7;70.6;70.6;0.2;70.8;63.7;0.8;Stable;Élevée;5.0;64.8;0.0;Stable;61;Ligue 1;2024;2024-2025
48491;V. Sierro;96;Toulouse;Toulouse;Midfielder;2409.0;high;True;False;72.1;74.8;68.4;60.9;64.2;62.8;67.3;75.5;70.6;0.2;70.7;69.6;5.7;En hausse;Élevée;5.0;62.7;5.3;En hausse;61;Ligue 1;2024;2024-2025
20661;M. Sagnan;82;Montpellier;Montpellier;Defender;2117.0;high;True;False;64.9;51.8;51.5;73.8;78.6;68.0;70.7;70.4;70.5;0.2;70.7;67.5;;Non disponible;Faible;1.0;25.0;-2.7;Stable;61;Ligue 1;2024;2024-2025
926;G. Kondogbia;81;Marseille;Marseille;Midfielder;2021.0;high;True;False;45.8;74.5;49.9;73.6;74.4;77.3;67.4;75.2;70.5;0.1;70.7;74.2;;Non disponible;Moyenne;3.0;75.6;5.3;En hausse;61;Ligue 1;2024;2024-2025
243;Z. Aboukhlal;96;Toulouse;Toulouse;Attacker;1907.0;high;True;False;85.8;61.6;68.0;56.8;50.1;52.9;69.9;71.1;70.4;0.1;70.5;64.2;-0.5;Stable;Moyenne;3.0;62.7;5.3;En hausse;61;Ligue 1;2024;2024-2025
375598;N. Mukau;79;Lille;Lille;Midfielder;1218.0;medium;True;False;57.3;70.5;69.5;70.9;69.4;72.6;69.2;72.1;70.4;0.1;70.5;64.4;-0.5;Stable;Moyenne;4.0;58.7;-6.7;En baisse;61;Ligue 1;2024;2024-2025
278232;P. Ekwah;1063;Saint Etienne;Saint Etienne;Midfielder;2579.0;high;True;False;57.1;59.9;56.8;75.8;76.7;76.0;67.2;74.9;70.3;0.1;70.4;72.5;2.5;Stable;Élevée;5.0;43.0;4.0;En hausse;61;Ligue 1;2024;2024-2025
274355;B. Bouchouari;1063;Saint Etienne;Saint Etienne;Midfielder;1783.0;high;True;False;56.8;68.0;67.5;82.3;65.6;74.1;69.9;71.0;70.3;0.1;70.4;71.8;;Non disponible;Faible;1.0;43.0;4.0;En hausse;61;Ligue 1;2024;2024-2025
51293;T. Bair;108;Auxerre;Auxerre;Attacker;958.0;medium;True;False;83.3;71.4;66.0;53.4;58.4;66.6;71.2;68.8;70.3;0.1;70.3;65.9;;Non disponible;Moyenne;3.0;36.7;-4.0;En baisse;61;Ligue 1;2024;2024-2025
278392;C. Cresswell;96;Toulouse;Toulouse;Defender;2592.0;high;True;False;73.0;45.0;48.6;46.3;70.8;74.7;65.6;76.8;70.1;0.1;70.2;68.6;2.1;Stable;Moyenne;4.0;62.7;5.3;En hausse;61;Ligue 1;2024;2024-2025
364810;A. Sylla;95;Strasbourg;Strasbourg;Defender;951.0;medium;True;False;67.8;47.5;52.9;62.1;77.6;73.0;70.1;70.2;70.1;0.1;70.2;68.2;;Non disponible;Faible;1.0;44.5;-15.0;En baisse;61;Ligue 1;2024;2024-2025
326088;K. Fayad;82;Montpellier;Montpellier;Midfielder;1026.0;medium;True;False;59.0;63.6;67.6;75.6;74.3;82.8;70.7;69.2;70.1;0.0;70.1;64.3;-5.1;En baisse;Moyenne;4.0;25.0;-2.7;Stable;61;Ligue 1;2024;2024-2025
129681;A. Rouault;94;Rennes;Rennes;Defender;973.0;medium;True;False;61.2;89.1;49.6;66.5;64.6;63.6;67.4;74.0;70.1;0.0;70.1;65.3;-0.9;Stable;Élevée;5.0;42.7;4.0;En hausse;61;Ligue 1;2024;2024-2025
1101;T. Minamino;91;Monaco;Monaco;Midfielder;2244.0;high;True;False;78.5;84.5;75.7;54.3;51.5;50.0;66.1;75.3;69.8;0.1;69.8;66.7;-1.5;Stable;Élevée;5.0;54.2;-1.3;Stable;61;Ligue 1;2024;2024-2025
163004;E. Lepaul;77;Angers;Angers;Attacker;1638.0;high;True;False;87.8;56.3;55.1;54.3;48.6;53.8;67.8;72.6;69.7;0.0;69.8;73.2;6.1;En hausse;Élevée;5.0;50.3;4.0;En hausse;61;Ligue 1;2024;2024-2025
64255;G. Lloris;111;Le Havre;Le Havre;Defender;2769.0;high;True;False;56.3;47.4;47.1;54.8;75.9;69.7;67.5;72.9;69.6;0.0;69.7;64.8;-6.1;En baisse;Moyenne;3.0;57.1;1.3;Stable;61;Ligue 1;2024;2024-2025
156992;M. Gbane;93;Reims;Reims;Midfielder;1126.0;medium;True;False;62.2;62.3;63.7;74.0;74.5;60.6;66.5;74.4;69.6;0.0;69.7;66.3;-6.5;En baisse;Élevée;5.0;31.3;1.3;Stable;61;Ligue 1;2024;2024-2025
103;J. Aholou;77;Angers;Angers / Strasbourg;Midfielder;1978.0;high;True;False;64.9;57.5;56.7;68.4;83.4;74.4;67.0;73.5;69.6;0.0;69.6;;;;;;50.3;4.0;En hausse;61;Ligue 1;2024;2024-2025
1902;D. Ćaleta-Car;80;Lyon;Lyon;Defender;1590.0;high;True;False;54.8;76.8;46.1;59.4;66.9;64.4;66.3;74.5;69.6;-0.0;69.6;69.2;-0.9;Stable;Moyenne;3.0;51.3;4.0;En hausse;61;Ligue 1;2024;2024-2025
20850;C. Arcus;77;Angers;Angers;Defender;2055.0;high;True;False;44.7;66.5;63.9;61.9;72.7;67.6;69.1;70.2;69.5;-0.0;69.5;68.4;-0.2;Stable;Élevée;5.0;50.3;4.0;En hausse;61;Ligue 1;2024;2024-2025
162067;T. Pembélé;111;Le Havre;Le Havre;Defender;1109.0;medium;True;False;69.2;53.2;60.2;77.1;73.4;71.7;69.9;68.8;69.5;-0.0;69.5;65.0;-0.5;Stable;Moyenne;4.0;57.1;1.3;Stable;61;Ligue 1;2024;2024-2025
33321;Keito Nakamura;93;Reims;Reims;Attacker;2870.0;high;True;False;84.6;68.4;66.9;55.4;45.3;35.7;66.3;74.3;69.5;-0.1;69.4;62.0;-9.4;En baisse;Moyenne;4.0;31.3;1.3;Stable;61;Ligue 1;2024;2024-2025
21434;T. Sainte-Luce;82;Montpellier;Montpellier;Defender;1024.0;medium;True;False;69.1;65.8;64.4;76.7;73.0;71.3;71.6;66.4;69.5;-0.1;69.4;66.3;;Non disponible;Moyenne;3.0;25.0;-2.7;Stable;61;Ligue 1;2024;2024-2025
327631;H. Diarra;95;Strasbourg;Strasbourg;Midfielder;2356.0;high;True;False;76.6;74.0;76.0;54.3;54.4;62.2;66.0;74.6;69.4;-0.1;69.3;72.7;-0.1;Stable;Élevée;5.0;44.5;-15.0;En baisse;61;Ligue 1;2024;2024-2025
1407;D. Appiah;1063;Saint Etienne;Saint Etienne;Defender;2124.0;high;True;False;52.5;61.1;63.0;64.8;79.2;62.3;70.2;68.3;69.4;-0.1;69.3;70.3;8.3;En hausse;Élevée;5.0;43.0;4.0;En hausse;61;Ligue 1;2024;2024-2025
31318;"M&apos;Bala Nzola";116;Lens;Lens;Attacker;1464.0;high;True;False;81.6;76.3;71.7;61.5;49.0;52.6;70.6;67.6;69.4;-0.1;69.3;;;;;;64.8;0.0;Stable;61;Ligue 1;2024;2024-2025
18599;S. Thomas;83;Nantes;Nantes;Midfielder;1331.0;medium;True;False;57.9;90.8;81.7;62.3;55.1;51.3;68.8;70.3;69.4;-0.1;69.2;75.2;;Non disponible;Faible;2.0;53.1;10.7;En hausse;61;Ligue 1;2024;2024-2025
179399;E. Tchato;82;Montpellier;Montpellier;Defender;1902.0;high;True;False;56.4;64.2;56.2;59.7;72.8;69.7;69.0;69.6;69.2;-0.1;69.1;62.5;-3.1;En baisse;Moyenne;3.0;25.0;-2.7;Stable;61;Ligue 1;2024;2024-2025
174660;L. Rao-Lisoa;77;Angers;Angers;Defender;1326.0;medium;True;False;49.2;72.1;76.4;68.4;75.3;69.2;72.4;64.5;69.2;-0.2;69.1;63.2;-3.7;En baisse;Élevée;5.0;50.3;4.0;En hausse;61;Ligue 1;2024;2024-2025
407017;M. Lumpungu;84;Nice;Nice;Defender;2195.0;high;True;False;43.9;62.5;44.4;72.7;68.0;65.2;65.9;73.6;69.0;-0.1;68.8;70.0;-6.9;En baisse;Moyenne;3.0;68.3;-12.0;En baisse;61;Ligue 1;2024;2024-2025
21715;W. Saïd;116;Lens;Lens;Attacker;919.0;medium;True;False;77.4;69.9;64.7;66.2;55.0;53.0;68.2;70.0;68.9;-0.2;68.8;62.7;-1.9;Stable;Moyenne;3.0;64.8;0.0;Stable;61;Ligue 1;2024;2024-2025
274328;S. Sow;95;Strasbourg;Strasbourg / Nantes;Defender;1818.0;high;True;False;62.3;46.2;49.2;68.9;72.9;62.1;65.1;74.5;68.9;-0.2;68.7;;;;;;44.5;-15.0;En baisse;61;Ligue 1;2024;2024-2025
438688;A. Bouaddi;79;Lille;Lille;Midfielder;1154.0;medium;True;False;59.4;57.3;65.3;71.2;77.1;76.4;67.7;70.6;68.9;-0.2;68.7;65.4;;Non disponible;Faible;2.0;58.7;-6.7;En baisse;61;Ligue 1;2024;2024-2025
22166;M. Sarr;116;Lens;Lens;Defender;1389.0;high;True;False;53.7;76.0;52.5;61.2;68.4;62.9;66.8;71.7;68.8;-0.2;68.6;68.5;;Non disponible;Faible;2.0;64.8;0.0;Stable;61;Ligue 1;2024;2024-2025
2336;L. Négo;111;Le Havre;Le Havre;Defender;2461.0;high;True;False;43.2;57.8;55.1;75.7;68.5;73.5;68.3;69.3;68.7;-0.3;68.4;62.6;-5.7;En baisse;Élevée;5.0;57.1;1.3;Stable;61;Ligue 1;2024;2024-2025
21088;N. Pallois;83;Nantes;Nantes;Defender;2020.0;high;True;False;49.8;41.6;52.0;53.6;77.8;65.7;66.5;72.0;68.7;-0.2;68.4;68.0;-8.3;En baisse;Moyenne;4.0;53.1;10.7;En hausse;61;Ligue 1;2024;2024-2025
240;P. Rosario;84;Nice;Nice;Midfielder;1794.0;high;True;False;72.0;67.7;64.2;65.0;71.2;57.8;66.2;71.9;68.5;-0.3;68.2;69.8;-5.1;En baisse;Moyenne;4.0;68.3;-12.0;En baisse;61;Ligue 1;2024;2024-2025
530;M. Bakker;79;Lille;Lille;Defender;1229.0;medium;True;False;78.7;84.9;77.6;71.5;61.3;54.4;64.2;75.0;68.5;-0.3;68.2;63.9;-4.8;En baisse;Moyenne;3.0;58.7;-6.7;En baisse;61;Ligue 1;2024;2024-2025
22102;W. Khazri;82;Montpellier;Montpellier;Attacker;1097.0;medium;True;False;64.4;80.3;75.2;60.9;65.1;69.1;67.6;69.5;68.4;-0.3;68.0;66.7;;Non disponible;Faible;2.0;25.0;-2.7;Stable;61;Ligue 1;2024;2024-2025
22136;B. Diakité;79;Lille;Lille;Defender;2767.0;high;True;False;68.4;58.0;49.0;68.8;62.3;65.9;62.9;76.4;68.3;-0.3;67.9;64.9;-0.0;Stable;Moyenne;3.0;58.7;-6.7;En baisse;61;Ligue 1;2024;2024-2025
8445;D. Batubinsika;1063;Saint Etienne;Saint Etienne;Defender;2017.0;high;True;False;58.2;67.9;46.9;68.6;71.4;69.0;69.2;66.8;68.2;-0.4;67.9;72.5;;Non disponible;Faible;1.0;43.0;4.0;En hausse;61;Ligue 1;2024;2024-2025
943;U. Garcia;81;Marseille;Marseille;Defender;937.0;medium;True;False;69.5;69.3;72.2;62.5;62.6;65.3;64.6;73.6;68.2;-0.4;67.8;65.4;-5.9;En baisse;Moyenne;4.0;75.6;5.3;En hausse;61;Ligue 1;2024;2024-2025
20554;H. Belkebla;77;Angers;Angers;Midfielder;1795.0;high;True;False;48.0;50.0;60.1;66.5;82.8;78.1;64.4;73.8;68.1;-0.5;67.7;;;;;;50.3;4.0;En hausse;61;Ligue 1;2024;2024-2025
334914;S. Kumbedi;80;Lyon;Lyon;Defender;965.0;medium;True;False;64.4;60.0;61.9;66.2;70.3;65.0;66.8;70.2;68.2;-0.4;67.7;62.5;;Non disponible;Faible;2.0;51.3;4.0;En hausse;61;Ligue 1;2024;2024-2025
174724;F. Magri;96;Toulouse;Toulouse;Attacker;1534.0;high;True;False;84.0;60.8;62.5;52.8;50.7;58.2;68.4;67.6;68.1;-0.5;67.6;67.8;-1.1;Stable;Élevée;5.0;62.7;5.3;En hausse;61;Ligue 1;2024;2024-2025
22134;K. Amian;83;Nantes;Nantes;Defender;2169.0;high;True;False;66.5;60.1;54.1;71.1;67.9;66.6;66.3;70.7;68.0;-0.5;67.5;74.4;1.6;Stable;Élevée;5.0;53.1;10.7;En hausse;61;Ligue 1;2024;2024-2025
80752;T. Tessmann;80;Lyon;Lyon;Midfielder;1261.0;medium;True;False;76.5;60.5;60.7;71.0;71.0;57.5;65.4;72.1;68.0;-0.6;67.5;76.3;-0.3;Stable;Élevée;5.0;51.3;4.0;En hausse;61;Ligue 1;2024;2024-2025
6231;F. Medina;116;Lens;Lens;Defender;2547.0;high;True;False;42.3;59.4;64.0;55.1;67.0;60.2;62.8;75.5;67.9;-0.6;67.3;69.8;0.6;Stable;Moyenne;4.0;64.8;0.0;Stable;61;Ligue 1;2024;2024-2025
1567;A. Mandi;79;Lille;Lille;Defender;1736.0;high;True;False;52.0;69.8;48.8;63.6;63.6;59.1;62.7;75.3;67.7;-0.6;67.2;68.3;-2.3;Stable;Moyenne;3.0;58.7;-6.7;En baisse;61;Ligue 1;2024;2024-2025
30423;H. Hateboer;94;Rennes;Rennes;Midfielder;1680.0;high;True;False;43.7;67.9;58.2;67.6;73.2;69.3;64.8;71.7;67.5;-0.6;67.0;;;;;;42.7;4.0;En hausse;61;Ligue 1;2024;2024-2025
9700;Abner;80;Lyon;Lyon;Defender;1099.0;medium;True;False;69.3;70.7;66.4;62.7;63.2;55.4;62.3;74.7;67.2;-0.5;66.7;68.5;;Non disponible;Faible;2.0;51.3;4.0;En hausse;61;Ligue 1;2024;2024-2025
128342;R. Ndiaye;111;Le Havre;Le Havre;Midfielder;1085.0;medium;True;False;66.5;68.5;60.7;53.6;75.0;67.1;65.1;70.3;67.2;-0.6;66.6;74.2;-0.6;Stable;Moyenne;3.0;57.1;1.3;Stable;61;Ligue 1;2024;2024-2025
276184;M. Sarr;95;Strasbourg;Strasbourg / Lyon;Defender;2368.0;high;True;False;39.9;64.5;54.8;63.3;68.5;54.4;63.0;73.3;67.1;-0.6;66.5;63.7;-12.0;En baisse;Élevée;5.0;44.5;-15.0;En baisse;61;Ligue 1;2024;2024-2025
22141;I. Sylla;82;Montpellier;Montpellier;Defender;1143.0;medium;True;False;60.5;62.0;60.0;71.6;69.3;65.9;67.2;67.1;67.1;-0.6;66.5;65.2;;Non disponible;Faible;1.0;25.0;-2.7;Stable;61;Ligue 1;2024;2024-2025
8451;Aurélio Buta;93;Reims;Reims;Defender;1978.0;high;True;False;45.4;57.5;61.8;63.1;67.2;64.3;64.4;71.2;67.1;-0.7;66.4;65.1;-0.3;Stable;Moyenne;3.0;31.3;1.3;Stable;61;Ligue 1;2024;2024-2025
25916;M. Niakhaté;80;Lyon;Lyon;Defender;2725.0;high;True;False;45.9;53.3;41.3;60.0;65.1;65.2;62.1;74.3;67.0;-0.7;66.3;72.5;3.5;En hausse;Élevée;5.0;51.3;4.0;En hausse;61;Ligue 1;2024;2024-2025
18765;André Gomes;79;Lille;Lille;Midfielder;1283.0;medium;True;False;56.6;76.7;62.0;65.2;60.2;56.8;64.2;71.3;67.0;-0.7;66.3;66.8;;Non disponible;Faible;2.0;58.7;-6.7;En baisse;61;Ligue 1;2024;2024-2025
21570;N. Cozza;83;Nantes;Nantes;Defender;2051.0;high;True;False;62.7;52.4;49.1;46.5;73.7;65.7;65.5;69.0;66.9;-0.7;66.2;69.1;;Non disponible;Moyenne;3.0;53.1;10.7;En hausse;61;Ligue 1;2024;2024-2025
20692;H. Abdelli;77;Angers;Angers;Midfielder;2848.0;high;True;False;70.1;41.2;75.1;70.7;60.1;58.3;61.3;75.2;66.9;-0.8;66.1;68.6;9.1;En hausse;Élevée;5.0;50.3;4.0;En hausse;61;Ligue 1;2024;2024-2025
334429;O. Diakité;93;Reims;Reims;Attacker;1763.0;high;True;False;74.4;62.9;68.3;62.4;53.3;57.4;67.3;65.9;66.7;-0.8;65.9;62.9;1.4;Stable;Moyenne;3.0;31.3;1.3;Stable;61;Ligue 1;2024;2024-2025
343351;V. Atangana Edoa;93;Reims;Reims;Midfielder;2965.0;high;True;False;53.1;55.8;53.1;55.0;78.5;80.7;62.5;72.8;66.6;-0.8;65.8;67.4;-3.4;En baisse;Élevée;5.0;31.3;1.3;Stable;61;Ligue 1;2024;2024-2025
285;K. Hoever;108;Auxerre;Auxerre;Defender;2141.0;high;True;False;68.9;73.6;67.0;46.4;66.0;57.5;63.3;71.5;66.6;-0.8;65.8;67.6;-4.0;En baisse;Moyenne;4.0;36.7;-4.0;En baisse;61;Ligue 1;2024;2024-2025
174937;Y. Kechta;111;Le Havre;Le Havre;Midfielder;2113.0;high;True;False;66.2;63.3;59.3;63.4;71.8;63.2;64.3;69.8;66.5;-0.8;65.6;66.2;6.0;En hausse;Élevée;5.0;57.1;1.3;Stable;61;Ligue 1;2024;2024-2025
21439;J. Ferri;82;Montpellier;Montpellier;Midfielder;1780.0;high;True;False;56.3;67.9;67.8;61.5;64.5;64.4;64.5;68.4;66.1;-0.8;65.3;62.9;-2.9;Stable;Élevée;5.0;25.0;-2.7;Stable;61;Ligue 1;2024;2024-2025
21381;J. Lefort;77;Angers;Angers;Defender;3060.0;high;True;False;38.5;37.0;52.0;56.2;67.1;63.3;60.2;74.8;66.1;-0.8;65.2;61.5;-6.6;En baisse;Élevée;5.0;50.3;4.0;En hausse;61;Ligue 1;2024;2024-2025
21010;E. Owusu;108;Auxerre;Auxerre;Midfielder;2354.0;high;True;False;61.7;59.3;63.4;56.4;79.8;62.2;63.7;69.5;66.0;-0.9;65.1;66.0;;Non disponible;Faible;2.0;36.7;-4.0;En baisse;61;Ligue 1;2024;2024-2025
174801;A. Moueffek;1063;Saint Etienne;Saint Etienne;Midfielder;1042.0;medium;True;False;55.5;69.5;69.7;66.9;65.5;54.6;64.8;67.6;65.9;-0.9;65.0;68.1;2.7;Stable;Élevée;5.0;43.0;4.0;En hausse;61;Ligue 1;2024;2024-2025
412759;J. Canvot;96;Toulouse;Toulouse;Defender;1116.0;medium;True;False;56.0;58.1;56.6;69.9;66.3;58.9;63.0;69.9;65.8;-0.9;64.9;72.0;1.6;Stable;Moyenne;4.0;62.7;5.3;En hausse;61;Ligue 1;2024;2024-2025
284071;O. Targhalline;111;Le Havre;Le Havre;Midfielder;994.0;medium;True;False;54.3;64.4;61.3;62.5;73.9;58.2;63.2;69.6;65.7;-0.9;64.8;;;;;;57.1;1.3;Stable;61;Ligue 1;2024;2024-2025
2704;Y. Abdelhamid;1063;Saint Etienne;Saint Etienne / Reims;Defender;1015.0;medium;True;False;59.0;52.0;53.8;59.0;72.0;63.2;65.1;66.5;65.6;-1.0;64.7;65.7;;Non disponible;Faible;1.0;43.0;4.0;En hausse;61;Ligue 1;2024;2024-2025
30409;J. Veretout;80;Lyon;Lyon;Midfielder;1556.0;high;True;False;74.1;66.9;58.1;65.6;56.6;52.5;61.9;71.1;65.6;-1.0;64.5;71.8;5.9;En hausse;Moyenne;4.0;51.3;4.0;En hausse;61;Ligue 1;2024;2024-2025
50735;M. McKenzie;96;Toulouse;Toulouse;Defender;2497.0;high;True;False;61.5;39.3;48.2;53.0;68.5;63.6;61.2;72.0;65.5;-1.1;64.4;73.7;12.0;En hausse;Moyenne;3.0;62.7;5.3;En hausse;61;Ligue 1;2024;2024-2025
350388;Y. Mouanga;82;Montpellier;Montpellier;Defender;946.0;medium;True;False;55.0;52.8;56.0;72.8;66.6;62.6;63.6;68.0;65.4;-1.1;64.2;63.8;-6.8;En baisse;Élevée;5.0;25.0;-2.7;Stable;61;Ligue 1;2024;2024-2025
902;N. Matić;80;Lyon;Lyon;Midfielder;2025.0;high;True;False;53.8;59.9;61.7;64.6;64.1;52.2;60.0;73.3;65.3;-1.2;64.1;69.2;-4.4;En baisse;Moyenne;4.0;51.3;4.0;En hausse;61;Ligue 1;2024;2024-2025
21498;M. Coco;83;Nantes;Nantes;Attacker;966.0;medium;True;False;53.3;72.8;69.8;59.3;76.3;72.5;62.2;69.9;65.3;-1.3;64.0;;;;;;53.1;10.7;En hausse;61;Ligue 1;2024;2024-2025
110;H. Massengo;108;Auxerre;Auxerre;Midfielder;1046.0;medium;True;False;61.2;53.8;60.7;67.2;71.2;68.6;63.4;67.5;65.0;-1.3;63.7;65.3;5.7;En hausse;Élevée;5.0;36.7;-4.0;En baisse;61;Ligue 1;2024;2024-2025
272460;Q. Merlin;94;Rennes;Rennes / Marseille;Defender;3202.0;high;True;False;73.5;81.7;73.3;45.0;56.8;52.9;59.0;74.0;65.0;-1.4;63.6;;;;;;42.7;4.0;En hausse;61;Ligue 1;2024;2024-2025
271542;I. Doukouré;95;Strasbourg;Strasbourg;Defender;2645.0;high;True;False;57.4;50.8;58.2;71.2;62.1;60.3;60.6;71.2;64.9;-1.4;63.4;63.3;-1.6;Stable;Élevée;5.0;44.5;-15.0;En baisse;61;Ligue 1;2024;2024-2025
999;B. Omeragić;82;Montpellier;Montpellier;Defender;1803.0;high;True;False;54.5;44.4;50.2;74.9;65.7;61.5;61.8;69.5;64.9;-1.5;63.3;61.7;-8.3;En baisse;Élevée;5.0;25.0;-2.7;Stable;61;Ligue 1;2024;2024-2025
30405;E. Fernandes;106;Stade Brestois 29;Stade Brestois 29;Midfielder;1102.0;medium;True;False;58.1;64.7;62.8;64.8;64.6;53.9;62.1;68.9;64.8;-1.6;63.2;63.9;0.2;Stable;Moyenne;3.0;48.8;4.0;En hausse;61;Ligue 1;2024;2024-2025
20206;G. Osho;108;Auxerre;Auxerre;Defender;1657.0;high;True;False;65.0;38.7;45.5;63.8;62.3;63.7;59.0;73.4;64.8;-1.7;63.1;67.5;;Non disponible;Faible;1.0;36.7;-4.0;En baisse;61;Ligue 1;2024;2024-2025
20545;J. Castelletto;83;Nantes;Nantes;Defender;2622.0;high;True;False;48.8;51.2;37.7;60.6;62.5;62.7;59.9;71.7;64.6;-1.7;62.9;75.9;0.5;Stable;Élevée;5.0;53.1;10.7;En hausse;61;Ligue 1;2024;2024-2025
420292;H. Sekine;93;Reims;Reims;Defender;1016.0;medium;True;False;51.3;61.7;59.9;69.1;60.7;53.8;59.6;71.7;64.4;-1.8;62.6;69.9;0.8;Stable;Élevée;5.0;31.3;1.3;Stable;61;Ligue 1;2024;2024-2025
385569;E. Biumla;77;Angers;Angers;Midfielder;1334.0;medium;True;False;64.9;42.7;51.1;70.7;61.0;65.1;57.9;71.9;63.5;-1.7;61.8;68.2;;Non disponible;Faible;1.0;50.3;4.0;En hausse;61;Ligue 1;2024;2024-2025
47530;Sergio Akieme;93;Reims;Reims;Defender;2721.0;high;True;False;61.6;68.6;68.4;58.3;56.0;49.7;56.7;73.4;63.4;-1.8;61.5;71.5;8.9;En hausse;Élevée;5.0;31.3;1.3;Stable;61;Ligue 1;2024;2024-2025
3234;A. Bamba;77;Angers;Angers;Defender;1520.0;high;True;False;49.7;55.5;51.2;61.6;63.4;54.3;59.2;69.4;63.3;-2.0;61.3;66.8;;Non disponible;Faible;2.0;50.3;4.0;En hausse;61;Ligue 1;2024;2024-2025
128287;J. Chotard;82;Montpellier;Montpellier;Midfielder;1871.0;high;True;False;58.0;53.5;51.8;59.6;68.9;56.7;57.8;69.7;62.6;-1.9;60.6;63.5;-3.4;En baisse;Élevée;5.0;25.0;-2.7;Stable;61;Ligue 1;2024;2024-2025
174708;Y. Belkhdim;77;Angers;Angers;Midfielder;1525.0;high;True;False;69.9;53.0;56.8;45.4;77.1;59.7;59.1;66.8;62.2;-2.0;60.2;65.8;-0.2;Stable;Moyenne;4.0;50.3;4.0;En hausse;61;Ligue 1;2024;2024-2025
93671;Pedro Chirivella;83;Nantes;Nantes;Midfielder;2363.0;high;True;False;48.7;52.8;60.7;53.1;58.8;52.7;54.9;72.3;61.9;-2.1;59.8;77.8;1.7;Stable;Élevée;5.0;53.1;10.7;En hausse;61;Ligue 1;2024;2024-2025
389322;N. Sangui;93;Reims;Reims;Defender;1174.0;medium;True;False;51.2;59.2;67.3;70.9;58.5;53.2;58.3;65.7;61.3;-2.1;59.2;67.6;-3.4;En baisse;Moyenne;3.0;31.3;1.3;Stable;61;Ligue 1;2024;2024-2025
126757;L. Brassier;94;Rennes;Rennes / Marseille / Stade Brestois 29;Defender;2015.0;high;True;False;56.4;88.1;40.1;47.0;54.5;52.3;57.6;63.5;60.0;-1.9;58.0;66.5;-6.1;En baisse;Élevée;5.0;42.7;4.0;En hausse;61;Ligue 1;2024;2024-2025
162443;É. Youté;111;Le Havre;Le Havre;Defender;2327.0;high;True;False;46.0;37.6;38.2;57.3;61.3;52.5;54.4;67.9;59.8;-2.0;57.8;61.1;-7.7;En baisse;Élevée;5.0;57.1;1.3;Stable;61;Ligue 1;2024;2024-2025
20558;H. Magnetti;106;Stade Brestois 29;Stade Brestois 29;Midfielder;2335.0;high;True;False;62.4;46.0;47.7;55.5;61.7;55.6;53.8;68.6;59.7;-2.1;57.6;64.1;5.0;En hausse;Élevée;5.0;48.8;4.0;En hausse;61;Ligue 1;2024;2024-2025
3336;F. Sacko;82;Montpellier;Montpellier;Defender;1235.0;medium;True;False;54.7;60.9;59.5;49.6;60.1;47.5;55.9;63.1;58.8;-2.1;56.7;68.2;;Non disponible;Faible;1.0;25.0;-2.7;Stable;61;Ligue 1;2024;2024-2025
1165;Matheus Cunha;39;Wolves;Wolves / Manchester United;Attacker;5203.0;high;True;False;91.2;90.5;89.5;81.4;61.5;75.4;86.1;87.6;86.7;2.0;88.7;;;Non disponible;Non disponible;;32.0;-4.0;En baisse;39;Premier League;2024;2024-2025
18846;A. Wan-Bissaka;48;West Ham;West Ham / Manchester United;Defender;3155.0;high;True;False;62.7;87.5;88.8;90.4;91.8;88.7;89.9;79.4;85.7;2.1;87.7;;;Non disponible;Non disponible;;58.4;1.3;Stable;39;Premier League;2024;2024-2025
1460;B. Saka;42;Arsenal;Arsenal;Attacker;1735.0;high;True;False;85.0;92.1;91.4;82.6;58.5;77.1;84.5;86.3;85.2;2.0;87.2;;;Non disponible;Non disponible;;65.8;15.0;En hausse;39;Premier League;2024;2024-2025
20589;B. Mbeumo;55;Brentford;Brentford;Attacker;3417.0;high;True;False;91.8;86.9;84.0;79.1;56.4;64.8;82.8;85.0;83.7;2.2;85.9;;;Non disponible;Non disponible;;54.0;-15.0;En baisse;39;Premier League;2024;2024-2025
306;Mohamed Salah;40;Liverpool;Liverpool;Attacker;3377.0;high;True;False;92.1;93.2;89.7;68.0;41.9;50.4;79.7;89.5;83.6;2.2;85.8;;;Non disponible;Non disponible;;36.4;-6.7;En baisse;39;Premier League;2024;2024-2025
1422;J. Doku;50;Manchester City;Manchester City;Attacker;1532.0;high;True;False;77.3;85.8;88.8;91.1;64.1;84.9;83.4;82.4;83.0;2.2;85.2;;;Non disponible;Non disponible;;77.5;5.3;En hausse;39;Premier League;2024;2024-2025
157997;A. Diallo;33;Manchester United;Manchester United;Attacker;1901.0;high;True;False;86.1;90.9;88.4;75.9;65.2;71.7;82.3;84.0;83.0;2.2;85.1;;;Non disponible;Non disponible;;43.8;9.3;En hausse;39;Premier League;2024;2024-2025
152982;C. Palmer;49;Chelsea;Chelsea;Midfielder;3199.0;high;True;False;90.8;93.7;89.2;80.6;50.2;72.6;79.7;87.9;83.0;2.1;85.0;;;Non disponible;Non disponible;;73.1;8.0;En hausse;39;Premier League;2024;2024-2025
18784;J. Maddison;47;Tottenham;Tottenham;Midfielder;1817.0;high;True;False;86.5;88.3;89.4;78.5;68.1;82.4;82.2;82.6;82.4;2.1;84.5;;;Non disponible;Non disponible;;25.0;-2.7;Stable;39;Premier League;2024;2024-2025
266657;Sávio;50;Manchester City;Manchester City;Attacker;1770.0;high;True;False;75.5;90.7;90.6;86.1;58.2;72.0;80.1;82.7;81.2;2.3;83.5;;;Non disponible;Non disponible;;77.5;5.3;En hausse;39;Premier League;2024;2024-2025
19586;E. Eze;52;Crystal Palace;Crystal Palace;Midfielder;2603.0;high;True;False;80.8;89.7;89.5;82.8;57.4;73.8;79.6;81.9;80.6;2.4;82.9;;;Non disponible;Non disponible;;62.8;2.7;Stable;39;Premier League;2024;2024-2025
10135;Bruno Guimarães;34;Newcastle;Newcastle;Midfielder;3282.0;high;True;False;70.0;82.5;81.9;82.5;76.3;83.1;80.2;80.0;80.1;2.4;82.5;;;Non disponible;Non disponible;;40.8;-15.0;En baisse;39;Premier League;2024;2024-2025
10329;João Pedro;51;Brighton;Brighton / Chelsea;Attacker;3908.0;high;True;False;89.6;80.9;84.8;64.5;53.1;72.4;80.5;79.4;80.0;2.3;82.4;;;Non disponible;Non disponible;;80.4;5.3;En hausse;39;Premier League;2024;2024-2025
19281;A. Semenyo;35;Bournemouth;Bournemouth;Attacker;3209.0;high;True;False;84.3;78.5;79.8;82.9;64.5;67.0;79.6;80.2;79.8;2.3;82.1;;;Non disponible;Non disponible;;52.6;1.3;Stable;39;Premier League;2024;2024-2025
2298;C. Hudson-Odoi;65;Nottingham Forest;Nottingham Forest;Attacker;2218.0;high;True;False;82.5;86.1;79.1;85.8;51.2;66.6;79.6;79.3;79.5;2.3;81.8;;;Non disponible;Non disponible;;45.2;6.7;En hausse;39;Premier League;2024;2024-2025
18;J. Sancho;49;Chelsea;Chelsea / Manchester United;Attacker;1764.0;high;True;False;81.4;92.3;90.4;80.9;59.2;73.9;82.0;75.2;79.3;2.2;81.6;;;Non disponible;Non disponible;;73.1;8.0;En hausse;39;Premier League;2024;2024-2025
162714;A. Onana;66;Aston Villa;Aston Villa / Everton;Midfielder;1631.0;high;True;False;74.8;73.6;70.6;89.9;91.3;91.6;81.8;75.6;79.3;2.3;81.6;;;Non disponible;Non disponible;;59.9;-4.0;En baisse;39;Premier League;2024;2024-2025
15908;M. Damsgaard;55;Brentford;Brentford;Midfielder;2930.0;high;True;False;61.4;88.5;86.3;83.1;71.9;69.0;78.7;80.2;79.3;2.2;81.5;;;Non disponible;Non disponible;;54.0;-15.0;En baisse;39;Premier League;2024;2024-2025
1864;Pedro Neto;49;Chelsea;Chelsea / Wolves;Attacker;2267.0;high;True;False;80.7;93.4;93.2;72.7;70.8;73.3;80.9;76.3;79.1;2.2;81.3;;;Non disponible;Non disponible;;73.1;8.0;En hausse;39;Premier League;2024;2024-2025
186;Son Heung-Min;47;Tottenham;Tottenham;Attacker;2116.0;high;True;False;87.3;90.0;87.3;66.0;45.6;53.6;77.4;81.3;78.9;2.2;81.1;;;Non disponible;Non disponible;;25.0;-2.7;Stable;39;Premier League;2024;2024-2025
19549;A. Robinson;36;Fulham;Fulham;Defender;3167.0;high;True;False;37.9;77.5;78.9;73.5;82.8;76.0;78.9;78.7;78.8;2.1;81.0;;;Non disponible;Non disponible;;42.3;4.0;En hausse;39;Premier League;2024;2024-2025
1455;A. Iwobi;36;Fulham;Fulham;Attacker;2994.0;high;True;False;85.0;86.3;81.7;77.1;52.9;52.3;77.0;81.6;78.8;2.2;81.0;;;Non disponible;Non disponible;;42.3;4.0;En hausse;39;Premier League;2024;2024-2025
2936;J. Tarkowski;45;Everton;Everton;Defender;2924.0;high;True;False;56.7;56.1;56.1;66.9;82.7;83.4;76.8;81.3;78.6;2.1;80.8;;;Non disponible;Non disponible;;76.0;13.3;En hausse;39;Premier League;2024;2024-2025
792;J. Kluivert;35;Bournemouth;Bournemouth;Attacker;2356.0;high;True;False;88.1;85.4;84.3;71.8;51.4;54.9;78.2;79.2;78.6;2.1;80.7;;;Non disponible;Non disponible;;52.6;1.3;Stable;39;Premier League;2024;2024-2025
19428;J. Bowen;48;West Ham;West Ham;Attacker;2979.0;high;True;False;89.7;83.9;84.5;61.7;58.2;58.1;77.7;79.9;78.6;2.0;80.6;;;Non disponible;Non disponible;;58.4;1.3;Stable;39;Premier League;2024;2024-2025
311334;F. Buonanotte;46;Leicester;Leicester / Brighton;Midfielder;1515.0;high;True;False;80.5;91.4;90.0;68.3;88.9;73.6;82.8;72.2;78.6;2.1;80.6;;;Non disponible;Non disponible;;51.1;1.3;Stable;39;Premier League;2024;2024-2025
19720;T. Chalobah;52;Crystal Palace;Crystal Palace / Chelsea;Defender;1063.0;medium;True;False;74.2;87.6;68.4;72.4;80.5;83.9;81.3;74.3;78.5;2.0;80.5;;;Non disponible;Non disponible;;62.8;2.7;Stable;39;Premier League;2024;2024-2025
136723;N. Madueke;49;Chelsea;Chelsea;Attacker;2049.0;high;True;False;86.6;82.6;80.8;76.1;55.5;63.2;79.0;77.1;78.2;2.0;80.2;;;Non disponible;Non disponible;;73.1;8.0;En hausse;39;Premier League;2024;2024-2025
18929;D. McNeil;45;Everton;Everton;Attacker;1376.0;high;True;False;78.8;91.2;88.5;79.8;52.5;56.7;77.2;79.7;78.2;2.0;80.2;;;Non disponible;Non disponible;;76.0;13.3;En hausse;39;Premier League;2024;2024-2025
18592;I. Ndiaye;45;Everton;Everton;Attacker;2441.0;high;True;False;85.9;63.6;65.2;82.9;71.5;79.3;79.0;77.0;78.2;1.9;80.1;;;Non disponible;Non disponible;;76.0;13.3;En hausse;39;Premier League;2024;2024-2025
81573;Omar Marmoush;50;Manchester City;Manchester City;Attacker;1190.0;medium;True;False;85.5;73.4;69.5;72.7;57.2;63.4;75.5;82.1;78.1;1.9;80.1;;;Non disponible;Non disponible;;77.5;5.3;En hausse;39;Premier League;2024;2024-2025
138787;A. Gordon;34;Newcastle;Newcastle;Attacker;2444.0;high;True;False;77.5;87.1;85.5;72.2;56.5;77.9;78.5;77.5;78.1;1.9;80.0;;;Non disponible;Non disponible;;40.8;-15.0;En baisse;39;Premier League;2024;2024-2025
284797;D. Ouattara;55;Brentford;Brentford / Bournemouth;Attacker;4021.0;high;True;False;78.4;84.6;82.9;80.5;69.2;67.9;78.0;77.4;77.8;1.9;79.7;;;Non disponible;Non disponible;;54.0;-15.0;En baisse;39;Premier League;2024;2024-2025
21138;R. Aït-Nouri;39;Wolves;Wolves / Manchester City;Defender;6257.0;high;True;False;77.0;81.1;83.9;83.1;75.1;82.1;78.7;76.2;77.7;1.9;79.6;;;Non disponible;Non disponible;;32.0;-4.0;En baisse;39;Premier League;2024;2024-2025
2864;A. Isak;34;Newcastle;Newcastle;Attacker;2769.0;high;True;False;91.9;80.3;79.0;67.2;40.5;41.3;75.1;81.6;77.7;1.9;79.6;;;Non disponible;Non disponible;;40.8;-15.0;En baisse;39;Premier League;2024;2024-2025
138908;E. Anderson;65;Nottingham Forest;Nottingham Forest / Newcastle;Midfielder;2742.0;high;True;False;62.1;76.1;80.5;81.2;82.0;83.2;78.5;76.5;77.7;1.9;79.6;;;Non disponible;Non disponible;;45.2;6.7;En hausse;39;Premier League;2024;2024-2025
6716;A. Mac Allister;40;Liverpool;Liverpool;Midfielder;2607.0;high;True;False;77.7;83.6;78.7;62.6;76.3;73.2;75.6;80.9;77.7;1.8;79.5;;;Non disponible;Non disponible;;36.4;-6.7;En baisse;39;Premier League;2024;2024-2025
1125;R. Christie;35;Bournemouth;Bournemouth;Midfielder;2131.0;high;True;False;74.4;85.1;79.4;73.9;79.2;68.1;77.4;78.0;77.7;1.8;79.5;;;Non disponible;Non disponible;;52.6;1.3;Stable;39;Premier League;2024;2024-2025
19221;H. Wilson;36;Fulham;Fulham;Attacker;1163.0;medium;True;False;85.5;82.2;75.5;69.3;62.1;69.8;77.7;77.5;77.7;1.8;79.5;;;Non disponible;Non disponible;;42.3;4.0;En hausse;39;Premier League;2024;2024-2025
138780;N. Williams;65;Nottingham Forest;Nottingham Forest;Defender;2599.0;high;True;False;59.5;62.1;68.1;68.8;82.0;86.3;78.7;76.1;77.6;1.8;79.4;;;Non disponible;Non disponible;;45.2;6.7;En hausse;39;Premier League;2024;2024-2025
545;N. Mazraoui;33;Manchester United;Manchester United;Defender;2848.0;high;True;False;48.9;62.3;64.2;77.9;82.7;83.7;78.8;75.6;77.5;1.7;79.3;;;Non disponible;Non disponible;;43.8;9.3;En hausse;39;Premier League;2024;2024-2025
1161;E. Smith Rowe;36;Fulham;Fulham / Arsenal;Midfielder;2061.0;high;True;False;78.9;89.3;86.1;75.2;76.1;67.2;79.6;74.5;77.6;1.8;79.3;;;Non disponible;Non disponible;;42.3;4.0;En hausse;39;Premier League;2024;2024-2025
2926;Y. Tielemans;66;Aston Villa;Aston Villa;Midfielder;3032.0;high;True;False;69.9;52.1;83.5;78.4;76.0;83.2;73.0;83.9;77.4;1.7;79.1;;;Non disponible;Non disponible;;59.9;-4.0;En baisse;39;Premier League;2024;2024-2025
18746;M. Gibbs-White;65;Nottingham Forest;Nottingham Forest;Midfielder;2822.0;high;True;False;76.7;84.7;83.5;70.6;63.7;65.6;74.7;81.3;77.3;1.7;79.1;;;Non disponible;Non disponible;;45.2;6.7;En hausse;39;Premier League;2024;2024-2025
1946;L. Trossard;42;Arsenal;Arsenal;Attacker;2551.0;high;True;False;80.9;82.3;84.1;77.1;51.1;61.7;77.1;77.6;77.3;1.7;79.0;;;Non disponible;Non disponible;;65.8;15.0;En hausse;39;Premier League;2024;2024-2025
204039;D. Udogie;47;Tottenham;Tottenham;Defender;1933.0;high;True;False;53.0;66.6;67.7;64.7;80.9;85.9;78.3;75.6;77.2;1.7;78.9;;;Non disponible;Non disponible;;25.0;-2.7;Stable;39;Premier League;2024;2024-2025
270508;L. Ugochukwu;41;Southampton;Southampton / Chelsea;Midfielder;1663.0;high;True;False;56.3;81.6;80.7;89.9;90.9;85.3;82.5;69.1;77.2;1.7;78.8;;;Non disponible;Non disponible;;25.0;-2.7;Stable;39;Premier League;2024;2024-2025
19587;R. Manning;41;Southampton;Southampton;Defender;1470.0;high;True;False;53.5;87.3;77.3;65.3;75.7;81.4;77.8;75.7;77.0;1.7;78.7;;;Non disponible;Non disponible;;25.0;-2.7;Stable;39;Premier League;2024;2024-2025
2291;M. Kovačić;50;Manchester City;Manchester City;Midfielder;2207.0;high;True;False;75.8;68.2;74.2;79.0;71.3;74.3;73.4;82.3;77.0;1.7;78.6;;;Non disponible;Non disponible;;77.5;5.3;En hausse;39;Premier League;2024;2024-2025
153430;A. Elanga;65;Nottingham Forest;Nottingham Forest / Newcastle;Attacker;5019.0;high;True;False;85.4;86.8;86.5;62.5;46.0;62.0;77.2;76.4;76.9;1.6;78.5;;;Non disponible;Non disponible;;45.2;6.7;En hausse;39;Premier League;2024;2024-2025
36922;S. van den Berg;55;Brentford;Brentford / Liverpool;Defender;2588.0;high;True;False;52.3;53.2;48.5;63.6;89.6;78.8;77.9;75.1;76.8;1.6;78.4;;;Non disponible;Non disponible;;54.0;-15.0;En baisse;39;Premier League;2024;2024-2025
18883;D. Solanke;47;Tottenham;Tottenham / Bournemouth;Attacker;2205.0;high;True;False;89.0;74.5;81.9;63.7;66.1;73.0;79.4;73.0;76.8;1.6;78.4;;;Non disponible;Non disponible;;25.0;-2.7;Stable;39;Premier League;2024;2024-2025
18753;Adama Traoré;36;Fulham;Fulham;Attacker;1794.0;high;True;False;72.9;88.7;89.4;86.9;53.0;77.5;79.8;72.1;76.7;1.6;78.3;;;Non disponible;Non disponible;;42.3;4.0;En hausse;39;Premier League;2024;2024-2025
19170;M. Rogers;66;Aston Villa;Aston Villa;Attacker;3129.0;high;True;False;81.2;82.9;86.0;74.4;56.4;61.6;77.2;75.8;76.6;1.6;78.2;;;Non disponible;Non disponible;;59.9;-4.0;En baisse;39;Premier League;2024;2024-2025
2937;D. Rice;42;Arsenal;Arsenal;Midfielder;2833.0;high;True;False;71.4;87.8;78.4;63.1;67.2;59.9;72.3;83.0;76.6;1.6;78.2;;;Non disponible;Non disponible;;65.8;15.0;En hausse;39;Premier League;2024;2024-2025
20649;Y. Wissa;55;Brentford;Brentford;Attacker;2929.0;high;True;False;92.3;70.1;70.9;58.0;50.5;59.2;74.9;79.1;76.6;1.5;78.1;;;Non disponible;Non disponible;;54.0;-15.0;En baisse;39;Premier League;2024;2024-2025
383685;Y. Minteh;51;Brighton;Brighton / Newcastle;Attacker;1855.0;high;True;False;83.1;80.2;80.5;75.3;67.0;64.8;77.7;75.0;76.6;1.5;78.1;;;Non disponible;Non disponible;;80.4;5.3;En hausse;39;Premier League;2024;2024-2025
47519;Pedro Porro;47;Tottenham;Tottenham;Defender;2609.0;high;True;False;61.4;88.0;80.3;56.4;77.5;66.4;74.2;80.1;76.5;1.5;78.0;;;Non disponible;Non disponible;;25.0;-2.7;Stable;39;Premier League;2024;2024-2025
13736;D. Muñoz;52;Crystal Palace;Crystal Palace;Defender;3233.0;high;True;False;76.2;79.1;73.5;54.7;80.8;70.2;75.4;77.7;76.3;1.5;77.8;;;Non disponible;Non disponible;;62.8;2.7;Stable;39;Premier League;2024;2024-2025
284492;L. Hall;34;Newcastle;Newcastle / Chelsea;Defender;2192.0;high;True;False;44.7;67.2;75.1;71.9;75.5;71.9;72.8;81.5;76.2;1.5;77.7;;;Non disponible;Non disponible;;40.8;-15.0;En baisse;39;Premier League;2024;2024-2025
19245;M. Tavernier;35;Bournemouth;Bournemouth;Midfielder;1938.0;high;True;False;72.8;87.6;84.8;71.5;64.2;68.7;75.9;76.8;76.3;1.5;77.7;;;Non disponible;Non disponible;;52.6;1.3;Stable;39;Premier League;2024;2024-2025
336585;Mateus Fernandes;41;Southampton;Southampton;Midfielder;2922.0;high;True;False;73.9;73.2;77.4;78.2;78.1;82.4;77.2;74.8;76.2;1.4;77.6;;;Non disponible;Non disponible;;25.0;-2.7;Stable;39;Premier League;2024;2024-2025
152856;Evanilson;35;Bournemouth;Bournemouth;Attacker;2335.0;high;True;False;87.5;71.9;67.3;63.8;47.0;68.0;75.0;77.8;76.1;1.4;77.6;;;Non disponible;Non disponible;;52.6;1.3;Stable;39;Premier League;2024;2024-2025
161948;L. Delap;57;Ipswich;Ipswich / Manchester City;Attacker;2612.0;high;True;False;88.7;64.3;71.4;80.6;45.2;64.6;77.9;73.3;76.1;1.4;77.5;;;Non disponible;Non disponible;;25.0;-2.7;Stable;39;Premier League;2024;2024-2025
47547;Álex Moreno;65;Nottingham Forest;Nottingham Forest / Aston Villa;Defender;959.0;medium;True;False;53.4;78.8;79.0;73.8;90.1;70.7;81.3;68.4;76.1;1.4;77.5;;;Non disponible;Non disponible;;45.2;6.7;En hausse;39;Premier League;2024;2024-2025
356041;C. Baleba;51;Brighton;Brighton;Midfielder;2670.0;high;True;False;68.2;66.4;69.6;85.1;84.2;84.3;76.2;75.6;76.0;1.4;77.4;;;Non disponible;Non disponible;;80.4;5.3;En hausse;39;Premier League;2024;2024-2025
747;Casemiro;33;Manchester United;Manchester United;Midfielder;1513.0;high;True;False;67.3;77.4;63.2;61.5;83.3;86.3;73.3;79.9;75.9;1.4;77.3;;;Non disponible;Non disponible;;43.8;9.3;En hausse;39;Premier League;2024;2024-2025
2887;R. Jiménez;36;Fulham;Fulham;Attacker;2505.0;high;True;False;83.4;69.4;71.7;65.9;62.6;73.9;75.5;76.3;75.8;1.4;77.2;;;Non disponible;Non disponible;;42.3;4.0;En hausse;39;Premier League;2024;2024-2025
657;K. Tete;36;Fulham;Fulham;Defender;1779.0;high;True;False;48.0;55.9;62.7;71.0;83.9;73.9;75.2;76.7;75.8;1.3;77.2;;;Non disponible;Non disponible;;42.3;4.0;En hausse;39;Premier League;2024;2024-2025
2218;I. Sarr;52;Crystal Palace;Crystal Palace;Attacker;2719.0;high;True;False;85.0;83.0;80.2;55.5;52.8;63.6;74.9;77.2;75.8;1.3;77.1;;;Non disponible;Non disponible;;62.8;2.7;Stable;39;Premier League;2024;2024-2025
41621;Matheus Nunes;50;Manchester City;Manchester City;Midfielder;1682.0;high;True;False;67.9;75.7;79.4;76.6;68.5;65.4;73.0;80.1;75.8;1.3;77.1;;;Non disponible;Non disponible;;77.5;5.3;En hausse;39;Premier League;2024;2024-2025
129033;J. Gvardiol;50;Manchester City;Manchester City;Defender;3279.0;high;True;False;68.6;55.7;56.5;73.8;74.0;73.6;70.8;83.1;75.7;1.3;77.0;;;Non disponible;Non disponible;;77.5;5.3;En hausse;39;Premier League;2024;2024-2025
1485;Bruno Fernandes;33;Manchester United;Manchester United;Midfielder;3024.0;high;True;False;77.6;47.8;86.8;62.9;72.1;69.7;67.9;87.3;75.7;1.3;76.9;;;Non disponible;Non disponible;;43.8;9.3;En hausse;39;Premier League;2024;2024-2025
1096;D. Szoboszlai;40;Liverpool;Liverpool;Midfielder;2495.0;high;True;False;81.0;89.0;81.7;72.9;57.0;55.6;73.6;78.6;75.6;1.3;76.8;;;Non disponible;Non disponible;;36.4;-6.7;En baisse;39;Premier League;2024;2024-2025
195106;Rodrigo Muniz;36;Fulham;Fulham;Attacker;950.0;medium;True;False;85.9;64.5;69.2;66.6;65.3;82.9;77.5;72.6;75.6;1.2;76.8;;;Non disponible;Non disponible;;42.3;4.0;En hausse;39;Premier League;2024;2024-2025
1100;E. Haaland;50;Manchester City;Manchester City;Attacker;2741.0;high;True;False;92.9;71.4;66.9;53.8;42.3;47.6;71.7;81.1;75.4;1.2;76.7;;;Non disponible;Non disponible;;77.5;5.3;En hausse;39;Premier League;2024;2024-2025
30776;C. Romero;47;Tottenham;Tottenham;Defender;1421.0;high;True;False;71.9;77.4;54.1;58.8;76.3;78.3;74.8;76.6;75.5;1.2;76.7;;;Non disponible;Non disponible;;25.0;-2.7;Stable;39;Premier League;2024;2024-2025
31146;S. Tonali;34;Newcastle;Newcastle;Midfielder;2631.0;high;True;False;74.9;71.5;71.1;79.5;73.0;73.9;73.8;77.1;75.1;1.2;76.4;;;Non disponible;Non disponible;;40.8;-15.0;En baisse;39;Premier League;2024;2024-2025
19030;"M. O&apos;Riley";51;Brighton;Brighton;Midfielder;938.0;medium;True;False;75.1;85.6;79.9;76.6;69.7;65.8;76.2;73.5;75.1;1.3;76.4;;;Non disponible;Non disponible;;80.4;5.3;En hausse;39;Premier League;2024;2024-2025
19235;D. Spence;47;Tottenham;Tottenham;Defender;1788.0;high;True;False;63.3;60.1;70.3;79.5;80.3;80.7;77.0;72.1;75.0;1.2;76.3;;;Non disponible;Non disponible;;25.0;-2.7;Stable;39;Premier League;2024;2024-2025
19192;J. Ramsey;66;Aston Villa;Aston Villa / Newcastle;Midfielder;3259.0;high;True;False;60.2;76.8;80.3;88.6;64.3;78.2;76.0;73.3;74.9;1.2;76.2;;;Non disponible;Non disponible;;59.9;-4.0;En baisse;39;Premier League;2024;2024-2025
283;T. Alexander-Arnold;40;Liverpool;Liverpool;Defender;2377.0;high;True;False;64.0;90.2;80.0;62.4;75.3;55.1;70.9;81.2;75.0;1.2;76.2;;;Non disponible;Non disponible;;36.4;-6.7;En baisse;39;Premier League;2024;2024-2025
313236;E. Nwaneri;42;Arsenal;Arsenal;Midfielder;946.0;medium;True;False;84.8;79.5;79.6;84.2;59.6;65.5;75.4;74.1;74.9;1.2;76.1;;;Non disponible;Non disponible;;65.8;15.0;En hausse;39;Premier League;2024;2024-2025
19191;J.  McGinn;66;Aston Villa;Aston Villa;Midfielder;2247.0;high;True;False;57.2;77.7;78.8;82.7;62.2;81.8;74.7;74.9;74.8;1.2;76.0;;;Non disponible;Non disponible;;59.9;-4.0;En baisse;39;Premier League;2024;2024-2025
125743;Beto;45;Everton;Everton;Attacker;1529.0;high;True;False;87.8;65.0;64.3;75.8;59.3;74.3;77.5;70.8;74.8;1.2;76.0;;;Non disponible;Non disponible;;76.0;13.3;En hausse;39;Premier League;2024;2024-2025
135068;E. Agbadou;39;Wolves;Wolves;Defender;1411.0;high;True;False;62.3;78.0;53.3;75.9;73.0;70.2;72.5;78.2;74.8;1.2;76.0;;;Non disponible;Non disponible;;32.0;-4.0;En baisse;39;Premier League;2024;2024-2025
47311;Mikel Merino;42;Arsenal;Arsenal;Midfielder;1581.0;high;True;False;81.6;72.0;71.1;66.3;78.0;76.3;73.4;76.8;74.8;1.2;75.9;;;Non disponible;Non disponible;;65.8;15.0;En hausse;39;Premier League;2024;2024-2025
631;P. Foden;50;Manchester City;Manchester City;Midfielder;1786.0;high;True;False;79.3;89.8;79.8;62.6;49.6;58.2;70.5;80.8;74.6;1.2;75.8;;;Non disponible;Non disponible;;77.5;5.3;En hausse;39;Premier League;2024;2024-2025
92993;M. Wieffer;51;Brighton;Brighton;Midfielder;1045.0;medium;True;False;69.6;75.5;75.9;67.4;83.7;82.4;75.9;72.7;74.6;1.2;75.8;;;Non disponible;Non disponible;;80.4;5.3;En hausse;39;Premier League;2024;2024-2025
629;K. De Bruyne;50;Manchester City;Manchester City;Midfielder;1715.0;high;True;False;77.0;91.6;84.4;62.4;47.9;46.4;69.4;82.4;74.6;1.1;75.7;;;Non disponible;Non disponible;;77.5;5.3;En hausse;39;Premier League;2024;2024-2025
30435;D. Kulusevski;47;Tottenham;Tottenham;Midfielder;2390.0;high;True;False;83.8;92.8;85.8;61.4;63.7;58.4;74.9;73.8;74.4;1.1;75.6;;;Non disponible;Non disponible;;25.0;-2.7;Stable;39;Premier League;2024;2024-2025
129711;B. Johnson;47;Tottenham;Tottenham;Attacker;2178.0;high;True;False;82.4;68.2;70.8;66.1;55.4;60.2;72.4;77.5;74.4;1.1;75.6;;;Non disponible;Non disponible;;25.0;-2.7;Stable;39;Premier League;2024;2024-2025
25927;J. Mateta;52;Crystal Palace;Crystal Palace;Attacker;2658.0;high;True;False;90.4;71.8;69.3;64.2;47.0;54.3;74.2;74.4;74.3;1.1;75.4;;;Non disponible;Non disponible;;62.8;2.7;Stable;39;Premier League;2024;2024-2025
18947;M. Lemina;39;Wolves;Wolves;Midfielder;1363.0;high;True;False;65.0;64.0;69.3;75.4;85.2;78.4;72.9;76.5;74.3;1.1;75.4;;;Non disponible;Non disponible;;32.0;-4.0;En baisse;39;Premier League;2024;2024-2025
19733;F. Downes;41;Southampton;Southampton / West Ham;Midfielder;2156.0;high;True;False;66.4;76.9;67.1;73.2;92.0;83.8;77.0;69.9;74.2;1.1;75.3;;;Non disponible;Non disponible;;25.0;-2.7;Stable;39;Premier League;2024;2024-2025
894;A. Young;45;Everton;Everton;Defender;1868.0;high;True;False;68.9;76.2;72.1;60.0;76.2;74.0;74.1;73.7;74.0;1.1;75.1;;;Non disponible;Non disponible;;76.0;13.3;En hausse;39;Premier League;2024;2024-2025
169;K. Trippier;34;Newcastle;Newcastle;Defender;1310.0;medium;True;False;49.9;80.6;74.4;62.1;72.8;73.7;73.1;75.1;73.9;1.1;75.1;;;Non disponible;Non disponible;;40.8;-15.0;En baisse;39;Premier League;2024;2024-2025
49;T. Partey;42;Arsenal;Arsenal;Midfielder;2798.0;high;True;False;68.6;56.5;65.8;77.2;80.2;78.7;70.5;79.1;73.9;1.1;75.0;;;Non disponible;Non disponible;;65.8;15.0;En hausse;39;Premier League;2024;2024-2025
270510;M. Tel;47;Tottenham;Tottenham;Attacker;913.0;medium;True;False;80.3;76.4;75.9;63.9;61.2;65.3;73.6;74.3;73.9;1.1;75.0;;;Non disponible;Non disponible;;25.0;-2.7;Stable;39;Premier League;2024;2024-2025
5996;E. Fernández;49;Chelsea;Chelsea;Midfielder;2948.0;high;True;False;77.6;47.3;85.7;73.6;64.8;68.4;68.1;82.4;73.9;1.1;74.9;;;Non disponible;Non disponible;;73.1;8.0;En hausse;39;Premier League;2024;2024-2025
157052;R. Calafiori;42;Arsenal;Arsenal;Defender;984.0;medium;True;False;77.9;61.3;65.5;76.6;76.1;74.1;73.2;74.7;73.8;1.1;74.9;;;Non disponible;Non disponible;;65.8;15.0;En hausse;39;Premier League;2024;2024-2025
1646;Lucas Paquetá;48;West Ham;West Ham;Midfielder;2384.0;high;True;False;63.6;79.8;67.9;73.9;73.7;79.1;73.8;73.6;73.7;1.1;74.8;;;Non disponible;Non disponible;;58.4;1.3;Stable;39;Premier League;2024;2024-2025
269;C. Nkunku;49;Chelsea;Chelsea;Attacker;912.0;medium;True;False;83.0;76.5;76.7;65.6;64.0;63.6;74.8;72.2;73.8;1.1;74.8;;;Non disponible;Non disponible;;73.1;8.0;En hausse;39;Premier League;2024;2024-2025
19163;J. Murphy;34;Newcastle;Newcastle;Midfielder;2379.0;high;True;False;78.6;83.3;83.3;74.8;50.1;48.1;70.4;78.6;73.7;1.0;74.7;;;Non disponible;Non disponible;;40.8;-15.0;En baisse;39;Premier League;2024;2024-2025
2724;L. Digne;66;Aston Villa;Aston Villa;Defender;2358.0;high;True;False;50.9;80.1;72.8;62.1;72.6;72.3;72.5;75.4;73.7;1.0;74.7;;;Non disponible;Non disponible;;59.9;-4.0;En baisse;39;Premier League;2024;2024-2025
283058;N. Jackson;49;Chelsea;Chelsea;Attacker;2238.0;high;True;False;87.6;74.2;76.2;58.4;47.8;53.5;73.2;74.4;73.7;1.0;74.7;;;Non disponible;Non disponible;;73.1;8.0;En hausse;39;Premier League;2024;2024-2025
265820;Y. Ayari;51;Brighton;Brighton;Midfielder;1969.0;high;True;False;65.5;79.4;73.0;71.3;76.2;71.1;73.6;73.9;73.7;1.0;74.7;;;Non disponible;Non disponible;;80.4;5.3;En hausse;39;Premier League;2024;2024-2025
361497;D. Huijsen;35;Bournemouth;Bournemouth;Defender;2422.0;high;True;False;62.9;60.4;56.4;51.6;76.4;67.2;69.0;80.6;73.6;0.9;74.6;;;Non disponible;Non disponible;;52.6;1.3;Stable;39;Premier League;2024;2024-2025
340573;B. El Khannouss;46;Leicester;Leicester;Midfielder;2194.0;high;True;False;64.3;84.9;78.2;80.4;62.5;62.9;73.7;73.5;73.6;1.0;74.6;;;Non disponible;Non disponible;;51.1;1.3;Stable;39;Premier League;2024;2024-2025
2467;Lisandro Martínez;33;Manchester United;Manchester United;Defender;1754.0;high;True;False;71.4;73.6;58.0;70.9;74.5;62.5;70.3;78.6;73.6;1.0;74.6;;;Non disponible;Non disponible;;43.8;9.3;En hausse;39;Premier League;2024;2024-2025
116117;M. Caicedo;49;Chelsea;Chelsea;Midfielder;3356.0;high;True;False;51.3;49.3;69.5;74.4;82.9;85.6;68.8;80.7;73.6;0.9;74.5;;;Non disponible;Non disponible;;73.1;8.0;En hausse;39;Premier League;2024;2024-2025
636;Bernardo Silva;50;Manchester City;Manchester City;Midfielder;2671.0;high;True;False;75.5;61.6;79.5;70.8;66.6;62.6;68.9;80.7;73.6;0.9;74.5;;;Non disponible;Non disponible;;77.5;5.3;En hausse;39;Premier League;2024;2024-2025
1469;D. Welbeck;51;Brighton;Brighton;Attacker;2122.0;high;True;False;86.9;71.6;72.6;58.3;51.6;53.7;72.2;75.7;73.6;0.9;74.5;;;Non disponible;Non disponible;;80.4;5.3;En hausse;39;Premier League;2024;2024-2025
127769;Gabriel Martinelli;42;Arsenal;Arsenal;Attacker;2298.0;high;True;False;86.8;83.5;80.0;58.9;47.0;49.2;73.5;73.7;73.6;0.9;74.4;;;Non disponible;Non disponible;;65.8;15.0;En hausse;39;Premier League;2024;2024-2025
90590;G. Rutter;51;Brighton;Brighton;Attacker;1672.0;high;True;False;74.6;72.1;78.4;72.1;70.6;75.0;74.7;71.8;73.5;0.9;74.4;;;Non disponible;Non disponible;;80.4;5.3;En hausse;39;Premier League;2024;2024-2025
6610;M. Senesi;35;Bournemouth;Bournemouth;Defender;1118.0;medium;True;False;50.9;55.7;57.3;68.9;82.6;74.5;74.4;72.1;73.5;0.8;74.4;;;Non disponible;Non disponible;;52.6;1.3;Stable;39;Premier League;2024;2024-2025
67971;M. Guéhi;52;Crystal Palace;Crystal Palace;Defender;3060.0;high;True;False;73.4;50.5;59.2;71.4;73.8;76.2;70.6;77.8;73.5;0.8;74.3;;;Non disponible;Non disponible;;62.8;2.7;Stable;39;Premier League;2024;2024-2025
293;C. Jones;40;Liverpool;Liverpool;Midfielder;1735.0;high;True;False;80.7;74.1;74.4;76.0;66.9;70.3;73.4;73.3;73.3;0.8;74.2;;;Non disponible;Non disponible;;36.4;-6.7;En baisse;39;Premier League;2024;2024-2025
41606;Toti Gomes;39;Wolves;Wolves;Defender;2616.0;high;True;False;50.3;62.6;57.4;74.6;75.4;76.3;73.0;73.6;73.3;0.8;74.1;;;Non disponible;Non disponible;;32.0;-4.0;En baisse;39;Premier League;2024;2024-2025
537;J. Veltman;51;Brighton;Brighton;Defender;1699.0;high;True;False;50.6;51.5;54.2;63.0;76.8;84.4;73.2;73.4;73.3;0.8;74.1;;;Non disponible;Non disponible;;80.4;5.3;En hausse;39;Premier League;2024;2024-2025
180;O. Skipp;46;Leicester;Leicester / Tottenham;Midfielder;1121.0;medium;True;False;58.1;78.6;72.0;80.6;89.4;83.3;78.3;65.8;73.3;0.8;74.1;;;Non disponible;Non disponible;;51.1;1.3;Stable;39;Premier League;2024;2024-2025
106835;K. Mitoma;51;Brighton;Brighton;Midfielder;2610.0;high;True;False;86.7;77.8;78.3;65.4;62.1;62.2;71.5;75.6;73.2;0.8;74.0;;;Non disponible;Non disponible;;80.4;5.3;En hausse;39;Premier League;2024;2024-2025
19298;M. Cash;66;Aston Villa;Aston Villa;Defender;2077.0;high;True;False;66.5;56.4;62.9;73.9;75.8;75.5;72.4;74.5;73.2;0.8;74.0;;;Non disponible;Non disponible;;59.9;-4.0;En baisse;39;Premier League;2024;2024-2025
178077;K. Schade;55;Brentford;Brentford;Midfielder;2300.0;high;True;False;89.0;70.3;72.7;62.2;62.4;78.5;71.0;76.3;73.1;0.7;73.9;;;Non disponible;Non disponible;;54.0;-15.0;En baisse;39;Premier League;2024;2024-2025
978;K. Havertz;42;Arsenal;Arsenal;Attacker;1875.0;high;True;False;83.0;68.5;69.9;51.6;56.6;62.6;70.5;77.1;73.1;0.8;73.9;;;Non disponible;Non disponible;;65.8;15.0;En hausse;39;Premier League;2024;2024-2025
284324;A. Garnacho;33;Manchester United;Manchester United / Chelsea;Attacker;4391.0;high;True;False;85.3;83.8;78.8;59.7;53.1;55.7;74.1;71.5;73.1;0.7;73.8;;;Non disponible;Non disponible;;43.8;9.3;En hausse;39;Premier League;2024;2024-2025
18872;L. Cook;35;Bournemouth;Bournemouth;Midfielder;2978.0;high;True;False;56.4;82.1;69.5;69.2;76.6;61.8;70.9;76.1;73.0;0.7;73.7;;;Non disponible;Non disponible;;52.6;1.3;Stable;39;Premier League;2024;2024-2025
30407;C. Nørgaard;55;Brentford;Brentford;Midfielder;2829.0;high;True;False;78.7;59.9;62.9;65.8;83.4;75.3;69.7;77.8;72.9;0.7;73.7;;;Non disponible;Non disponible;;54.0;-15.0;En baisse;39;Premier League;2024;2024-2025
206254;M. Kerkez;35;Bournemouth;Bournemouth;Defender;3342.0;high;True;False;62.0;72.3;73.1;76.1;69.3;69.2;70.3;76.8;72.9;0.7;73.6;;;Non disponible;Non disponible;;52.6;1.3;Stable;39;Premier League;2024;2024-2025
18742;M. Doherty;39;Wolves;Wolves;Defender;2113.0;high;True;False;65.8;57.1;59.7;70.5;73.2;75.5;70.9;76.0;72.9;0.7;73.6;;;Non disponible;Non disponible;;32.0;-4.0;En baisse;39;Premier League;2024;2024-2025
19305;R. Yates;65;Nottingham Forest;Nottingham Forest;Midfielder;1905.0;high;True;False;68.0;69.3;68.1;76.7;79.1;83.2;74.0;71.2;72.9;0.7;73.6;;;Non disponible;Non disponible;;45.2;6.7;En hausse;39;Premier League;2024;2024-2025
290;V. van Dijk;40;Liverpool;Liverpool;Defender;3330.0;high;True;False;61.5;55.0;48.2;54.5;70.8;73.1;67.1;81.5;72.9;0.7;73.5;;;Non disponible;Non disponible;;36.4;-6.7;En baisse;39;Premier League;2024;2024-2025
2935;H. Maguire;33;Manchester United;Manchester United;Defender;1764.0;high;True;False;69.1;54.2;50.4;54.3;79.0;78.2;72.4;73.6;72.9;0.6;73.5;;;Non disponible;Non disponible;;43.8;9.3;En hausse;39;Premier League;2024;2024-2025
2165;V. Mykolenko;45;Everton;Everton;Defender;3084.0;high;True;False;46.9;65.7;62.6;59.0;73.7;73.7;70.8;75.7;72.8;0.6;73.4;;;Non disponible;Non disponible;;76.0;13.3;En hausse;39;Premier League;2024;2024-2025
127579;J. Greaves;57;Ipswich;Ipswich;Defender;2205.0;high;True;False;64.5;45.8;47.4;68.0;76.5;82.7;72.2;73.6;72.8;0.6;73.4;;;Non disponible;Non disponible;;25.0;-2.7;Stable;39;Premier League;2024;2024-2025
899;Andreas Pereira;36;Fulham;Fulham;Midfielder;2024.0;high;True;False;65.2;92.5;82.0;77.2;52.0;51.2;72.1;73.9;72.8;0.6;73.4;;;Non disponible;Non disponible;;42.3;4.0;En hausse;39;Premier League;2024;2024-2025
15911;M. Kudus;48;West Ham;West Ham;Midfielder;2604.0;high;True;False;76.9;73.5;78.7;78.7;56.6;72.3;72.7;72.6;72.7;0.6;73.3;;;Non disponible;Non disponible;;58.4;1.3;Stable;39;Premier League;2024;2024-2025
19789;E. Pinnock;55;Brentford;Brentford;Defender;1913.0;high;True;False;71.9;70.1;48.4;52.3;76.4;70.4;71.1;75.0;72.6;0.6;73.2;;;Non disponible;Non disponible;;54.0;-15.0;En baisse;39;Premier League;2024;2024-2025
20665;J. Bellegarde;39;Wolves;Wolves;Midfielder;1706.0;high;True;False;64.4;81.8;83.4;59.5;68.4;75.8;73.2;71.8;72.6;0.6;73.2;;;Non disponible;Non disponible;;32.0;-4.0;En baisse;39;Premier League;2024;2024-2025
22094;W. Fofana;49;Chelsea;Chelsea;Defender;1176.0;medium;True;False;50.2;81.0;59.6;78.1;70.1;72.9;72.5;72.9;72.6;0.6;73.2;;;Non disponible;Non disponible;;73.1;8.0;En hausse;39;Premier League;2024;2024-2025
19760;J. Justin;46;Leicester;Leicester;Defender;2920.0;high;True;False;67.3;53.5;59.6;57.6;79.3;80.7;73.6;70.9;72.5;0.5;73.1;;;Non disponible;Non disponible;;51.1;1.3;Stable;39;Premier League;2024;2024-2025
886;Diogo Dalot;33;Manchester United;Manchester United;Defender;2814.0;high;True;False;47.5;69.8;68.0;71.1;74.8;64.8;70.6;75.5;72.6;0.5;73.1;;;Non disponible;Non disponible;;43.8;9.3;En hausse;39;Premier League;2024;2024-2025
20995;M. Lacroix;52;Crystal Palace;Crystal Palace;Defender;3118.0;high;True;False;53.3;42.9;50.1;67.2;78.6;72.0;69.8;76.5;72.5;0.5;73.0;;;Non disponible;Non disponible;;62.8;2.7;Stable;39;Premier League;2024;2024-2025
19366;O. Watkins;66;Aston Villa;Aston Villa;Attacker;2610.0;high;True;False;91.2;69.5;72.8;49.4;46.7;49.7;71.5;74.0;72.5;0.5;73.0;;;Non disponible;Non disponible;;59.9;-4.0;En baisse;39;Premier League;2024;2024-2025
1145;I. Konaté;40;Liverpool;Liverpool;Defender;2565.0;high;True;False;56.0;64.8;54.4;59.6;67.4;76.6;68.4;78.6;72.5;0.5;73.0;;;Non disponible;Non disponible;;36.4;-6.7;En baisse;39;Premier League;2024;2024-2025
2999;J. Bednarek;41;Southampton;Southampton;Defender;2535.0;high;True;False;67.0;65.2;42.1;64.2;76.3;69.1;70.7;75.0;72.4;0.5;72.9;;;Non disponible;Non disponible;;25.0;-2.7;Stable;39;Premier League;2024;2024-2025
152969;L. Thomas;46;Leicester;Leicester;Defender;1113.0;medium;True;False;55.7;66.2;60.3;62.1;79.0;67.3;71.9;72.8;72.3;0.5;72.8;;;Non disponible;Non disponible;;51.1;1.3;Stable;39;Premier League;2024;2024-2025
347316;L. Bergvall;47;Tottenham;Tottenham;Midfielder;1202.0;medium;True;False;56.2;70.0;72.9;76.3;84.9;76.2;73.7;70.0;72.2;0.5;72.7;;;Non disponible;Non disponible;;25.0;-2.7;Stable;39;Premier League;2024;2024-2025
51494;M. Ugarte;33;Manchester United;Manchester United;Midfielder;1796.0;high;True;False;61.0;57.2;67.5;82.6;83.5;81.4;72.1;72.1;72.1;0.5;72.6;;;Non disponible;Non disponible;;43.8;9.3;En hausse;39;Premier League;2024;2024-2025
18778;H. Barnes;34;Newcastle;Newcastle;Midfielder;1766.0;high;True;False;85.7;78.4;79.7;66.9;51.5;56.0;69.3;76.4;72.2;0.5;72.6;;;Non disponible;Non disponible;;40.8;-15.0;En baisse;39;Premier League;2024;2024-2025
18931;C. Wood;65;Nottingham Forest;Nottingham Forest;Attacker;2978.0;high;True;False;91.1;63.4;61.3;51.7;46.4;50.5;69.6;75.7;72.1;0.4;72.5;;;Non disponible;Non disponible;;45.2;6.7;En hausse;39;Premier League;2024;2024-2025
38746;J. Timber;42;Arsenal;Arsenal;Defender;2423.0;high;True;False;63.8;62.4;68.7;71.3;69.7;74.8;70.1;75.0;72.1;0.5;72.5;;;Non disponible;Non disponible;;65.8;15.0;En hausse;39;Premier League;2024;2024-2025
182201;T. Mitchell;52;Crystal Palace;Crystal Palace;Defender;3102.0;high;True;False;44.8;75.8;72.3;62.9;70.5;70.8;70.5;74.2;72.0;0.4;72.4;;;Non disponible;Non disponible;;62.8;2.7;Stable;39;Premier League;2024;2024-2025
158710;V. Kristiansen;46;Leicester;Leicester;Defender;2490.0;high;True;False;42.5;62.8;60.6;58.9;83.3;68.1;73.3;69.9;71.9;0.4;72.4;;;Non disponible;Non disponible;;51.1;1.3;Stable;39;Premier League;2024;2024-2025
38695;J. van Hecke;51;Brighton;Brighton;Defender;2961.0;high;True;False;58.2;59.5;55.3;60.2;68.9;74.8;68.0;77.7;71.9;0.4;72.3;;;Non disponible;Non disponible;;80.4;5.3;En hausse;39;Premier League;2024;2024-2025
22224;Gabriel Magalhães;42;Arsenal;Arsenal;Defender;2366.0;high;True;False;64.2;68.2;57.6;67.3;63.5;69.7;65.9;80.8;71.9;0.4;72.3;;;Non disponible;Non disponible;;65.8;15.0;En hausse;39;Premier League;2024;2024-2025
2032;J. Strand Larsen;39;Wolves;Wolves;Attacker;2601.0;high;True;False;91.5;65.4;65.7;55.3;46.3;46.8;70.6;73.5;71.8;0.4;72.2;;;Non disponible;Non disponible;;32.0;-4.0;En baisse;39;Premier League;2024;2024-2025
1445;K. Mavropanos;48;West Ham;West Ham;Defender;2038.0;high;True;False;53.2;45.6;49.5;71.1;79.1;78.0;72.3;70.8;71.7;0.4;72.1;;;Non disponible;Non disponible;;58.4;1.3;Stable;39;Premier League;2024;2024-2025
288102;A. Wharton;52;Crystal Palace;Crystal Palace;Midfielder;1336.0;medium;True;False;62.1;84.2;73.6;52.1;72.8;64.9;69.5;75.2;71.8;0.4;72.1;;;Non disponible;Non disponible;;62.8;2.7;Stable;39;Premier League;2024;2024-2025
51617;D. Núñez;40;Liverpool;Liverpool;Attacker;1119.0;medium;True;False;81.3;71.0;72.6;61.4;60.9;61.7;72.0;71.3;71.7;0.3;72.1;;;Non disponible;Non disponible;;36.4;-6.7;En baisse;39;Premier League;2024;2024-2025
542;R. Gravenberch;40;Liverpool;Liverpool;Midfielder;3168.0;high;True;False;47.0;51.7;72.2;76.1;77.9;79.3;67.9;77.4;71.7;0.3;72.0;;;Non disponible;Non disponible;;36.4;-6.7;En baisse;39;Premier League;2024;2024-2025
237129;P. Sarr;47;Tottenham;Tottenham;Midfielder;1915.0;high;True;False;74.0;66.9;69.1;62.1;81.2;76.4;71.0;72.6;71.6;0.3;72.0;;;Non disponible;Non disponible;;25.0;-2.7;Stable;39;Premier League;2024;2024-2025
19495;N. Collins;55;Brentford;Brentford;Defender;3420.0;high;True;False;61.8;36.9;53.9;57.2;71.4;77.8;66.6;79.2;71.6;0.3;71.9;;;Non disponible;Non disponible;;54.0;-15.0;En baisse;39;Premier League;2024;2024-2025
532;M. de Ligt;33;Manchester United;Manchester United;Defender;2128.0;high;True;False;73.9;65.6;45.2;56.4;73.7;71.3;69.7;74.1;71.4;0.3;71.8;;;Non disponible;Non disponible;;43.8;9.3;En hausse;39;Premier League;2024;2024-2025
304317;T. Dibling;41;Southampton;Southampton;Midfielder;1872.0;high;True;False;69.7;71.2;69.6;80.9;67.1;75.9;72.5;69.7;71.4;0.3;71.7;;;Non disponible;Non disponible;;25.0;-2.7;Stable;39;Premier League;2024;2024-2025
18870;D. Brooks;35;Bournemouth;Bournemouth;Midfielder;949.0;medium;True;False;79.6;85.2;74.1;65.2;63.0;65.9;72.4;69.9;71.4;0.3;71.7;;;Non disponible;Non disponible;;52.6;1.3;Stable;39;Premier League;2024;2024-2025
164;B. Davies;47;Tottenham;Tottenham;Defender;1330.0;medium;True;False;53.3;77.0;48.6;63.1;71.4;69.7;70.2;73.2;71.4;0.3;71.6;;;Non disponible;Non disponible;;25.0;-2.7;Stable;39;Premier League;2024;2024-2025
363695;Murillo;65;Nottingham Forest;Nottingham Forest;Defender;3191.0;high;True;False;58.5;50.6;48.7;75.3;71.3;63.0;65.7;79.7;71.3;0.3;71.5;;;Non disponible;Non disponible;;45.2;6.7;En hausse;39;Premier League;2024;2024-2025
284428;O. Hutchinson;57;Ipswich;Ipswich / Chelsea;Attacker;2594.0;high;True;False;79.1;73.9;75.8;70.7;55.6;61.4;73.3;68.1;71.2;0.3;71.5;;;Non disponible;Non disponible;;25.0;-2.7;Stable;39;Premier League;2024;2024-2025
723;Joelinton;34;Newcastle;Newcastle;Midfielder;2404.0;high;True;False;72.3;70.2;70.9;57.5;74.2;70.5;69.0;74.6;71.2;0.3;71.5;;;Non disponible;Non disponible;;40.8;-15.0;En baisse;39;Premier League;2024;2024-2025
22090;W. Saliba;42;Arsenal;Arsenal;Defender;3042.0;high;True;False;63.6;62.0;44.5;69.4;68.4;72.8;68.0;75.9;71.2;0.2;71.4;;;Non disponible;Non disponible;;65.8;15.0;En hausse;39;Premier League;2024;2024-2025
19545;R. James;49;Chelsea;Chelsea;Defender;1063.0;medium;True;False;66.1;70.4;69.1;69.0;67.2;70.3;68.7;75.0;71.2;0.2;71.4;;;Non disponible;Non disponible;;73.1;8.0;En hausse;39;Premier League;2024;2024-2025
2990;I. Gueye;45;Everton;Everton;Midfielder;3070.0;high;True;False;43.8;58.6;65.0;67.1;84.9;83.5;68.0;75.6;71.1;0.2;71.3;;;Non disponible;Non disponible;;76.0;13.3;En hausse;39;Premier League;2024;2024-2025
37127;M. Ødegaard;42;Arsenal;Arsenal;Midfielder;2331.0;high;True;False;77.1;64.9;85.8;64.9;43.7;48.2;63.8;81.8;71.0;0.2;71.2;;;Non disponible;Non disponible;;65.8;15.0;En hausse;39;Premier League;2024;2024-2025
19136;J. Clarke;57;Ipswich;Ipswich;Attacker;1186.0;medium;True;False;54.7;86.6;86.9;84.6;68.6;77.1;71.7;70.1;71.0;0.2;71.2;;;Non disponible;Non disponible;;25.0;-2.7;Stable;39;Premier League;2024;2024-2025
17597;"D. O&apos;Shea";57;Ipswich;Ipswich;Defender;3123.0;high;True;False;38.1;35.3;47.3;54.7;75.4;78.6;67.8;75.7;71.0;0.2;71.1;;;Non disponible;Non disponible;;25.0;-2.7;Stable;39;Premier League;2024;2024-2025
19145;T. Adarabioyo;49;Chelsea;Chelsea / Fulham;Defender;1403.0;high;True;False;59.7;73.4;54.3;69.3;64.7;73.3;68.2;74.9;70.9;0.2;71.1;;;Non disponible;Non disponible;;73.1;8.0;En hausse;39;Premier League;2024;2024-2025
195103;João Gomes;39;Wolves;Wolves;Midfielder;2987.0;high;True;False;61.1;64.4;66.7;74.8;75.3;72.9;69.5;72.9;70.9;0.2;71.0;;;Non disponible;Non disponible;;32.0;-4.0;En baisse;39;Premier League;2024;2024-2025
138816;I. Maatsen;66;Aston Villa;Aston Villa;Defender;1164.0;medium;True;False;66.7;81.9;77.3;65.6;70.0;65.3;70.2;71.8;70.8;0.1;71.0;;;Non disponible;Non disponible;;59.9;-4.0;En baisse;39;Premier League;2024;2024-2025
879;S. Mavididi;46;Leicester;Leicester;Attacker;1615.0;high;True;False;73.3;78.2;75.6;68.6;66.9;62.8;71.3;69.7;70.7;0.1;70.8;;;Non disponible;Non disponible;;51.1;1.3;Stable;39;Premier League;2024;2024-2025
313245;M. Lewis-Skelly;42;Arsenal;Arsenal;Defender;1370.0;high;True;False;65.0;59.3;62.8;78.6;63.2;87.3;70.4;71.1;70.7;0.2;70.8;;;Non disponible;Non disponible;;65.8;15.0;En hausse;39;Premier League;2024;2024-2025
1463;J. Willock;34;Newcastle;Newcastle;Midfielder;1075.0;medium;True;False;56.9;84.4;79.5;65.3;71.9;63.4;72.0;68.6;70.7;0.1;70.8;;;Non disponible;Non disponible;;40.8;-15.0;En baisse;39;Premier League;2024;2024-2025
18786;W. Ndidi;46;Leicester;Leicester;Midfielder;2336.0;high;True;False;55.1;63.1;68.7;58.3;85.9;73.7;67.9;74.7;70.6;0.1;70.7;;;Non disponible;Non disponible;;51.1;1.3;Stable;39;Premier League;2024;2024-2025
983;L. Bailey;66;Aston Villa;Aston Villa;Attacker;1151.0;medium;True;False;69.6;75.1;78.4;74.7;50.8;60.6;70.5;70.7;70.6;0.1;70.7;;;Non disponible;Non disponible;;59.9;-4.0;En baisse;39;Premier League;2024;2024-2025
152953;L. Colwill;49;Chelsea;Chelsea;Defender;3150.0;high;True;False;56.2;58.3;52.9;59.2;70.1;69.7;66.8;76.1;70.5;0.1;70.6;;;Non disponible;Non disponible;;73.1;8.0;En hausse;39;Premier League;2024;2024-2025
158694;T. Livramento;34;Newcastle;Newcastle;Defender;2842.0;high;True;False;49.8;69.2;67.7;72.8;68.0;68.9;68.6;73.3;70.5;0.1;70.6;;;Non disponible;Non disponible;;40.8;-15.0;En baisse;39;Premier League;2024;2024-2025
2823;S. Lukić;36;Fulham;Fulham;Midfielder;2356.0;high;True;False;47.9;72.6;67.4;69.8;75.7;64.3;68.0;74.0;70.4;0.1;70.5;;;Non disponible;Non disponible;;42.3;4.0;En hausse;39;Premier League;2024;2024-2025
19179;T. Mings;66;Aston Villa;Aston Villa;Defender;1121.0;medium;True;False;52.2;79.2;53.4;66.9;61.6;69.8;66.4;76.6;70.4;0.1;70.5;;;Non disponible;Non disponible;;59.9;-4.0;En baisse;39;Premier League;2024;2024-2025
265784;André;39;Wolves;Wolves;Midfielder;2495.0;high;True;False;41.5;62.7;58.1;75.0;81.3;78.7;67.5;74.5;70.3;0.0;70.4;;;Non disponible;Non disponible;;32.0;-4.0;En baisse;39;Premier League;2024;2024-2025
2920;T. Castagne;36;Fulham;Fulham;Defender;1651.0;high;True;False;58.6;56.8;57.9;59.2;77.0;67.3;69.4;71.9;70.4;0.0;70.4;;;Non disponible;Non disponible;;42.3;4.0;En hausse;39;Premier League;2024;2024-2025
1150;T. Adams;35;Bournemouth;Bournemouth;Midfielder;1965.0;high;True;False;58.0;68.9;66.8;50.4;85.6;78.7;68.4;73.0;70.2;0.0;70.3;;;Non disponible;Non disponible;;52.6;1.3;Stable;39;Premier League;2024;2024-2025
106725;K. Lewis-Potter;55;Brentford;Brentford;Attacker;3102.0;high;True;False;69.7;66.8;70.2;65.3;63.7;65.3;68.0;73.3;70.1;0.0;70.2;;;Non disponible;Non disponible;;54.0;-15.0;En baisse;39;Premier League;2024;2024-2025
18788;J. Vardy;46;Leicester;Leicester;Attacker;2840.0;high;True;False;83.3;60.8;64.1;64.2;44.9;54.9;69.7;70.6;70.1;0.0;70.1;;;Non disponible;Non disponible;;51.1;1.3;Stable;39;Premier League;2024;2024-2025
19825;J. Aribo;41;Southampton;Southampton;Midfielder;2014.0;high;True;False;74.8;65.2;62.4;69.6;75.6;75.6;69.8;70.2;69.9;0.0;70.0;;;Non disponible;Non disponible;;25.0;-2.7;Stable;39;Premier League;2024;2024-2025
19130;K. Phillips;57;Ipswich;Ipswich / Manchester City / West Ham;Midfielder;1239.0;medium;True;False;59.6;65.8;65.4;69.7;91.1;76.1;71.7;67.5;70.0;0.0;70.0;;;Non disponible;Non disponible;;25.0;-2.7;Stable;39;Premier League;2024;2024-2025
18744;M. Kilman;48;West Ham;West Ham / Wolves;Defender;3349.0;high;True;False;43.2;40.0;54.9;67.8;70.8;74.2;66.4;75.1;69.9;0.0;69.9;;;Non disponible;Non disponible;;58.4;1.3;Stable;39;Premier League;2024;2024-2025
19119;L. Davis;57;Ipswich;Ipswich;Defender;2746.0;high;True;False;50.5;89.2;74.6;58.5;65.0;68.4;68.9;71.3;69.9;-0.0;69.9;;;Non disponible;Non disponible;;25.0;-2.7;Stable;39;Premier League;2024;2024-2025
24882;O. Mangala;45;Everton;Everton / Nottingham Forest;Midfielder;1262.0;medium;True;False;68.0;61.6;63.0;78.9;67.3;63.3;66.8;74.5;69.9;-0.0;69.9;;;Non disponible;Non disponible;;76.0;13.3;En hausse;39;Premier League;2024;2024-2025
2678;Diogo Jota;40;Liverpool;Liverpool;Attacker;1194.0;medium;True;False;78.1;68.7;74.1;60.6;58.2;58.4;70.1;69.4;69.8;-0.0;69.8;;;Non disponible;Non disponible;;36.4;-6.7;En baisse;39;Premier League;2024;2024-2025
47380;Marc Cucurella;49;Chelsea;Chelsea;Defender;2990.0;high;True;False;77.7;50.6;57.1;50.0;71.8;66.2;65.2;76.7;69.8;-0.1;69.7;;;Non disponible;Non disponible;;73.1;8.0;En hausse;39;Premier League;2024;2024-2025
1243;T. Souček;48;West Ham;West Ham;Midfielder;2572.0;high;True;False;75.8;57.4;58.0;60.5;73.7;76.0;65.5;76.3;69.8;-0.1;69.7;;;Non disponible;Non disponible;;58.4;1.3;Stable;39;Premier League;2024;2024-2025
1231;V. Coufal;48;West Ham;West Ham;Defender;1062.0;medium;True;False;60.0;64.8;62.4;63.1;73.9;73.2;71.1;67.8;69.8;-0.1;69.7;;;Non disponible;Non disponible;;58.4;1.3;Stable;39;Premier League;2024;2024-2025
1904;B. Kamara;66;Aston Villa;Aston Villa;Midfielder;1735.0;high;True;False;63.7;60.2;59.4;69.5;77.6;77.8;67.7;72.9;69.7;-0.1;69.6;;;Non disponible;Non disponible;;59.9;-4.0;En baisse;39;Premier League;2024;2024-2025
2771;O. Aina;65;Nottingham Forest;Nottingham Forest;Defender;3002.0;high;True;False;54.7;55.2;62.4;77.7;69.4;66.8;67.0;73.5;69.6;-0.1;69.5;;;Non disponible;Non disponible;;45.2;6.7;En hausse;39;Premier League;2024;2024-2025
18766;D. Calvert-Lewin;45;Everton;Everton;Attacker;1629.0;high;True;False;77.9;55.5;62.5;63.7;57.7;72.7;70.2;68.7;69.6;-0.1;69.5;;;Non disponible;Non disponible;;76.0;13.3;En hausse;39;Premier League;2024;2024-2025
161907;M. Gusto;49;Chelsea;Chelsea;Defender;1855.0;high;True;False;53.6;72.9;65.3;50.6;73.3;60.6;67.5;72.5;69.5;-0.1;69.4;;;Non disponible;Non disponible;;73.1;8.0;En hausse;39;Premier League;2024;2024-2025
301771;S. Adingra;51;Brighton;Brighton;Attacker;1090.0;medium;True;False;72.8;75.9;76.3;66.6;63.8;59.6;70.1;68.6;69.5;-0.1;69.4;;;Non disponible;Non disponible;;80.4;5.3;En hausse;39;Premier League;2024;2024-2025
18961;D. Burn;34;Newcastle;Newcastle;Defender;3330.0;high;True;False;57.0;47.0;46.8;56.6;68.3;74.8;65.4;75.5;69.4;-0.1;69.3;;;Non disponible;Non disponible;;40.8;-15.0;En baisse;39;Premier League;2024;2024-2025
161671;I. Zabarnyi;35;Bournemouth;Bournemouth;Defender;3112.0;high;True;False;36.7;49.9;50.8;64.2;71.9;67.1;65.9;74.7;69.4;-0.2;69.3;;;Non disponible;Non disponible;;52.6;1.3;Stable;39;Premier League;2024;2024-2025
130;Nélson Semedo;39;Wolves;Wolves;Defender;2891.0;high;True;False;57.4;67.8;71.8;72.2;69.4;65.5;68.3;71.0;69.3;-0.2;69.2;;;Non disponible;Non disponible;;32.0;-4.0;En baisse;39;Premier League;2024;2024-2025
6056;N. Domínguez;65;Nottingham Forest;Nottingham Forest;Midfielder;1970.0;high;True;False;61.1;61.5;59.7;56.6;85.6;76.5;66.6;73.5;69.3;-0.2;69.2;;;Non disponible;Non disponible;;45.2;6.7;En hausse;39;Premier League;2024;2024-2025
17661;J. Branthwaite;45;Everton;Everton;Defender;2510.0;high;True;False;51.4;36.8;47.6;59.1;70.1;71.9;64.2;77.1;69.3;-0.2;69.1;;;Non disponible;Non disponible;;76.0;13.3;En hausse;39;Premier League;2024;2024-2025
19558;Sam Morsy;57;Ipswich;Ipswich;Midfielder;2755.0;high;True;False;55.4;67.9;65.4;76.6;73.0;65.1;68.2;70.6;69.2;-0.2;69.0;;;Non disponible;Non disponible;;25.0;-2.7;Stable;39;Premier League;2024;2024-2025
30427;C. Okoli;46;Leicester;Leicester;Defender;1122.0;medium;True;False;66.9;44.9;50.4;62.1;77.0;69.0;68.2;70.6;69.2;-0.2;69.0;;;Non disponible;Non disponible;;51.1;1.3;Stable;39;Premier League;2024;2024-2025
18943;J. Vestergaard;46;Leicester;Leicester;Defender;1395.0;high;True;False;62.1;73.4;49.8;69.6;70.4;64.1;68.4;70.4;69.2;-0.2;68.9;;;Non disponible;Non disponible;;51.1;1.3;Stable;39;Premier League;2024;2024-2025
925;Gonçalo Guedes;39;Wolves;Wolves;Attacker;985.0;medium;True;False;73.8;75.2;79.2;64.2;59.3;61.7;70.9;66.4;69.1;-0.2;68.9;;;Non disponible;Non disponible;;32.0;-4.0;En baisse;39;Premier League;2024;2024-2025
152967;C. Bassey;36;Fulham;Fulham;Defender;3074.0;high;True;False;58.8;56.9;43.9;69.5;66.3;73.4;66.4;73.0;69.1;-0.3;68.8;;;Non disponible;Non disponible;;42.3;4.0;En hausse;39;Premier League;2024;2024-2025
895;J. Garner;45;Everton;Everton;Midfielder;1595.0;high;True;False;57.3;66.1;64.6;55.9;76.1;68.2;65.2;74.7;69.0;-0.3;68.7;;;Non disponible;Non disponible;;76.0;13.3;En hausse;39;Premier League;2024;2024-2025
863;R. Bentancur;47;Tottenham;Tottenham;Midfielder;1654.0;high;True;False;69.8;59.8;56.7;68.0;80.2;63.4;65.7;73.7;68.9;-0.3;68.6;;;Non disponible;Non disponible;;25.0;-2.7;Stable;39;Premier League;2024;2024-2025
2817;N. Milenković;65;Nottingham Forest;Nottingham Forest;Defender;3330.0;high;True;False;64.5;44.5;48.0;53.6;66.7;68.3;62.4;78.5;68.9;-0.3;68.5;;;Non disponible;Non disponible;;45.2;6.7;En hausse;39;Premier League;2024;2024-2025
15797;J. Cajuste;57;Ipswich;Ipswich;Midfielder;1978.0;high;True;False;52.1;60.9;66.5;80.6;76.0;66.7;68.0;69.8;68.7;-0.3;68.4;;;Non disponible;Non disponible;;25.0;-2.7;Stable;39;Premier League;2024;2024-2025
284322;K. Mainoo;33;Manchester United;Manchester United;Midfielder;1656.0;high;True;False;52.0;67.3;64.7;71.3;74.7;69.3;67.6;70.2;68.6;-0.3;68.3;;;Non disponible;Non disponible;;43.8;9.3;En hausse;39;Premier League;2024;2024-2025
70747;J. Enciso;57;Ipswich;Ipswich / Brighton;Midfielder;1164.0;medium;True;False;83.2;67.7;67.0;78.8;45.3;60.2;66.2;72.2;68.6;-0.4;68.2;;;Non disponible;Non disponible;;25.0;-2.7;Stable;39;Premier League;2024;2024-2025
3080;M. Munetsi;39;Wolves;Wolves;Midfielder;1079.0;medium;True;False;73.1;67.0;65.1;56.0;66.3;69.6;65.6;73.0;68.5;-0.4;68.2;;;Non disponible;Non disponible;;32.0;-4.0;En baisse;39;Premier League;2024;2024-2025
137302;C. Archer;41;Southampton;Southampton / Aston Villa;Attacker;1430.0;high;True;False;78.2;62.6;66.1;71.2;63.2;66.6;71.6;63.8;68.5;-0.4;68.1;;;Non disponible;Non disponible;;25.0;-2.7;Stable;39;Premier League;2024;2024-2025
2284;Emerson;48;West Ham;West Ham;Defender;2132.0;high;True;False;71.4;64.1;62.2;54.0;73.2;64.9;67.8;69.5;68.5;-0.4;68.0;;;Non disponible;Non disponible;;58.4;1.3;Stable;39;Premier League;2024;2024-2025
162498;R. Drăgușin;47;Tottenham;Tottenham;Defender;1253.0;medium;True;False;52.5;76.4;53.5;70.4;67.1;68.0;68.4;68.4;68.4;-0.4;67.9;;;Non disponible;Non disponible;;25.0;-2.7;Stable;39;Premier League;2024;2024-2025
152849;M. van de Ven;47;Tottenham;Tottenham;Defender;1018.0;medium;True;False;60.2;83.8;61.5;66.9;65.5;61.3;66.9;70.6;68.4;-0.5;67.9;;;Non disponible;Non disponible;;25.0;-2.7;Stable;39;Premier League;2024;2024-2025
171;K. Walker-Peters;41;Southampton;Southampton;Defender;2922.0;high;True;False;54.2;59.4;71.2;73.1;64.7;69.2;65.9;71.8;68.3;-0.5;67.8;;;Non disponible;Non disponible;;25.0;-2.7;Stable;39;Premier League;2024;2024-2025
263538;Y. Yarmolyuk;55;Brentford;Brentford;Midfielder;1441.0;high;True;False;56.7;60.3;60.1;71.7;78.6;68.3;66.3;71.5;68.3;-0.5;67.8;;;Non disponible;Non disponible;;54.0;-15.0;En baisse;39;Premier League;2024;2024-2025
2601;D. Kamada;52;Crystal Palace;Crystal Palace;Midfielder;1593.0;high;True;False;56.6;74.0;63.6;61.7;74.7;63.8;66.7;70.5;68.2;-0.5;67.7;;;Non disponible;Non disponible;;62.8;2.7;Stable;39;Premier League;2024;2024-2025
19354;E. Konsa;66;Aston Villa;Aston Villa;Defender;2937.0;high;True;False;66.3;59.0;45.7;65.4;60.7;74.4;64.2;74.3;68.2;-0.6;67.6;;;Non disponible;Non disponible;;59.9;-4.0;En baisse;39;Premier League;2024;2024-2025
2869;E. Álvarez;48;West Ham;West Ham;Midfielder;1783.0;high;True;False;47.6;62.0;64.9;68.8;77.0;71.8;66.3;70.7;68.1;-0.6;67.5;;;Non disponible;Non disponible;;58.4;1.3;Stable;39;Premier League;2024;2024-2025
15884;J. Lindstrøm;45;Everton;Everton;Midfielder;1241.0;medium;True;False;65.5;77.9;71.1;54.1;75.4;59.0;67.9;68.4;68.1;-0.6;67.5;;;Non disponible;Non disponible;;76.0;13.3;En hausse;39;Premier League;2024;2024-2025
19959;B. White;42;Arsenal;Arsenal;Defender;1213.0;medium;True;False;58.5;66.7;68.6;51.7;68.9;53.4;62.9;75.4;67.9;-0.6;67.3;;;Non disponible;Non disponible;;65.8;15.0;En hausse;39;Premier League;2024;2024-2025
138;J. Todibo;48;West Ham;West Ham;Defender;1855.0;high;True;False;43.2;38.8;46.3;65.6;77.5;66.8;66.9;68.8;67.7;-0.6;67.1;;;Non disponible;Non disponible;;58.4;1.3;Stable;39;Premier League;2024;2024-2025
17579;S. Szmodics;57;Ipswich;Ipswich;Attacker;1001.0;medium;True;False;84.1;57.5;57.7;59.7;59.7;50.7;67.3;68.1;67.6;-0.6;67.0;;;Non disponible;Non disponible;;25.0;-2.7;Stable;39;Premier League;2024;2024-2025
284230;R. Lewis;50;Manchester City;Manchester City;Defender;1897.0;high;True;False;56.7;51.7;62.2;64.0;62.9;69.7;63.2;74.0;67.5;-0.6;66.9;;;Non disponible;Non disponible;;77.5;5.3;En hausse;39;Premier League;2024;2024-2025
126949;C. Richards;52;Crystal Palace;Crystal Palace;Defender;1925.0;high;True;False;70.1;37.8;41.4;44.5;74.7;67.3;64.1;72.7;67.5;-0.7;66.8;;;Non disponible;Non disponible;;62.8;2.7;Stable;39;Premier League;2024;2024-2025
199837;K. Sulemana;41;Southampton;Southampton;Attacker;1405.0;high;True;False;70.3;63.2;69.7;67.2;64.0;60.7;67.4;67.6;67.5;-0.7;66.8;;;Non disponible;Non disponible;;25.0;-2.7;Stable;39;Premier League;2024;2024-2025
70100;J. Zirkzee;33;Manchester United;Manchester United;Attacker;1406.0;high;True;False;79.2;67.6;67.5;56.4;56.8;52.9;67.6;67.3;67.5;-0.7;66.7;;;Non disponible;Non disponible;;43.8;9.3;En hausse;39;Premier League;2024;2024-2025
2490;J. Lerma;52;Crystal Palace;Crystal Palace;Midfielder;2290.0;high;True;False;56.0;53.0;58.7;69.5;76.0;71.9;64.0;72.2;67.3;-0.7;66.6;;;Non disponible;Non disponible;;62.8;2.7;Stable;39;Premier League;2024;2024-2025
2806;F. Schär;34;Newcastle;Newcastle;Defender;2937.0;high;True;False;67.6;54.0;41.7;66.3;69.6;52.7;61.7;75.2;67.1;-0.7;66.4;;;Non disponible;Non disponible;;40.8;-15.0;En baisse;39;Premier League;2024;2024-2025
18940;J. Stephens;41;Southampton;Southampton;Defender;1393.0;high;True;False;65.6;74.9;48.8;62.0;70.3;54.5;65.3;69.8;67.1;-0.7;66.4;;;Non disponible;Non disponible;;25.0;-2.7;Stable;39;Premier League;2024;2024-2025
1934;S. Berge;36;Fulham;Fulham;Midfielder;2232.0;high;True;False;51.1;65.6;56.1;70.7;69.3;62.4;63.5;72.2;67.0;-0.8;66.3;;;Non disponible;Non disponible;;42.3;4.0;En hausse;39;Premier League;2024;2024-2025
20457;C. Burgess;57;Ipswich;Ipswich;Defender;1540.0;high;True;False;56.6;54.5;60.1;43.4;65.7;67.2;62.5;73.7;67.0;-0.8;66.2;;;Non disponible;Non disponible;;25.0;-2.7;Stable;39;Premier League;2024;2024-2025
18805;A. Doucouré;45;Everton;Everton;Midfielder;2577.0;high;True;False;73.0;71.1;67.2;68.4;59.8;45.0;64.3;70.7;66.8;-0.8;66.0;;;Non disponible;Non disponible;;76.0;13.3;En hausse;39;Premier League;2024;2024-2025
567;Rúben Dias;50;Manchester City;Manchester City;Defender;2273.0;high;True;False;56.3;70.9;42.3;58.2;58.8;53.4;58.5;79.1;66.7;-0.8;65.9;;;Non disponible;Non disponible;;77.5;5.3;En hausse;39;Premier League;2024;2024-2025
22233;B. Soumaré;46;Leicester;Leicester;Midfielder;2171.0;high;True;False;42.7;54.9;57.7;82.7;71.2;72.2;64.6;69.5;66.6;-0.8;65.8;;;Non disponible;Non disponible;;51.1;1.3;Stable;39;Premier League;2024;2024-2025
32887;Y. Sugawara;41;Southampton;Southampton;Defender;1564.0;high;True;False;71.7;72.4;67.4;63.0;65.6;58.7;64.6;69.5;66.6;-0.9;65.7;;;Non disponible;Non disponible;;25.0;-2.7;Stable;39;Premier League;2024;2024-2025
930;Carlos Soler;48;West Ham;West Ham;Midfielder;1403.0;high;True;False;71.7;73.1;69.6;65.9;58.6;55.0;65.9;67.6;66.6;-0.8;65.7;;;Non disponible;Non disponible;;58.4;1.3;Stable;39;Premier League;2024;2024-2025
15745;M. Roerslev;55;Brentford;Brentford;Defender;1096.0;medium;True;False;59.7;73.7;72.8;64.9;61.4;60.8;63.6;70.7;66.4;-0.9;65.6;;;Non disponible;Non disponible;;54.0;-15.0;En baisse;39;Premier League;2024;2024-2025
2476;G. Rodríguez;48;West Ham;West Ham;Midfielder;1172.0;medium;True;False;53.3;52.5;59.0;68.0;77.9;72.0;63.8;70.3;66.4;-0.9;65.5;;;Non disponible;Non disponible;;58.4;1.3;Stable;39;Premier League;2024;2024-2025
61431;J. Kiwior;42;Arsenal;Arsenal;Defender;1132.0;medium;True;False;66.4;55.4;54.3;62.2;64.6;60.1;61.6;73.5;66.4;-0.9;65.5;;;Non disponible;Non disponible;;65.8;15.0;En hausse;39;Premier League;2024;2024-2025
2934;M. Keane;45;Everton;Everton;Defender;1046.0;medium;True;False;74.8;47.8;50.1;44.9;68.9;56.5;60.2;75.7;66.4;-1.0;65.4;;;Non disponible;Non disponible;;76.0;13.3;En hausse;39;Premier League;2024;2024-2025
182;H. Winks;46;Leicester;Leicester;Midfielder;1539.0;high;True;False;59.2;72.0;66.9;54.5;60.2;56.3;62.3;72.1;66.2;-0.9;65.3;;;Non disponible;Non disponible;;51.1;1.3;Stable;39;Premier League;2024;2024-2025
18963;L. Dunk;51;Brighton;Brighton;Defender;2083.0;high;True;False;51.4;70.8;47.0;61.3;59.5;64.6;62.2;72.2;66.2;-1.0;65.2;;;Non disponible;Non disponible;;80.4;5.3;En hausse;39;Premier League;2024;2024-2025
19719;J. Bree;41;Southampton;Southampton;Defender;1076.0;medium;True;False;60.7;67.1;64.5;66.5;64.9;61.7;64.5;68.8;66.2;-1.0;65.2;;;Non disponible;Non disponible;;25.0;-2.7;Stable;39;Premier League;2024;2024-2025
627;K. Walker;50;Manchester City;Manchester City;Defender;973.0;medium;True;False;63.4;80.0;59.1;66.1;60.6;60.7;63.8;69.7;66.2;-1.0;65.1;;;Non disponible;Non disponible;;77.5;5.3;En hausse;39;Premier League;2024;2024-2025
305730;J. Hinshelwood;51;Brighton;Brighton;Midfielder;1854.0;high;True;False;81.7;69.0;62.8;45.7;58.2;53.1;60.7;73.8;66.0;-1.1;64.9;;;Non disponible;Non disponible;;80.4;5.3;En hausse;39;Premier League;2024;2024-2025
144729;T. Harwood-Bellis;41;Southampton;Southampton / Manchester City;Defender;2828.0;high;True;False;66.8;59.8;45.7;61.8;65.1;56.1;61.1;73.2;65.9;-1.1;64.8;;;Non disponible;Non disponible;;25.0;-2.7;Stable;39;Premier League;2024;2024-2025
19147;C. Dawson;39;Wolves;Wolves;Defender;967.0;medium;True;False;56.8;49.5;51.8;55.9;69.4;68.2;64.6;67.9;65.9;-1.2;64.7;;;Non disponible;Non disponible;;32.0;-4.0;En baisse;39;Premier League;2024;2024-2025
18823;B. Johnson;57;Ipswich;Ipswich / West Ham;Defender;1366.0;high;True;False;68.8;68.3;67.7;56.6;73.2;58.6;67.0;64.2;65.9;-1.3;64.6;;;Non disponible;Non disponible;;25.0;-2.7;Stable;39;Premier League;2024;2024-2025
342970;L. Yoro;33;Manchester United;Manchester United;Defender;1169.0;medium;True;False;56.3;46.2;49.0;56.7;72.7;62.4;64.1;68.5;65.8;-1.3;64.5;;;Non disponible;Non disponible;;43.8;9.3;En hausse;39;Premier League;2024;2024-2025
270139;"J. O&apos;Brien";45;Everton;Everton;Defender;1569.0;high;True;False;71.8;52.4;51.1;56.0;59.6;65.7;59.8;73.9;65.5;-1.3;64.1;;;Non disponible;Non disponible;;76.0;13.3;En hausse;39;Premier League;2024;2024-2025
18968;Y. Bissouma;47;Tottenham;Tottenham;Midfielder;1407.0;high;True;False;72.1;54.1;56.8;56.7;79.4;70.8;63.7;67.9;65.4;-1.4;64.0;;;Non disponible;Non disponible;;25.0;-2.7;Stable;39;Premier League;2024;2024-2025
8694;W. Faes;46;Leicester;Leicester;Defender;2811.0;high;True;False;47.7;55.4;40.2;64.7;66.2;57.2;61.2;71.6;65.3;-1.4;63.9;;;Non disponible;Non disponible;;51.1;1.3;Stable;39;Premier League;2024;2024-2025
19484;A. Armstrong;41;Southampton;Southampton;Attacker;1254.0;medium;True;False;74.3;63.7;65.9;58.7;48.7;43.7;63.7;67.1;65.1;-1.5;63.6;;;Non disponible;Non disponible;;25.0;-2.7;Stable;39;Premier League;2024;2024-2025
135334;S. Bueno;39;Wolves;Wolves;Defender;1716.0;high;True;False;58.2;39.3;43.1;44.4;73.5;63.6;62.7;68.5;65.0;-1.5;63.5;;;Non disponible;Non disponible;;32.0;-4.0;En baisse;39;Premier League;2024;2024-2025
19128;J. Harrison;45;Everton;Everton;Attacker;2084.0;high;True;False;62.2;81.2;68.8;60.6;57.0;52.3;62.5;68.5;64.9;-1.6;63.3;;;Non disponible;Non disponible;;76.0;13.3;En hausse;39;Premier League;2024;2024-2025
19182;A. Tuanzebe;57;Ipswich;Ipswich;Defender;1717.0;high;True;False;46.9;48.1;54.9;55.6;70.9;65.8;64.4;65.5;64.8;-1.6;63.2;;;Non disponible;Non disponible;;25.0;-2.7;Stable;39;Premier League;2024;2024-2025
20089;W. Burns;57;Ipswich;Ipswich;Attacker;933.0;medium;True;False;57.2;70.8;70.8;63.8;64.9;59.9;62.1;68.9;64.8;-1.7;63.2;;;Non disponible;Non disponible;;25.0;-2.7;Stable;39;Premier League;2024;2024-2025
7600;Igor;51;Brighton;Brighton;Defender;967.0;medium;True;False;54.8;82.1;55.0;74.4;57.3;56.3;61.8;69.4;64.8;-1.8;63.1;;;Non disponible;Non disponible;;80.4;5.3;En hausse;39;Premier League;2024;2024-2025
1119;K. Ajer;55;Brentford;Brentford;Defender;1460.0;high;True;False;61.3;57.6;55.5;58.5;65.4;60.4;62.1;68.5;64.7;-1.8;62.8;;;Non disponible;Non disponible;;54.0;-15.0;En baisse;39;Premier League;2024;2024-2025
288006;R. Højlund;33;Manchester United;Manchester United;Attacker;2022.0;high;True;False;77.0;65.1;58.9;52.4;41.2;48.4;63.4;66.4;64.6;-1.9;62.7;;;Non disponible;Non disponible;;43.8;9.3;En hausse;39;Premier League;2024;2024-2025
18814;I. Diop;36;Fulham;Fulham;Defender;1357.0;high;True;False;59.0;47.4;48.7;55.8;65.2;63.8;61.0;69.6;64.4;-2.0;62.4;;;Non disponible;Non disponible;;42.3;4.0;En hausse;39;Premier League;2024;2024-2025
25073;V. Janelt;55;Brentford;Brentford;Midfielder;2287.0;high;True;False;60.2;60.6;60.6;48.9;65.4;56.6;58.7;72.5;64.2;-2.1;62.1;;;Non disponible;Non disponible;;54.0;-15.0;En baisse;39;Premier League;2024;2024-2025
5;M. Akanji;50;Manchester City;Manchester City;Defender;2020.0;high;True;False;47.0;70.8;48.4;63.0;52.9;51.5;55.6;76.0;63.8;-2.1;61.7;;;Non disponible;Non disponible;;77.5;5.3;En hausse;39;Premier League;2024;2024-2025
67943;Morato;65;Nottingham Forest;Nottingham Forest;Defender;922.0;medium;True;False;62.2;46.0;50.7;64.5;69.2;55.4;61.2;67.4;63.7;-2.2;61.5;;;Non disponible;Non disponible;;45.2;6.7;En hausse;39;Premier League;2024;2024-2025
46815;Pau Torres;66;Aston Villa;Aston Villa;Defender;2020.0;high;True;False;57.7;69.0;48.1;75.0;55.6;54.5;58.5;69.6;63.0;-2.2;60.8;;;Non disponible;Non disponible;;59.9;-4.0;En baisse;39;Premier League;2024;2024-2025
18869;A. Smith;35;Bournemouth;Bournemouth;Defender;1597.0;high;True;False;48.1;57.9;55.2;60.1;62.6;55.5;59.4;66.7;62.3;-2.1;60.2;;;Non disponible;Non disponible;;52.6;1.3;Stable;39;Premier League;2024;2024-2025
289;A. Robertson;40;Liverpool;Liverpool;Defender;2492.0;high;True;False;46.1;62.1;66.1;53.4;57.3;47.7;55.2;72.4;62.1;-2.2;59.9;;;Non disponible;Non disponible;;36.4;-6.7;En baisse;39;Premier League;2024;2024-2025
17714;L. Woolfenden;57;Ipswich;Ipswich;Defender;1185.0;medium;True;False;52.9;44.2;47.4;42.4;65.8;52.8;56.7;70.1;62.1;-2.3;59.8;;;Non disponible;Non disponible;;25.0;-2.7;Stable;39;Premier League;2024;2024-2025
889;V. Lindelöf;66;Aston Villa;Aston Villa / Manchester United;Defender;1418.0;high;True;False;53.1;53.8;51.0;39.3;63.0;53.3;56.7;68.8;61.5;-2.3;59.2;;;Non disponible;Non disponible;;59.9;-4.0;En baisse;39;Premier League;2024;2024-2025
18741;C. Coady;46;Leicester;Leicester;Defender;1714.0;high;True;False;66.7;71.0;42.6;55.8;59.3;46.0;56.7;66.0;60.4;-2.2;58.2;;;Non disponible;Non disponible;;51.1;1.3;Stable;39;Premier League;2024;2024-2025
3428;J. Ayew;46;Leicester;Leicester / Crystal Palace;Attacker;1662.0;high;True;False;62.5;41.4;43.6;38.3;39.6;47.8;50.8;61.0;54.9;-1.2;53.7;;;Non disponible;Non disponible;;51.1;1.3;Stable;39;Premier League;2024;2024-2025
2729;J. Andersen;36;Fulham;Fulham / Crystal Palace;Defender;2674.0;high;True;False;54.1;87.9;37.4;64.8;35.7;46.5;48.5;61.0;53.5;-1.0;52.5;;;Non disponible;Non disponible;;42.3;4.0;En hausse;39;Premier League;2024;2024-2025
